dataset_name,suite_name,traj_name,config_name,scheduler_kind,num_steps,cfg_weight,tts_budget,tts_topk,tts_verifier,latency_ms,latency_std_ms,mse_vs_baseline,verifier_score_mean,diversity,path_length_mean,endpoint_norm_mean,forward_progress_mean,lateral_abs_mean,smoothness_mean
go_stanford,short,no9vc_56_0,ddpm10_cfg0.0_tts0,ddpm,10,0.0,0,0,heuristic,56.860205666680486,37.061318037877804,0.0,8.83194637298584,0.6455733776092529,8.082541465759277,9.183297157287598,8.974026679992676,1.5088645219802856,0.0793609693646431
go_stanford,short,no9vc_56_0,ddim10_cfg0.0_tts0,ddim,10,0.0,0,0,heuristic,31.53219233335373,0.2717193651901998,0.21074849367141724,8.351476669311523,0.7431252002716064,8.071552276611328,9.118941307067871,8.708788871765137,2.112879514694214,0.08985158801078796
go_stanford,short,no9vc_56_0,ddim10_cfg0.0_tts8,ddim,10,0.0,8,4,heuristic,33.19159199998012,1.7416297721086689,0.05946854501962662,9.600040435791016,0.47573134303092957,8.522953987121582,9.681822776794434,9.590012550354004,1.0775524377822876,0.06898850202560425
go_stanford,short,no9vc_56_0,ddim10_cfg0.0_tts16,ddim,10,0.0,16,4,heuristic,65.57785100001941,1.8645475099164064,0.2607026696205139,10.260225296020508,0.24467521905899048,8.96353816986084,10.221787452697754,10.165454864501953,0.8511956334114075,0.043081432580947876
go_stanford,short,no9vc_56_0,ddim10_cfg0.0_tts32,ddim,10,0.0,32,4,heuristic,124.46031166666671,0.5208519042544112,0.24838481843471527,10.30978775024414,0.2534775137901306,8.960294723510742,10.22646713256836,10.184597969055176,0.7651659846305847,0.0430886410176754
go_stanford,short,no9vc_56_0,ddim10_cfg0.5_tts0,ddim,10,0.5,0,0,heuristic,59.48912700000619,1.0011962905952076,0.13988150656223297,8.84411907196045,0.7472773790359497,8.433462142944336,9.54410171508789,9.186789512634277,2.0758843421936035,0.08291973918676376
go_stanford,short,no9vc_56_0,ddim10_cfg0.5_tts8,ddim,10,0.5,8,4,heuristic,60.483403666618564,1.4089355656123628,0.17656487226486206,10.07526969909668,0.2892574965953827,8.755850791931152,10.007338523864746,9.9619779586792,0.8003637790679932,0.04430918022990227
go_stanford,short,no9vc_56_0,ddim10_cfg0.5_tts16,ddim,10,0.5,16,4,heuristic,118.57941866666503,0.6285958147878493,0.26050177216529846,10.437973022460938,0.19835864007472992,8.963349342346191,10.228219985961914,10.208627700805664,0.46744656562805176,0.04292227327823639
go_stanford,short,no9vc_56_0,ddim10_cfg0.5_tts32,ddim,10,0.5,32,4,heuristic,237.61043266669427,1.550617983263508,0.31554973125457764,10.622639656066895,0.15593530237674713,9.064756393432617,10.345967292785645,10.336875915527344,0.3085162937641144,0.03815580531954765
go_stanford,short,no9vc_56_0,ddim10_cfg1.0_tts0,ddim,10,1.0,0,0,heuristic,61.42037066668612,3.102358623985027,0.21022212505340576,8.911613464355469,0.5961288213729858,8.299275398254395,9.408988952636719,9.13655948638916,1.7453455924987793,0.07338883727788925
go_stanford,short,no9vc_56_0,ddim10_cfg1.0_tts8,ddim,10,1.0,8,4,heuristic,59.62263666666937,0.5674355846432583,0.19224217534065247,10.053862571716309,0.32454997301101685,8.75363826751709,10.005447387695312,9.945886611938477,0.8156907558441162,0.04384669288992882
go_stanford,short,no9vc_56_0,ddim10_cfg1.0_tts16,ddim,10,1.0,16,4,heuristic,118.25538200002939,0.7764801064398804,0.3987105190753937,10.679916381835938,0.17845332622528076,9.214872360229492,10.49681282043457,10.476166725158691,0.5327008962631226,0.056646812707185745
go_stanford,short,no9vc_56_0,ddim10_cfg1.0_tts32,ddim,10,1.0,32,4,heuristic,238.40462033335066,3.824983049082158,0.3772575855255127,10.713546752929688,0.16803118586540222,9.191838264465332,10.490816116333008,10.47782039642334,0.45206451416015625,0.03673342987895012
go_stanford,short,no9vc_56_0,ddim10_cfg2.0_tts0,ddim,10,2.0,0,0,heuristic,60.35488766663851,1.6360747323953455,0.6402967572212219,9.467902183532715,0.605223536491394,8.94931411743164,10.137356758117676,9.798837661743164,2.0450236797332764,0.07681860774755478
go_stanford,short,no9vc_56_0,ddim10_cfg2.0_tts8,ddim,10,2.0,8,4,heuristic,62.1748783332805,4.974314066147502,0.5145498514175415,10.745524406433105,0.2714676260948181,9.415579795837402,10.720551490783691,10.65407943725586,0.8538150191307068,0.054849062114953995
go_stanford,short,no9vc_56_0,ddim10_cfg2.0_tts16,ddim,10,2.0,16,4,heuristic,121.18610433337078,1.859372154175781,0.46969088912010193,10.696941375732422,0.17981821298599243,9.286381721496582,10.61096477508545,10.576018333435059,0.7825787663459778,0.033987823873758316
go_stanford,short,no9vc_56_0,ddim10_cfg2.0_tts32,ddim,10,2.0,32,4,heuristic,225.3328716666753,3.5437795880985896,0.4819185137748718,10.877067565917969,0.15564772486686707,9.32702922821045,10.648491859436035,10.634343147277832,0.42935457825660706,0.043920282274484634
go_stanford,short,no9vc_56_0,ddim5_cfg0.0_tts0,ddim,5,0.0,0,0,heuristic,14.831254000000627,0.07853956494122451,0.007986988872289658,8.478425025939941,0.8021156787872314,8.090365409851074,9.14384937286377,8.79511547088623,1.9977537393569946,0.0920194759964943
go_stanford,short,no9vc_56_0,ddim5_cfg0.0_tts8,ddim,5,0.0,8,4,heuristic,15.570398333352387,1.0976733019858538,0.1441357433795929,9.74142074584961,0.409721314907074,8.596576690673828,9.778070449829102,9.68810749053955,0.964293897151947,0.04899795353412628
go_stanford,short,no9vc_56_0,ddim5_cfg0.0_tts16,ddim,5,0.0,16,4,heuristic,29.20232266668184,0.3869737084283988,0.18083766102790833,10.062814712524414,0.24197854101657867,8.733498573303223,9.958808898925781,9.921451568603516,0.7099210619926453,0.062057822942733765
go_stanford,short,no9vc_56_0,ddim5_cfg0.0_tts32,ddim,5,0.0,32,4,heuristic,59.075026999986825,0.7321325207435637,0.25881069898605347,10.279004096984863,0.23023900389671326,8.884849548339844,10.133875846862793,10.0985746383667,0.6008275747299194,0.05658397078514099
go_stanford,short,no9vc_56_0,ddim5_cfg0.5_tts0,ddim,5,0.5,0,0,heuristic,28.597474999969563,0.7159720069095058,0.06460876017808914,9.013397216796875,0.5821524858474731,8.18232250213623,9.291178703308105,9.099202156066895,1.3494364023208618,0.07416804879903793
go_stanford,short,no9vc_56_0,ddim5_cfg0.5_tts8,ddim,5,0.5,8,4,heuristic,28.329872333301864,0.28598440544114795,0.10722190886735916,9.879534721374512,0.3057977557182312,8.572949409484863,9.794631004333496,9.749531745910645,0.7510199546813965,0.04693186283111572
go_stanford,short,no9vc_56_0,ddim5_cfg0.5_tts16,ddim,5,0.5,16,4,heuristic,55.725979333336305,0.06881653611555674,0.21890099346637726,10.280259132385254,0.2408261001110077,8.882246017456055,10.13672161102295,10.10232925415039,0.6105339527130127,0.05219615623354912
go_stanford,short,no9vc_56_0,ddim5_cfg0.5_tts32,ddim,5,0.5,32,4,heuristic,113.81878933336036,3.5010577042610396,0.32958781719207764,10.627071380615234,0.20274174213409424,9.117277145385742,10.4129056930542,10.392678260803223,0.4582829177379608,0.032980095595121384
go_stanford,short,no9vc_56_0,ddim5_cfg1.0_tts0,ddim,5,1.0,0,0,heuristic,28.197322333312513,0.5059266346299826,0.1930587887763977,9.60505199432373,0.546886682510376,8.63923168182373,9.825435638427734,9.67474365234375,1.3091422319412231,0.06363017112016678
go_stanford,short,no9vc_56_0,ddim5_cfg1.0_tts8,ddim,5,1.0,8,4,heuristic,28.95294133338666,0.4691275611717432,0.3015085458755493,10.362122535705566,0.25963401794433594,9.044991493225098,10.323445320129395,10.263585090637207,0.8367571830749512,0.053916338831186295
go_stanford,short,no9vc_56_0,ddim5_cfg1.0_tts16,ddim,5,1.0,16,4,heuristic,57.45928533337974,2.3398323609000915,0.32356584072113037,10.551017761230469,0.24766938388347626,9.099861145019531,10.388920783996582,10.361260414123535,0.5827077627182007,0.039195042103528976
go_stanford,short,no9vc_56_0,ddim5_cfg1.0_tts32,ddim,5,1.0,32,4,heuristic,111.85574633335212,0.9983958773403614,0.35989606380462646,10.598414421081543,0.1864754855632782,9.14108657836914,10.44060230255127,10.415989875793457,0.6034447550773621,0.04087091237306595
go_stanford,short,no9vc_56_0,ddim5_cfg2.0_tts0,ddim,5,2.0,0,0,heuristic,28.29305533335476,0.42543107055573154,0.5522661805152893,9.966475486755371,0.3919108510017395,9.087700843811035,10.349984169006348,10.15834903717041,1.6599817276000977,0.0637231394648552
go_stanford,short,no9vc_56_0,ddim5_cfg2.0_tts8,ddim,5,2.0,8,4,heuristic,28.227390999973068,0.4167815304979694,0.40281257033348083,10.663664817810059,0.2612270712852478,9.232464790344238,10.528409004211426,10.491637229919434,0.6259370446205139,0.05352388322353363
go_stanford,short,no9vc_56_0,ddim5_cfg2.0_tts16,ddim,5,2.0,16,4,heuristic,60.666031666642084,5.642312500691459,0.5199593901634216,10.84123706817627,0.17600557208061218,9.367502212524414,10.69302749633789,10.663220405578613,0.6159542202949524,0.03951195627450943
go_stanford,short,no9vc_56_0,ddim5_cfg2.0_tts32,ddim,5,2.0,32,4,heuristic,111.9639636666913,0.08273955851279105,0.5153635740280151,10.921919822692871,0.13012853264808655,9.360190391540527,10.687352180480957,10.672080993652344,0.4069758355617523,0.04899121820926666
go_stanford,short,no9vc_56_0,ddim3_cfg0.0_tts0,ddim,3,0.0,0,0,heuristic,9.507879333341407,0.15164484810416518,0.014107519760727882,8.9916353225708,0.5664818286895752,8.149642944335938,9.241642951965332,9.083043098449707,1.3577767610549927,0.08849770575761795
go_stanford,short,no9vc_56_0,ddim3_cfg0.0_tts8,ddim,3,0.0,8,4,heuristic,9.72991966667299,0.09018105591885618,0.08378976583480835,9.759742736816406,0.4189993739128113,8.62876033782959,9.82215404510498,9.732564926147461,1.0382879972457886,0.05221875384449959
go_stanford,short,no9vc_56_0,ddim3_cfg0.0_tts16,ddim,3,0.0,16,4,heuristic,18.861091333330176,0.5629576581454246,0.17620328068733215,10.091965675354004,0.31590723991394043,8.836122512817383,10.073399543762207,10.018392562866211,0.9090887904167175,0.04860486462712288
go_stanford,short,no9vc_56_0,ddim3_cfg0.0_tts32,ddim,3,0.0,32,4,heuristic,38.397342333344874,1.9581963858549214,0.22872114181518555,10.393391609191895,0.2455582171678543,8.956786155700684,10.195116996765137,10.177422523498535,0.49497461318969727,0.06107014790177345
go_stanford,short,no9vc_56_0,ddim3_cfg0.5_tts0,ddim,3,0.5,0,0,heuristic,17.34885199997886,0.08044798920057239,0.03152015060186386,9.246445655822754,0.6096884608268738,8.33437442779541,9.494301795959473,9.329955101013184,1.347126841545105,0.07292737811803818
go_stanford,short,no9vc_56_0,ddim3_cfg0.5_tts8,ddim,3,0.5,8,4,heuristic,17.27242000000236,0.23774418890118515,0.1613617241382599,10.09176254272461,0.3076850175857544,8.73845100402832,9.975948333740234,9.935301780700684,0.6719099879264832,0.05291282758116722
go_stanford,short,no9vc_56_0,ddim3_cfg0.5_tts16,ddim,3,0.5,16,4,heuristic,34.33451833336676,0.19024519265669348,0.29997098445892334,10.431035041809082,0.29398614168167114,9.096789360046387,10.368611335754395,10.324284553527832,0.8150971531867981,0.04613557830452919
go_stanford,short,no9vc_56_0,ddim3_cfg0.5_tts32,ddim,3,0.5,32,4,heuristic,69.50626666665964,0.33596943699038034,0.3649665117263794,10.679442405700684,0.18085993826389313,9.150541305541992,10.456097602844238,10.442607879638672,0.45027604699134827,0.03687324747443199
go_stanford,short,no9vc_56_0,ddim3_cfg1.0_tts0,ddim,3,1.0,0,0,heuristic,17.173511000009967,0.10929542557441498,0.09102564305067062,9.575345039367676,0.4741770327091217,8.498244285583496,9.690621376037598,9.581873893737793,1.1328703165054321,0.06119687482714653
go_stanford,short,no9vc_56_0,ddim3_cfg1.0_tts8,ddim,3,1.0,8,4,heuristic,17.863729999968808,0.5201406223033241,0.2237624228000641,10.214211463928223,0.2910965085029602,8.874707221984863,10.112458229064941,10.076635360717773,0.7230066657066345,0.05461053177714348
go_stanford,short,no9vc_56_0,ddim3_cfg1.0_tts16,ddim,3,1.0,16,4,heuristic,34.732451000005916,0.5438421841635198,0.30174702405929565,10.475799560546875,0.23482255637645721,9.047574996948242,10.319708824157715,10.297210693359375,0.6083068251609802,0.05138863995671272
go_stanford,short,no9vc_56_0,ddim3_cfg1.0_tts32,ddim,3,1.0,32,4,heuristic,67.87450800000745,0.7293662786081453,0.3948522210121155,10.661742210388184,0.1976594775915146,9.20881175994873,10.49445915222168,10.469010353088379,0.5655826926231384,0.05470353737473488
go_stanford,short,no9vc_56_0,ddim3_cfg2.0_tts0,ddim,3,2.0,0,0,heuristic,16.994842999982513,0.24324617425686543,0.3238869309425354,9.900348663330078,0.4969961643218994,8.99121379852295,10.227858543395996,10.045445442199707,1.5271574258804321,0.058661770075559616
go_stanford,short,no9vc_56_0,ddim3_cfg2.0_tts8,ddim,3,2.0,8,4,heuristic,17.688316333343817,0.3924899592363217,0.4295710325241089,10.679877281188965,0.2316644936800003,9.22824478149414,10.536293983459473,10.506430625915527,0.622718334197998,0.054817140102386475
go_stanford,short,no9vc_56_0,ddim3_cfg2.0_tts16,ddim,3,2.0,16,4,heuristic,35.269389333317726,0.937631988260211,0.5795265436172485,10.827316284179688,0.18461540341377258,9.41832160949707,10.751193046569824,10.713007926940918,0.7967665791511536,0.042264413088560104
go_stanford,short,no9vc_56_0,ddim3_cfg2.0_tts32,ddim,3,2.0,32,4,heuristic,73.03804733332224,3.59678857688859,0.5257560014724731,10.86999225616455,0.1727309674024582,9.393929481506348,10.718100547790527,10.694812774658203,0.6209888458251953,0.045425135642290115
go_stanford,short,no9vc_56_0,ddim2_cfg0.0_tts0,ddim,2,0.0,0,0,heuristic,6.98516733333084,0.5559321891011821,0.0015531321987509727,8.914795875549316,0.6017288565635681,8.047256469726562,9.118785858154297,8.960431098937988,1.226498007774353,0.08671030402183533
go_stanford,short,no9vc_56_0,ddim2_cfg0.0_tts8,ddim,2,0.0,8,4,heuristic,6.9510523333822976,0.07320953562070123,0.09020447731018066,9.686051368713379,0.41571876406669617,8.451911926269531,9.650299072265625,9.582059860229492,0.8164377808570862,0.06725198775529861
go_stanford,short,no9vc_56_0,ddim2_cfg0.0_tts16,ddim,2,0.0,16,4,heuristic,13.217933666624049,0.2827824516517927,0.20270507037639618,10.149825096130371,0.2769451141357422,8.869898796081543,10.121938705444336,10.068378448486328,0.8868287205696106,0.050682131201028824
go_stanford,short,no9vc_56_0,ddim2_cfg0.0_tts32,ddim,2,0.0,32,4,heuristic,25.940615333335398,0.9638053615939681,0.2841460108757019,10.461980819702148,0.22445744276046753,9.043767929077148,10.300158500671387,10.276408195495605,0.5853635668754578,0.05451567843556404
go_stanford,short,no9vc_56_0,ddim2_cfg0.5_tts0,ddim,2,0.5,0,0,heuristic,12.233252000025155,0.6140489827688681,0.021455068141222,9.072083473205566,0.7067786455154419,8.345499992370605,9.439166069030762,9.206705093383789,1.4747756719589233,0.09263826161623001
go_stanford,short,no9vc_56_0,ddim2_cfg0.5_tts8,ddim,2,0.5,8,4,heuristic,12.028399000011328,0.16938661451567624,0.16344228386878967,9.984509468078613,0.357298880815506,8.780157089233398,10.006994247436523,9.924370765686035,0.9424793124198914,0.05970679596066475
go_stanford,short,no9vc_56_0,ddim2_cfg0.5_tts16,ddim,2,0.5,16,4,heuristic,23.399281666684146,0.04925282860897522,0.21709999442100525,10.343297004699707,0.1803344488143921,8.851909637451172,10.113509178161621,10.099034309387207,0.42506590485572815,0.04575309529900551
go_stanford,short,no9vc_56_0,ddim2_cfg0.5_tts32,ddim,2,0.5,32,4,heuristic,50.50397800001368,4.488247825610466,0.4467583894729614,10.76854419708252,0.18090346455574036,9.305839538574219,10.604395866394043,10.582743644714355,0.5849862694740295,0.055422525852918625
go_stanford,short,no9vc_56_0,ddim2_cfg1.0_tts0,ddim,2,1.0,0,0,heuristic,12.00414599998112,0.3210853436059547,0.0780443400144577,9.558023452758789,0.5380972027778625,8.401103019714355,9.587288856506348,9.509418487548828,0.977209746837616,0.059536051005125046
go_stanford,short,no9vc_56_0,ddim2_cfg1.0_tts8,ddim,2,1.0,8,4,heuristic,12.322128333304741,0.6757040506247913,0.16796600818634033,9.922391891479492,0.5209560394287109,8.880478858947754,10.08564281463623,9.953936576843262,1.194055438041687,0.0748026892542839
go_stanford,short,no9vc_56_0,ddim2_cfg1.0_tts16,ddim,2,1.0,16,4,heuristic,23.616868666636037,0.16887426574397735,0.34412795305252075,10.628482818603516,0.19823023676872253,9.143782615661621,10.4107084274292,10.393660545349121,0.44284629821777344,0.05784710869193077
go_stanford,short,no9vc_56_0,ddim2_cfg1.0_tts32,ddim,2,1.0,32,4,heuristic,46.9963993333522,0.7720201866849966,0.44020700454711914,10.833928108215332,0.12109389156103134,9.249017715454102,10.563063621520996,10.556553840637207,0.33017098903656006,0.04531608149409294
go_stanford,short,no9vc_56_0,ddim2_cfg2.0_tts0,ddim,2,2.0,0,0,heuristic,11.947220666722083,0.3536765185053609,0.5204604864120483,9.511221885681152,0.5303270816802979,8.90953540802002,10.116988182067871,9.824694633483887,1.9983195066452026,0.07672379165887833
go_stanford,short,no9vc_56_0,ddim2_cfg2.0_tts8,ddim,2,2.0,8,4,heuristic,12.017342999987099,0.053959895354583495,0.3967931568622589,10.508944511413574,0.23808231949806213,9.103289604187012,10.395255088806152,10.362711906433105,0.7005321979522705,0.055253252387046814
go_stanford,short,no9vc_56_0,ddim2_cfg2.0_tts16,ddim,2,2.0,16,4,heuristic,24.05729199999011,1.0137011888632739,0.729843020439148,11.116105079650879,0.742289662361145,9.57738971710205,10.946057319641113,10.924113273620605,0.5451043248176575,0.11507051438093185
go_stanford,short,no9vc_56_0,ddim2_cfg2.0_tts32,ddim,2,2.0,32,4,heuristic,48.9281293333003,0.6947927981145227,0.5936688184738159,10.9808931350708,0.13957691192626953,9.464649200439453,10.812809944152832,10.789149284362793,0.5773950219154358,0.040166985243558884
go_stanford,short,no26vcF_20_0,ddpm10_cfg0.0_tts0,ddpm,10,0.0,0,0,heuristic,30.809023666696095,0.1167167520670556,0.0,9.503323554992676,0.47706690430641174,8.606583595275879,9.794994354248047,9.62905216217041,1.4713958501815796,0.0610116608440876
go_stanford,short,no26vcF_20_0,ddim10_cfg0.0_tts0,ddim,10,0.0,0,0,heuristic,29.417972000032933,0.3913647406653081,0.029553644359111786,9.363818168640137,0.5244583487510681,8.317642211914062,9.47171401977539,9.343832969665527,1.056397557258606,0.05980401113629341
go_stanford,short,no26vcF_20_0,ddim10_cfg0.0_tts8,ddim,10,0.0,8,4,heuristic,30.187186333326583,1.1845574171947137,0.01257956214249134,9.918534278869629,0.2623908221721649,8.634747505187988,9.85074234008789,9.797979354858398,0.7756524085998535,0.04846452549099922
go_stanford,short,no26vcF_20_0,ddim10_cfg0.0_tts16,ddim,10,0.0,16,4,heuristic,59.36033066670158,0.4808219913397911,0.08868050575256348,10.155518531799316,0.26286399364471436,8.827872276306152,10.043102264404297,10.006659507751465,0.6906642317771912,0.05050287023186684
go_stanford,short,no26vcF_20_0,ddim10_cfg0.0_tts32,ddim,10,0.0,32,4,heuristic,123.87224066662839,0.3400199458243299,0.2388564646244049,10.45997142791748,0.2043401598930359,9.019672393798828,10.290757179260254,10.26928997039795,0.5768153667449951,0.045162200927734375
go_stanford,short,no26vcF_20_0,ddim10_cfg0.5_tts0,ddim,10,0.5,0,0,heuristic,56.694430333285105,0.6106431414820394,0.015334567986428738,9.347383499145508,0.5549566745758057,8.64676284790039,9.801283836364746,9.541998863220215,1.66109037399292,0.06622841209173203
go_stanford,short,no26vcF_20_0,ddim10_cfg0.5_tts8,ddim,10,0.5,8,4,heuristic,57.95540700000856,1.2219295328484014,0.14593444764614105,9.92734146118164,0.29529041051864624,8.736870765686035,9.937198638916016,9.873379707336426,0.9599788784980774,0.054372966289520264
go_stanford,short,no26vcF_20_0,ddim10_cfg0.5_tts16,ddim,10,0.5,16,4,heuristic,113.37570766662945,0.6181977789060179,0.10824013501405716,10.278435707092285,0.2503596544265747,8.89362907409668,10.159234046936035,10.121837615966797,0.6791537404060364,0.03676290810108185
go_stanford,short,no26vcF_20_0,ddim10_cfg0.5_tts32,ddim,10,0.5,32,4,heuristic,223.2846959999885,0.48658255162651326,0.15531226992607117,10.471022605895996,0.17569220066070557,8.973881721496582,10.259098052978516,10.244709968566895,0.48333415389060974,0.031032755970954895
go_stanford,short,no26vcF_20_0,ddim10_cfg1.0_tts0,ddim,10,1.0,0,0,heuristic,56.160476999972765,0.4341483493947945,0.0035862450022250414,9.498495101928711,0.5401648283004761,8.688742637634277,9.867222785949707,9.634570121765137,1.4972591400146484,0.06417771428823471
go_stanford,short,no26vcF_20_0,ddim10_cfg1.0_tts8,ddim,10,1.0,8,4,heuristic,56.17424766664195,1.320035749854489,0.01570819318294525,9.977616310119629,0.29265260696411133,8.66726303100586,9.896546363830566,9.846081733703613,0.7459332346916199,0.04685911536216736
go_stanford,short,no26vcF_20_0,ddim10_cfg1.0_tts16,ddim,10,1.0,16,4,heuristic,119.89758533331951,9.163443006828821,0.06993281841278076,10.312943458557129,0.22138094902038574,8.92654800415039,10.181198120117188,10.150362968444824,0.6568626761436462,0.04498927295207977
go_stanford,short,no26vcF_20_0,ddim10_cfg1.0_tts32,ddim,10,1.0,32,4,heuristic,226.6344540000015,2.489537712695563,0.19178014993667603,10.643265724182129,0.15975061058998108,9.175124168395996,10.467521667480469,10.447453498840332,0.5638615489006042,0.040958501398563385
go_stanford,short,no26vcF_20_0,ddim10_cfg2.0_tts0,ddim,10,2.0,0,0,heuristic,55.54771466669687,0.341000760376169,0.17031104862689972,9.270580291748047,0.5323206782341003,8.749032020568848,9.920140266418457,9.582186698913574,1.996386170387268,0.0655406042933464
go_stanford,short,no26vcF_20_0,ddim10_cfg2.0_tts8,ddim,10,2.0,8,4,heuristic,56.423582000017326,0.30842818991766213,0.03135641664266586,10.064570426940918,0.25413790345191956,8.724112510681152,9.947495460510254,9.907227516174316,0.6746003031730652,0.037375353276729584
go_stanford,short,no26vcF_20_0,ddim10_cfg2.0_tts16,ddim,10,2.0,16,4,heuristic,113.06350066668831,1.3673964694754375,0.07554308325052261,10.321013450622559,0.2103513479232788,9.021498680114746,10.289630889892578,10.239897727966309,0.8920562267303467,0.03915521875023842
go_stanford,short,no26vcF_20_0,ddim10_cfg2.0_tts32,ddim,10,2.0,32,4,heuristic,230.8834236666447,6.320249626754923,0.21715879440307617,10.742581367492676,0.13053274154663086,9.213586807250977,10.515974998474121,10.502776145935059,0.441235214471817,0.03495314344763756
go_stanford,short,no26vcF_20_0,ddim5_cfg0.0_tts0,ddim,5,0.0,0,0,heuristic,15.45407300000079,0.8834967089281619,0.08173254132270813,9.380882263183594,0.4726244807243347,8.376823425292969,9.528129577636719,9.397686958312988,1.160214900970459,0.05853642523288727
go_stanford,short,no26vcF_20_0,ddim5_cfg0.0_tts8,ddim,5,0.0,8,4,heuristic,15.247616333340375,0.11518891258989085,0.09658153355121613,9.908257484436035,0.4128323495388031,8.705089569091797,9.919299125671387,9.85014820098877,0.9508611559867859,0.05256277322769165
go_stanford,short,no26vcF_20_0,ddim5_cfg0.0_tts16,ddim,5,0.0,16,4,heuristic,31.356293999958023,1.091793889614945,0.17598679661750793,10.52070140838623,0.19338306784629822,9.086886405944824,10.361130714416504,10.337738990783691,0.6013887524604797,0.03763843700289726
go_stanford,short,no26vcF_20_0,ddim5_cfg0.0_tts32,ddim,5,0.0,32,4,heuristic,61.30113233333153,0.29597641104900463,0.18133307993412018,10.501923561096191,0.22131237387657166,9.068245887756348,10.348570823669434,10.31847095489502,0.5996394753456116,0.040614787489175797
go_stanford,short,no26vcF_20_0,ddim5_cfg0.5_tts0,ddim,5,0.5,0,0,heuristic,30.442013000007744,5.64364613187975,0.020805278792977333,9.260357856750488,0.5655093193054199,8.398770332336426,9.5318603515625,9.355417251586914,1.3793449401855469,0.06318996846675873
go_stanford,short,no26vcF_20_0,ddim5_cfg0.5_tts8,ddim,5,0.5,8,4,heuristic,28.48523533327807,0.3635188650960066,0.09071645140647888,10.103458404541016,0.28706198930740356,8.829888343811035,10.080474853515625,10.025108337402344,0.8966922760009766,0.04946133494377136
go_stanford,short,no26vcF_20_0,ddim5_cfg0.5_tts16,ddim,5,0.5,16,4,heuristic,57.436874666677795,0.6702233865914381,0.10023368895053864,10.409331321716309,0.16388480365276337,8.860490798950195,10.123512268066406,10.112876892089844,0.27828744053840637,0.04025021195411682
go_stanford,short,no26vcF_20_0,ddim5_cfg0.5_tts32,ddim,5,0.5,32,4,heuristic,113.03465633333569,1.4968744771891085,0.18685658276081085,10.605822563171387,0.16889488697052002,9.072983741760254,10.358907699584961,10.346421241760254,0.38600584864616394,0.034005288034677505
go_stanford,short,no26vcF_20_0,ddim5_cfg1.0_tts0,ddim,5,1.0,0,0,heuristic,28.252579000006033,0.2663744043006353,0.043684326112270355,9.098808288574219,0.5606472492218018,8.413605690002441,9.544700622558594,9.290003776550293,1.650183081626892,0.07124748080968857
go_stanford,short,no26vcF_20_0,ddim5_cfg1.0_tts8,ddim,5,1.0,8,4,heuristic,27.947612000010242,0.4153612460157216,0.05077650770545006,10.137541770935059,0.22469009459018707,8.776508331298828,10.020846366882324,9.98598575592041,0.6882651448249817,0.048077285289764404
go_stanford,short,no26vcF_20_0,ddim5_cfg1.0_tts16,ddim,5,1.0,16,4,heuristic,61.544792999976984,1.2188553509214963,0.13594669103622437,10.4820556640625,0.22641652822494507,9.147046089172363,10.432167053222656,10.388561248779297,0.8562046885490417,0.04016418755054474
go_stanford,short,no26vcF_20_0,ddim5_cfg1.0_tts32,ddim,5,1.0,32,4,heuristic,121.81569633336646,0.3984732534525916,0.161149799823761,10.642721176147461,0.12905220687389374,9.122811317443848,10.40471363067627,10.393105506896973,0.4081510007381439,0.0448288768529892
go_stanford,short,no26vcF_20_0,ddim5_cfg2.0_tts0,ddim,5,2.0,0,0,heuristic,30.546002666634802,0.18046043841059986,0.04350307583808899,9.684248924255371,0.37446117401123047,8.786561965942383,9.98681640625,9.810818672180176,1.4738558530807495,0.05630623176693916
go_stanford,short,no26vcF_20_0,ddim5_cfg2.0_tts8,ddim,5,2.0,8,4,heuristic,30.413667333353562,0.44808910013043707,0.0444655567407608,10.134649276733398,0.26716428995132446,8.98022174835205,10.233381271362305,10.153177261352539,1.174574851989746,0.04174310341477394
go_stanford,short,no26vcF_20_0,ddim5_cfg2.0_tts16,ddim,5,2.0,16,4,heuristic,61.34502666664806,0.08068770948367565,0.09999307990074158,10.47181224822998,0.17425088584423065,9.092713356018066,10.370100975036621,10.336450576782227,0.7368019223213196,0.039572473615407944
go_stanford,short,no26vcF_20_0,ddim5_cfg2.0_tts32,ddim,5,2.0,32,4,heuristic,123.89943900003193,10.029111279401508,0.11747700721025467,10.5535249710083,0.1612657755613327,9.191335678100586,10.473610877990723,10.430327415466309,0.7688835263252258,0.043509334325790405
go_stanford,short,no26vcF_20_0,ddim3_cfg0.0_tts0,ddim,3,0.0,0,0,heuristic,9.556427333336615,0.11401004629874784,0.06052415072917938,9.130304336547852,0.5888783931732178,8.178488731384277,9.30899429321289,9.178544044494629,1.2440799474716187,0.07414571195840836
go_stanford,short,no26vcF_20_0,ddim3_cfg0.0_tts8,ddim,3,0.0,8,4,heuristic,9.493829666629003,0.22334783398716268,0.21714183688163757,9.572944641113281,0.46681004762649536,8.554910659790039,9.71679973602295,9.59293270111084,1.1616429090499878,0.0737622007727623
go_stanford,short,no26vcF_20_0,ddim3_cfg0.0_tts16,ddim,3,0.0,16,4,heuristic,18.19790299998658,0.37421364337968727,0.10535429418087006,10.476380348205566,0.19122304022312164,9.015933990478516,10.294452667236328,10.273265838623047,0.544562578201294,0.039468564093112946
go_stanford,short,no26vcF_20_0,ddim3_cfg0.0_tts32,ddim,3,0.0,32,4,heuristic,36.889812999978254,0.9701218733775946,0.20371313393115997,10.57703971862793,0.17002278566360474,9.112910270690918,10.397866249084473,10.380775451660156,0.5608331561088562,0.0453001894056797
go_stanford,short,no26vcF_20_0,ddim3_cfg0.5_tts0,ddim,3,0.5,0,0,heuristic,17.17456599999423,0.5678136775774679,0.050164952874183655,9.51969051361084,0.4646231234073639,8.415263175964355,9.580187797546387,9.493498802185059,1.033514380455017,0.07034316658973694
go_stanford,short,no26vcF_20_0,ddim3_cfg0.5_tts8,ddim,3,0.5,8,4,heuristic,17.521253666662535,0.2150052922585423,0.03657127171754837,10.06651782989502,0.3005468547344208,8.801813125610352,10.039411544799805,9.975458145141602,0.8565307259559631,0.0558861680328846
go_stanford,short,no26vcF_20_0,ddim3_cfg0.5_tts16,ddim,3,0.5,16,4,heuristic,34.6476670000205,0.8774421946876463,0.13248983025550842,10.562655448913574,0.17402711510658264,9.112333297729492,10.397122383117676,10.371756553649902,0.5834851264953613,0.02824760414659977
go_stanford,short,no26vcF_20_0,ddim3_cfg0.5_tts32,ddim,3,0.5,32,4,heuristic,67.16698466667974,1.7817215645402054,0.16472284495830536,10.642823219299316,0.13758036494255066,9.095463752746582,10.381715774536133,10.371855735778809,0.3519463539123535,0.035675082355737686
go_stanford,short,no26vcF_20_0,ddim3_cfg1.0_tts0,ddim,3,1.0,0,0,heuristic,17.123568333317962,0.13677407525629492,0.001878175651654601,9.554055213928223,0.4894598424434662,8.608880996704102,9.79226016998291,9.635796546936035,1.345460295677185,0.05956945940852165
go_stanford,short,no26vcF_20_0,ddim3_cfg1.0_tts8,ddim,3,1.0,8,4,heuristic,17.209446333329954,0.5954177717408622,0.12073677033185959,10.40062427520752,0.18456310033798218,8.906825065612793,10.180425643920898,10.166312217712402,0.45845913887023926,0.03533650562167168
go_stanford,short,no26vcF_20_0,ddim3_cfg1.0_tts16,ddim,3,1.0,16,4,heuristic,35.27821533339193,0.30236646795842403,0.15616580843925476,10.444514274597168,0.1966886967420578,9.023645401000977,10.295172691345215,10.270663261413574,0.6272624135017395,0.03959640488028526
go_stanford,short,no26vcF_20_0,ddim3_cfg1.0_tts32,ddim,3,1.0,32,4,heuristic,68.68425399996643,0.8610183979061766,0.07901370525360107,10.440142631530762,0.15330828726291656,9.0369234085083,10.312947273254395,10.282628059387207,0.675927460193634,0.035583533346652985
go_stanford,short,no26vcF_20_0,ddim3_cfg2.0_tts0,ddim,3,2.0,0,0,heuristic,16.994353666708168,0.5573795093449033,0.06025039404630661,9.40945816040039,0.4692966043949127,8.728708267211914,9.8782377243042,9.638786315917969,1.754834771156311,0.0744713619351387
go_stanford,short,no26vcF_20_0,ddim3_cfg2.0_tts8,ddim,3,2.0,8,4,heuristic,17.169906333341107,0.195798229773942,0.0954069271683693,10.322624206542969,0.2670488953590393,9.146513938903809,10.426928520202637,10.332001686096191,1.1451749801635742,0.05046910047531128
go_stanford,short,no26vcF_20_0,ddim3_cfg2.0_tts16,ddim,3,2.0,16,4,heuristic,34.16983999992832,1.4900983653934659,0.09600049257278442,10.476032257080078,0.16117042303085327,8.953100204467773,10.23814868927002,10.22362232208252,0.40880775451660156,0.031775668263435364
go_stanford,short,no26vcF_20_0,ddim3_cfg2.0_tts32,ddim,3,2.0,32,4,heuristic,66.95164733332604,0.45157394968531556,0.2170875072479248,10.759918212890625,0.15800943970680237,9.231857299804688,10.532926559448242,10.518941879272461,0.4374141991138458,0.035079341381788254
go_stanford,short,no26vcF_20_0,ddim2_cfg0.0_tts0,ddim,2,0.0,0,0,heuristic,6.32108466667584,0.21311365375071073,0.05136194825172424,9.13314151763916,0.629946231842041,8.327156066894531,9.457121849060059,9.260357856750488,1.4678378105163574,0.075042225420475
go_stanford,short,no26vcF_20_0,ddim2_cfg0.0_tts8,ddim,2,0.0,8,4,heuristic,6.614261000019421,0.21183448754956757,0.34739887714385986,10.123675346374512,0.2898789048194885,8.92188549041748,10.114248275756836,10.046401023864746,0.8804209232330322,0.0760694220662117
go_stanford,short,no26vcF_20_0,ddim2_cfg0.0_tts16,ddim,2,0.0,16,4,heuristic,12.713155999980094,0.5134286070486042,0.10333992540836334,10.42832088470459,0.17236381769180298,8.876559257507324,10.16822624206543,10.15593433380127,0.35233673453330994,0.03486907482147217
go_stanford,short,no26vcF_20_0,ddim2_cfg0.0_tts32,ddim,2,0.0,32,4,heuristic,25.76758266665517,1.9920026276675735,0.17720012366771698,10.522639274597168,0.17336344718933105,9.059403419494629,10.332634925842285,10.314070701599121,0.5259963274002075,0.04350835084915161
go_stanford,short,no26vcF_20_0,ddim2_cfg0.5_tts0,ddim,2,0.5,0,0,heuristic,12.022021333336852,0.547909632781456,0.02753840945661068,9.211515426635742,0.8844898343086243,8.435087203979492,9.566645622253418,9.353405952453613,1.489076018333435,0.11850247532129288
go_stanford,short,no26vcF_20_0,ddim2_cfg0.5_tts8,ddim,2,0.5,8,4,heuristic,11.819643333334776,0.38538534507954597,0.03546202927827835,9.966072082519531,0.3716631531715393,8.723774909973145,9.918739318847656,9.866059303283691,0.8105399012565613,0.09757131338119507
go_stanford,short,no26vcF_20_0,ddim2_cfg0.5_tts16,ddim,2,0.5,16,4,heuristic,23.5021890000174,0.5949374916202869,0.11755652725696564,10.436192512512207,0.27988770604133606,9.06902027130127,10.321684837341309,10.284077644348145,0.6779115796089172,0.061010029166936874
go_stanford,short,no26vcF_20_0,ddim2_cfg0.5_tts32,ddim,2,0.5,32,4,heuristic,48.59990900001776,3.328978143975382,0.3052212595939636,10.658463478088379,0.16954410076141357,9.179439544677734,10.470605850219727,10.450482368469238,0.5283169150352478,0.042364370077848434
go_stanford,short,no26vcF_20_0,ddim2_cfg1.0_tts0,ddim,2,1.0,0,0,heuristic,11.800425333338657,0.4666677282346447,0.010554203763604164,9.574411392211914,0.40452906489372253,8.408001899719238,9.622081756591797,9.543288230895996,1.029507040977478,0.06358113139867783
go_stanford,short,no26vcF_20_0,ddim2_cfg1.0_tts8,ddim,2,1.0,8,4,heuristic,11.858607000021948,0.4073766885047252,0.16036224365234375,10.163372039794922,0.2331831008195877,8.730252265930176,9.953940391540527,9.929889678955078,0.4506707191467285,0.05289405584335327
go_stanford,short,no26vcF_20_0,ddim2_cfg1.0_tts16,ddim,2,1.0,16,4,heuristic,23.306365000015223,0.4563843979365599,0.12972545623779297,10.455144882202148,0.23821377754211426,8.989013671875,10.243631362915039,10.225346565246582,0.46303972601890564,0.04668484255671501
go_stanford,short,no26vcF_20_0,ddim2_cfg1.0_tts32,ddim,2,1.0,32,4,heuristic,46.45502800000637,1.0557669427049259,0.21405138075351715,10.7357759475708,0.1267462968826294,9.203228950500488,10.498050689697266,10.487226486206055,0.416271448135376,0.03335586562752724
go_stanford,short,no26vcF_20_0,ddim2_cfg2.0_tts0,ddim,2,2.0,0,0,heuristic,12.03010266669935,0.6696188190851965,0.02671997621655464,9.66450023651123,0.5022066831588745,8.903595924377441,10.073075294494629,9.83371639251709,1.5827833414077759,0.07480127364397049
go_stanford,short,no26vcF_20_0,ddim2_cfg2.0_tts8,ddim,2,2.0,8,4,heuristic,11.928846333300195,0.397908522704538,0.021350257098674774,9.944666862487793,0.3326413929462433,8.813106536865234,10.036073684692383,9.941383361816406,1.1088639497756958,0.04793303832411766
go_stanford,short,no26vcF_20_0,ddim2_cfg2.0_tts16,ddim,2,2.0,16,4,heuristic,23.14232833331668,0.46935606233120175,0.17756244540214539,10.582415580749512,0.2051149308681488,9.144152641296387,10.432851791381836,10.405563354492188,0.6175084710121155,0.04235346242785454
go_stanford,short,no26vcF_20_0,ddim2_cfg2.0_tts32,ddim,2,2.0,32,4,heuristic,45.974242333348535,0.4741481716063183,0.14193424582481384,10.676854133605957,0.13738727569580078,9.208333015441895,10.501723289489746,10.478120803833008,0.5540907979011536,0.043311771005392075
go_stanford,short,sim2hF_0_0,ddpm10_cfg0.0_tts0,ddpm,10,0.0,0,0,heuristic,30.04817233333294,0.5688770923656323,0.0,9.237632751464844,0.5047814249992371,8.177889823913574,9.339949607849121,9.216476440429688,1.0584975481033325,0.05561647191643715
go_stanford,short,sim2hF_0_0,ddim10_cfg0.0_tts0,ddim,10,0.0,0,0,heuristic,28.712159333281306,0.3940093170081659,0.0710379034280777,8.71396541595459,0.6281720995903015,8.007645606994629,9.085090637207031,8.851151466369629,1.4956573247909546,0.07338187843561172
go_stanford,short,sim2hF_0_0,ddim10_cfg0.0_tts8,ddim,10,0.0,8,4,heuristic,28.89454899999085,0.5110238187386217,0.015576284378767014,9.61655044555664,0.36114203929901123,8.39484691619873,9.586529731750488,9.52274227142334,0.8541014194488525,0.0464862585067749
go_stanford,short,sim2hF_0_0,ddim10_cfg0.0_tts16,ddim,10,0.0,16,4,heuristic,58.14444600002844,0.551276301242386,0.10545161366462708,10.10960578918457,0.2725789546966553,8.757237434387207,9.996529579162598,9.95400333404541,0.6753035187721252,0.050624776631593704
go_stanford,short,sim2hF_0_0,ddim10_cfg0.0_tts32,ddim,10,0.0,32,4,heuristic,117.16949200001636,3.7385689618843014,0.2457944005727768,10.4967679977417,0.22235997021198273,9.075007438659668,10.356799125671387,10.325543403625488,0.6353463530540466,0.03901444375514984
go_stanford,short,sim2hF_0_0,ddim10_cfg0.5_tts0,ddim,10,0.5,0,0,heuristic,61.599249000020485,2.0764308961775226,0.10026954114437103,9.371253967285156,0.5649946928024292,8.514391899108887,9.680886268615723,9.49309253692627,1.4589365720748901,0.061149369925260544
go_stanford,short,sim2hF_0_0,ddim10_cfg0.5_tts8,ddim,10,0.5,8,4,heuristic,61.97960600002261,2.4903858996103043,0.17305627465248108,10.234704971313477,0.2880537211894989,8.956510543823242,10.22525691986084,10.165212631225586,0.919965922832489,0.054191604256629944
go_stanford,short,sim2hF_0_0,ddim10_cfg0.5_tts16,ddim,10,0.5,16,4,heuristic,122.26503166660525,0.9113770044230293,0.18657606840133667,10.418244361877441,0.2686702609062195,8.99655818939209,10.273858070373535,10.244095802307129,0.6284622550010681,0.037200622260570526
go_stanford,short,sim2hF_0_0,ddim10_cfg0.5_tts32,ddim,10,0.5,32,4,heuristic,244.70494200003637,2.9289783523855193,0.2354363203048706,10.462498664855957,0.216586172580719,9.095847129821777,10.375916481018066,10.336809158325195,0.7614641189575195,0.04716429486870766
go_stanford,short,sim2hF_0_0,ddim10_cfg1.0_tts0,ddim,10,1.0,0,0,heuristic,61.11146800003553,1.314190394961482,0.20664408802986145,9.649920463562012,0.4296718239784241,8.74620246887207,9.972176551818848,9.797280311584473,1.535958170890808,0.0598483681678772
go_stanford,short,sim2hF_0_0,ddim10_cfg1.0_tts8,ddim,10,1.0,8,4,heuristic,61.08612833331032,1.185535152682774,0.1555858552455902,10.342585563659668,0.29140716791152954,8.936029434204102,10.195849418640137,10.16133975982666,0.60093754529953,0.05193588137626648
go_stanford,short,sim2hF_0_0,ddim10_cfg1.0_tts16,ddim,10,1.0,16,4,heuristic,122.29769066667966,1.4423878337388,0.2581252455711365,10.608479499816895,0.21052253246307373,9.1640043258667,10.453587532043457,10.424548149108887,0.5964871048927307,0.04364672675728798
go_stanford,short,sim2hF_0_0,ddim10_cfg1.0_tts32,ddim,10,1.0,32,4,heuristic,246.54497399997885,5.906508343651571,0.315571665763855,10.70329761505127,0.15974868834018707,9.237711906433105,10.556671142578125,10.527863502502441,0.6254785656929016,0.037459101527929306
go_stanford,short,sim2hF_0_0,ddim10_cfg2.0_tts0,ddim,10,2.0,0,0,heuristic,60.98278566666219,0.7271679786008489,0.41721111536026,9.84993839263916,0.3696952164173126,9.052151679992676,10.305718421936035,10.085972785949707,1.785967469215393,0.06250935792922974
go_stanford,short,sim2hF_0_0,ddim10_cfg2.0_tts8,ddim,10,2.0,8,4,heuristic,60.635176333297146,0.419083971916043,0.38119423389434814,10.408753395080566,0.23606956005096436,9.249051094055176,10.562431335449219,10.458983421325684,1.2663387060165405,0.04484942927956581
go_stanford,short,sim2hF_0_0,ddim10_cfg2.0_tts16,ddim,10,2.0,16,4,heuristic,120.90606633334271,0.5340745901326189,0.42186659574508667,10.6990327835083,0.19666582345962524,9.40036392211914,10.733978271484375,10.67300796508789,1.0505565404891968,0.03954080864787102
go_stanford,short,sim2hF_0_0,ddim10_cfg2.0_tts32,ddim,10,2.0,32,4,heuristic,242.06457066668463,0.9022814673166859,0.42530393600463867,10.740715026855469,0.11616219580173492,9.385796546936035,10.726879119873047,10.677769660949707,0.9449561238288879,0.04222430661320686
go_stanford,short,sim2hF_0_0,ddim5_cfg0.0_tts0,ddim,5,0.0,0,0,heuristic,16.147283999960866,0.17410922008725133,0.0017409180290997028,9.066841125488281,0.5990099906921387,8.137003898620605,9.283122062683105,9.128373146057129,1.288913369178772,0.06638430058956146
go_stanford,short,sim2hF_0_0,ddim5_cfg0.0_tts8,ddim,5,0.0,8,4,heuristic,17.96358499999921,1.4784068027132264,0.06985002011060715,9.90572452545166,0.31560951471328735,8.554121971130371,9.77950382232666,9.741201400756836,0.6524410843849182,0.04848286882042885
go_stanford,short,sim2hF_0_0,ddim5_cfg0.0_tts16,ddim,5,0.0,16,4,heuristic,32.68962399999964,0.8991091977652786,0.15845724940299988,10.29893970489502,0.32008975744247437,8.997645378112793,10.256568908691406,10.203804969787598,0.8490958213806152,0.044426824897527695
go_stanford,short,sim2hF_0_0,ddim5_cfg0.0_tts32,ddim,5,0.0,32,4,heuristic,65.65087133329446,1.1520201595459179,0.2630935311317444,10.540604591369629,0.18903890252113342,9.060948371887207,10.350865364074707,10.331710815429688,0.5291900634765625,0.03817564621567726
go_stanford,short,sim2hF_0_0,ddim5_cfg0.5_tts0,ddim,5,0.5,0,0,heuristic,30.892461333375348,0.9999771106767923,0.012415865436196327,9.417193412780762,0.44456082582473755,8.31043529510498,9.493508338928223,9.39721965789795,1.0627398490905762,0.05294087901711464
go_stanford,short,sim2hF_0_0,ddim5_cfg0.5_tts8,ddim,5,0.5,8,4,heuristic,33.50069800001165,1.7855945916139095,0.10618884116411209,10.050408363342285,0.2523666024208069,8.780116081237793,10.005229949951172,9.949429512023926,0.8275146484375,0.05487320199608803
go_stanford,short,sim2hF_0_0,ddim5_cfg0.5_tts16,ddim,5,0.5,16,4,heuristic,62.314038333359655,0.640770613840438,0.16342893242835999,10.343022346496582,0.23088394105434418,8.89542007446289,10.163363456726074,10.14303970336914,0.5523566603660583,0.043885838240385056
go_stanford,short,sim2hF_0_0,ddim5_cfg0.5_tts32,ddim,5,0.5,32,4,heuristic,121.86733699995027,0.6058561359015832,0.2644953727722168,10.565723419189453,0.18504981696605682,9.080482482910156,10.365828514099121,10.347811698913574,0.49873706698417664,0.047347765415906906
go_stanford,short,sim2hF_0_0,ddim5_cfg1.0_tts0,ddim,5,1.0,0,0,heuristic,32.66240033334119,0.39843536349800385,0.07323163002729416,9.62096118927002,0.5008581876754761,8.640666007995605,9.84685230255127,9.694374084472656,1.3282216787338257,0.049984436482191086
go_stanford,short,sim2hF_0_0,ddim5_cfg1.0_tts8,ddim,5,1.0,8,4,heuristic,31.92850333334718,0.39107146811486143,0.18922936916351318,10.411946296691895,0.23579713702201843,8.957239151000977,10.239428520202637,10.213257789611816,0.5549342036247253,0.048039838671684265
go_stanford,short,sim2hF_0_0,ddim5_cfg1.0_tts16,ddim,5,1.0,16,4,heuristic,62.31268300003497,2.3207004248067276,0.33866792917251587,10.665425300598145,0.15081889927387238,9.273486137390137,10.597793579101562,10.557307243347168,0.8184255957603455,0.036122165620326996
go_stanford,short,sim2hF_0_0,ddim5_cfg1.0_tts32,ddim,5,1.0,32,4,heuristic,120.35210866664177,1.3595558286056217,0.28952381014823914,10.650580406188965,0.16621428728103638,9.16685962677002,10.472753524780273,10.452815055847168,0.5591049790382385,0.042790863662958145
go_stanford,short,sim2hF_0_0,ddim5_cfg2.0_tts0,ddim,5,2.0,0,0,heuristic,27.664338999973854,0.14015531168307097,0.3483261168003082,9.765398979187012,0.35935187339782715,8.941067695617676,10.188055992126465,9.988712310791016,1.7514680624008179,0.06100470945239067
go_stanford,short,sim2hF_0_0,ddim5_cfg2.0_tts8,ddim,5,2.0,8,4,heuristic,28.732411666662,1.2469877033795829,0.34982505440711975,10.43131160736084,0.19495293498039246,9.211681365966797,10.530915260314941,10.44929313659668,1.1753226518630981,0.045128270983695984
go_stanford,short,sim2hF_0_0,ddim5_cfg2.0_tts16,ddim,5,2.0,16,4,heuristic,55.15650166663969,1.0625927411357852,0.41495421528816223,10.73315715789795,0.1558421552181244,9.375726699829102,10.71546459197998,10.661781311035156,0.9233307242393494,0.03642960265278816
go_stanford,short,sim2hF_0_0,ddim5_cfg2.0_tts32,ddim,5,2.0,32,4,heuristic,110.11497899998328,0.9462202829848663,0.43726736307144165,10.90728759765625,0.14992330968379974,9.441617012023926,10.792283058166504,10.760921478271484,0.7099332809448242,0.03484662249684334
go_stanford,short,sim2hF_0_0,ddim3_cfg0.0_tts0,ddim,3,0.0,0,0,heuristic,9.082036666654858,0.27436138632657925,0.006083486136049032,8.904074668884277,0.6884620189666748,8.174193382263184,9.26084041595459,9.03226375579834,1.4645179510116577,0.07862285524606705
go_stanford,short,sim2hF_0_0,ddim3_cfg0.0_tts8,ddim,3,0.0,8,4,heuristic,9.067438666647831,0.46626252613443536,0.051113054156303406,9.799590110778809,0.36862605810165405,8.61465072631836,9.825169563293457,9.740459442138672,0.9477909207344055,0.055941712111234665
go_stanford,short,sim2hF_0_0,ddim3_cfg0.0_tts16,ddim,3,0.0,16,4,heuristic,20.194609666684,2.050312733064817,0.11163093149662018,10.165728569030762,0.23661750555038452,8.737115859985352,9.994800567626953,9.962519645690918,0.5454023480415344,0.04214039072394371
go_stanford,short,sim2hF_0_0,ddim3_cfg0.0_tts32,ddim,3,0.0,32,4,heuristic,36.99527199997495,1.5736025972234104,0.30278465151786804,10.666251182556152,0.18544688820838928,9.209975242614746,10.50965404510498,10.48692798614502,0.6075477004051208,0.04959705471992493
go_stanford,short,sim2hF_0_0,ddim3_cfg0.5_tts0,ddim,3,0.5,0,0,heuristic,17.39099566668756,0.9896837078669221,0.007266231346875429,9.388873100280762,0.5288800001144409,8.228559494018555,9.405163764953613,9.329522132873535,0.9505932927131653,0.05437612906098366
go_stanford,short,sim2hF_0_0,ddim3_cfg0.5_tts8,ddim,3,0.5,8,4,heuristic,17.535854999967643,1.1604290703525066,0.1048632264137268,9.802186965942383,0.4937833547592163,8.72424602508545,9.932528495788574,9.815998077392578,1.150497555732727,0.06462041288614273
go_stanford,short,sim2hF_0_0,ddim3_cfg0.5_tts16,ddim,3,0.5,16,4,heuristic,33.919469666708814,1.2343979139599681,0.20752575993537903,10.501975059509277,0.18277782201766968,9.014816284179688,10.279674530029297,10.264610290527344,0.4409571886062622,0.04940076172351837
go_stanford,short,sim2hF_0_0,ddim3_cfg0.5_tts32,ddim,3,0.5,32,4,heuristic,67.38035366667343,1.4467107177376368,0.330700159072876,10.730384826660156,0.15039165318012238,9.197837829589844,10.50341796875,10.490620613098145,0.4359504282474518,0.04888260364532471
go_stanford,short,sim2hF_0_0,ddim3_cfg1.0_tts0,ddim,3,1.0,0,0,heuristic,16.658555000011194,0.2112013874989538,0.156946063041687,9.23970890045166,0.5307062864303589,8.52263355255127,9.701607704162598,9.463562965393066,1.7484259605407715,0.06900856643915176
go_stanford,short,sim2hF_0_0,ddim3_cfg1.0_tts8,ddim,3,1.0,8,4,heuristic,16.76961099997243,0.0478460199157763,0.12350878119468689,10.22095775604248,0.2470327615737915,8.76821517944336,10.03290843963623,10.01247787475586,0.5274199843406677,0.04966825246810913
go_stanford,short,sim2hF_0_0,ddim3_cfg1.0_tts16,ddim,3,1.0,16,4,heuristic,33.40909133328296,1.0058512379298186,0.2179756760597229,10.545531272888184,0.27602535486221313,9.028130531311035,10.326180458068848,10.307469367980957,0.44102489948272705,0.052901457995176315
go_stanford,short,sim2hF_0_0,ddim3_cfg1.0_tts32,ddim,3,1.0,32,4,heuristic,67.68905833333368,0.4430415364887798,0.3316919803619385,10.792628288269043,0.1394796073436737,9.262449264526367,10.595481872558594,10.57669448852539,0.5129978060722351,0.032622236758470535
go_stanford,short,sim2hF_0_0,ddim3_cfg2.0_tts0,ddim,3,2.0,0,0,heuristic,16.979557666672918,0.1701874101293377,0.27916473150253296,9.598233222961426,0.4584009051322937,8.818408966064453,10.032906532287598,9.812828063964844,1.7199760675430298,0.0723937526345253
go_stanford,short,sim2hF_0_0,ddim3_cfg2.0_tts8,ddim,3,2.0,8,4,heuristic,17.411974999996954,1.307753753238763,0.3939971327781677,10.40478801727295,0.21174085140228271,9.255026817321777,10.568830490112305,10.471920013427734,1.312839150428772,0.04897197708487511
go_stanford,short,sim2hF_0_0,ddim3_cfg2.0_tts16,ddim,3,2.0,16,4,heuristic,34.254545666688806,1.4793632131110324,0.40830525755882263,10.769329071044922,0.15689757466316223,9.395011901855469,10.722634315490723,10.6769437789917,0.8594644665718079,0.04171854257583618
go_stanford,short,sim2hF_0_0,ddim3_cfg2.0_tts32,ddim,3,2.0,32,4,heuristic,67.57767866668019,1.4340199813168593,0.45395874977111816,11.022942543029785,0.11842669546604156,9.473713874816895,10.812298774719238,10.795607566833496,0.47229108214378357,0.04542672261595726
go_stanford,short,sim2hF_0_0,ddim2_cfg0.0_tts0,ddim,2,0.0,0,0,heuristic,7.630366666641446,2.041403461428357,0.005409284960478544,8.806785583496094,0.7747164964675903,8.170108795166016,9.276030540466309,9.019575119018555,1.707067847251892,0.08652780205011368
go_stanford,short,sim2hF_0_0,ddim2_cfg0.0_tts8,ddim,2,0.0,8,4,heuristic,6.544825333359465,0.1118702055270902,0.05146510526537895,9.68127155303955,0.39164021611213684,8.505318641662598,9.69350528717041,9.630724906921387,0.9682970643043518,0.06472063064575195
go_stanford,short,sim2hF_0_0,ddim2_cfg0.0_tts16,ddim,2,0.0,16,4,heuristic,13.327292000023286,0.21725239156078757,0.4235765337944031,10.581965446472168,0.8099991083145142,9.131708145141602,10.508439064025879,10.453619003295898,0.721910297870636,0.14066387712955475
go_stanford,short,sim2hF_0_0,ddim2_cfg0.0_tts32,ddim,2,0.0,32,4,heuristic,25.998691666700324,1.534185635159389,0.2508821189403534,10.490071296691895,0.2467007040977478,9.128521919250488,10.416664123535156,10.37357234954834,0.7868950366973877,0.04989105463027954
go_stanford,short,sim2hF_0_0,ddim2_cfg0.5_tts0,ddim,2,0.5,0,0,heuristic,11.827268666669019,0.14543828232238493,0.062121931463479996,8.939396858215332,0.6932821273803711,8.280888557434082,9.393352508544922,9.136754035949707,1.6636048555374146,0.08357716351747513
go_stanford,short,sim2hF_0_0,ddim2_cfg0.5_tts8,ddim,2,0.5,8,4,heuristic,12.617489000035675,0.8755559922944163,0.1614396572113037,10.277572631835938,0.22118844091892242,8.90147876739502,10.17166519165039,10.134223937988281,0.7098148465156555,0.055076319724321365
go_stanford,short,sim2hF_0_0,ddim2_cfg0.5_tts16,ddim,2,0.5,16,4,heuristic,23.64741800003382,0.468805162578681,0.2610163986682892,10.596073150634766,0.19906923174858093,9.098261833190918,10.399487495422363,10.38155746459961,0.5094329714775085,0.0483451783657074
go_stanford,short,sim2hF_0_0,ddim2_cfg0.5_tts32,ddim,2,0.5,32,4,heuristic,46.26086966667723,0.9395743347874103,0.29649731516838074,10.76123046875,0.16756318509578705,9.226914405822754,10.523177146911621,10.511570930480957,0.4064352810382843,0.048490654677152634
go_stanford,short,sim2hF_0_0,ddim2_cfg1.0_tts0,ddim,2,1.0,0,0,heuristic,11.872023666683162,0.330244236707696,0.05573393777012825,9.461819648742676,0.5199294686317444,8.581324577331543,9.739619255065918,9.570425987243652,1.4124115705490112,0.07544749975204468
go_stanford,short,sim2hF_0_0,ddim2_cfg1.0_tts8,ddim,2,1.0,8,4,heuristic,11.715976666664574,0.29171336248922664,0.09183673560619354,10.015630722045898,0.39750397205352783,8.717768669128418,9.956385612487793,9.906109809875488,0.8049001693725586,0.056870464235544205
go_stanford,short,sim2hF_0_0,ddim2_cfg1.0_tts16,ddim,2,1.0,16,4,heuristic,23.37500666665922,0.7464788698551026,0.2727047801017761,10.5817232131958,0.2905779480934143,9.229880332946777,10.519743919372559,10.473546981811523,0.8091849684715271,0.050130248069763184
go_stanford,short,sim2hF_0_0,ddim2_cfg1.0_tts32,ddim,2,1.0,32,4,heuristic,49.461475333297734,3.254349628652273,0.3597639799118042,10.867218971252441,0.15060007572174072,9.3201904296875,10.639838218688965,10.626935005187988,0.4316370487213135,0.05473892390727997
go_stanford,short,sim2hF_0_0,ddim2_cfg2.0_tts0,ddim,2,2.0,0,0,heuristic,11.775663666677852,0.3575659757176109,0.2879798412322998,9.637412071228027,0.549649715423584,8.845763206481934,10.060174942016602,9.846196174621582,1.7032393217086792,0.07044914364814758
go_stanford,short,sim2hF_0_0,ddim2_cfg2.0_tts8,ddim,2,2.0,8,4,heuristic,12.012102000009387,0.2003895185358502,0.31913459300994873,10.13443660736084,0.36544278264045715,9.142491340637207,10.421879768371582,10.275710105895996,1.5179332494735718,0.05993461608886719
go_stanford,short,sim2hF_0_0,ddim2_cfg2.0_tts16,ddim,2,2.0,16,4,heuristic,23.529749333344324,0.6477216364425027,0.3928235173225403,10.752305030822754,0.18199588358402252,9.355415344238281,10.679420471191406,10.63471508026123,0.7848577499389648,0.04830082133412361
go_stanford,short,sim2hF_0_0,ddim2_cfg2.0_tts32,ddim,2,2.0,32,4,heuristic,47.17531833330213,1.560425904949545,0.5230319499969482,11.056812286376953,0.19277718663215637,9.573089599609375,10.922274589538574,10.894832611083984,0.6539525389671326,0.05699234828352928
go_stanford,short,no14vc_16_1,ddpm10_cfg0.0_tts0,ddpm,10,0.0,0,0,heuristic,30.42505733329411,0.398424634194309,0.0,9.047440528869629,0.637066662311554,8.350577354431152,9.485154151916504,9.240153312683105,1.6545358896255493,0.07516802102327347
go_stanford,short,no14vc_16_1,ddim10_cfg0.0_tts0,ddim,10,0.0,0,0,heuristic,28.4971896666472,0.26312650748739347,0.03510594367980957,8.769960403442383,0.6459940671920776,8.12948989868164,9.199593544006348,8.9556245803833,1.630790114402771,0.07305388152599335
go_stanford,short,no14vc_16_1,ddim10_cfg0.0_tts8,ddim,10,0.0,8,4,heuristic,30.16993033331043,1.6113637763858115,0.05783190578222275,9.779704093933105,0.3756292462348938,8.7166109085083,9.937090873718262,9.826983451843262,1.2505303621292114,0.0579078383743763
go_stanford,short,no14vc_16_1,ddim10_cfg0.0_tts16,ddim,10,0.0,16,4,heuristic,57.66189300000709,0.36170326755467547,0.10533630847930908,10.134278297424316,0.26446017622947693,8.713798522949219,9.9485502243042,9.919793128967285,0.5107007622718811,0.042554404586553574
go_stanford,short,no14vc_16_1,ddim10_cfg0.0_tts32,ddim,10,0.0,32,4,heuristic,118.80318733331781,2.4934058838916293,0.156227707862854,10.409623146057129,0.21160870790481567,8.949980735778809,10.2189359664917,10.196576118469238,0.5198289752006531,0.030889540910720825
go_stanford,short,no14vc_16_1,ddim10_cfg0.5_tts0,ddim,10,0.5,0,0,heuristic,55.48113699997733,1.1145493727881899,0.1385883390903473,8.674084663391113,0.6416631937026978,8.217597961425781,9.29770565032959,8.958579063415527,1.9108543395996094,0.0779995545744896
go_stanford,short,no14vc_16_1,ddim10_cfg0.5_tts8,ddim,10,0.5,8,4,heuristic,55.54932733332407,1.1388818381025894,0.03458268940448761,9.827399253845215,0.29063427448272705,8.55478572845459,9.767778396606445,9.718695640563965,0.8087937235832214,0.052725207060575485
go_stanford,short,no14vc_16_1,ddim10_cfg0.5_tts16,ddim,10,0.5,16,4,heuristic,110.82232133336827,0.36084343825123316,0.16929851472377777,10.30868148803711,0.28200244903564453,9.057293891906738,10.324551582336426,10.262360572814941,0.9887113571166992,0.044180262833833694
go_stanford,short,no14vc_16_1,ddim10_cfg0.5_tts32,ddim,10,0.5,32,4,heuristic,226.21815466667763,6.983300835495894,0.21976475417613983,10.536097526550293,0.16979116201400757,9.070048332214355,10.34029483795166,10.32435131072998,0.5136439800262451,0.050021905452013016
go_stanford,short,no14vc_16_1,ddim10_cfg1.0_tts0,ddim,10,1.0,0,0,heuristic,59.101136333348826,3.468604466463805,0.12673059105873108,9.3082857131958,0.4895239770412445,8.592114448547363,9.744346618652344,9.499831199645996,1.6536340713500977,0.063918836414814
go_stanford,short,no14vc_16_1,ddim10_cfg1.0_tts8,ddim,10,1.0,8,4,heuristic,56.800986000060526,1.863629112322476,0.11965791136026382,9.90134334564209,0.2881852090358734,8.794713973999023,10.02771282196045,9.93120288848877,1.208528995513916,0.039525631815195084
go_stanford,short,no14vc_16_1,ddim10_cfg1.0_tts16,ddim,10,1.0,16,4,heuristic,114.3364440000217,2.4400845674582903,0.17289483547210693,10.312567710876465,0.2323358654975891,9.064118385314941,10.330169677734375,10.26624584197998,0.9872501492500305,0.046873774379491806
go_stanford,short,no14vc_16_1,ddim10_cfg1.0_tts32,ddim,10,1.0,32,4,heuristic,221.2718149999849,0.6627473796800718,0.18963421881198883,10.420650482177734,0.22637057304382324,9.107150077819824,10.376496315002441,10.323344230651855,0.842041015625,0.04513780400156975
go_stanford,short,no14vc_16_1,ddim10_cfg2.0_tts0,ddim,10,2.0,0,0,heuristic,55.918865999956324,0.32194251119470063,0.29507458209991455,9.284591674804688,0.47024300694465637,8.762104034423828,9.904425621032715,9.612704277038574,2.0349230766296387,0.07565665245056152
go_stanford,short,no14vc_16_1,ddim10_cfg2.0_tts8,ddim,10,2.0,8,4,heuristic,56.33586100001745,1.3631945686802613,0.09599071741104126,9.945871353149414,0.2726694941520691,8.800911903381348,10.021904945373535,9.940447807312012,1.1029349565505981,0.04765068367123604
go_stanford,short,no14vc_16_1,ddim10_cfg2.0_tts16,ddim,10,2.0,16,4,heuristic,111.63872899995415,1.2188685204222707,0.2160630226135254,10.473339080810547,0.25453096628189087,9.153325080871582,10.442815780639648,10.392118453979492,0.8928308486938477,0.03724021464586258
go_stanford,short,no14vc_16_1,ddim10_cfg2.0_tts32,ddim,10,2.0,32,4,heuristic,232.9689819999885,7.947790023925203,0.29690614342689514,10.778972625732422,0.12356454133987427,9.259991645812988,10.579360008239746,10.562167167663574,0.5097296237945557,0.03103538788855076
go_stanford,short,no14vc_16_1,ddim5_cfg0.0_tts0,ddim,5,0.0,0,0,heuristic,16.590504666661825,0.14815907151351887,0.021198980510234833,9.232979774475098,0.47989746928215027,8.159584045410156,9.296253204345703,9.20511531829834,1.0297313928604126,0.0702187791466713
go_stanford,short,no14vc_16_1,ddim5_cfg0.0_tts8,ddim,5,0.0,8,4,heuristic,17.062674000044353,0.2179108085727029,0.03534345701336861,9.81011962890625,0.3075813949108124,8.553359031677246,9.76579475402832,9.704038619995117,0.8144689202308655,0.0566386915743351
go_stanford,short,no14vc_16_1,ddim5_cfg0.0_tts16,ddim,5,0.0,16,4,heuristic,33.49887466667193,0.7142608322106797,0.14666590094566345,10.377018928527832,0.1898290365934372,8.933192253112793,10.1998872756958,10.17549991607666,0.5534443259239197,0.029465561732649803
go_stanford,short,no14vc_16_1,ddim5_cfg0.0_tts32,ddim,5,0.0,32,4,heuristic,64.96343933330688,0.08021127531180026,0.169077530503273,10.458850860595703,0.1624583601951599,8.963987350463867,10.2398681640625,10.22248363494873,0.4521951973438263,0.03460713103413582
go_stanford,short,no14vc_16_1,ddim5_cfg0.5_tts0,ddim,5,0.5,0,0,heuristic,31.507408999990123,1.3072282269400992,0.012176242657005787,9.35265064239502,0.498798668384552,8.43471622467041,9.598201751708984,9.437264442443848,1.353475570678711,0.061219293624162674
go_stanford,short,no14vc_16_1,ddim5_cfg0.5_tts8,ddim,5,0.5,8,4,heuristic,31.434294666648082,0.6132256938618741,0.11302052438259125,10.208335876464844,0.18802016973495483,8.751718521118164,10.01473617553711,9.99675464630127,0.5231370329856873,0.03913257643580437
go_stanford,short,no14vc_16_1,ddim5_cfg0.5_tts16,ddim,5,0.5,16,4,heuristic,62.06128900002265,0.8378872063209438,0.15651902556419373,10.28687572479248,0.2388167679309845,8.933899879455566,10.199198722839355,10.159368515014648,0.7593414187431335,0.04207096993923187
go_stanford,short,no14vc_16_1,ddim5_cfg0.5_tts32,ddim,5,0.5,32,4,heuristic,123.56746466669695,1.0974887144252599,0.1371552050113678,10.287734985351562,0.22271835803985596,8.941859245300293,10.201569557189941,10.161538124084473,0.7622249126434326,0.042399149388074875
go_stanford,short,no14vc_16_1,ddim5_cfg1.0_tts0,ddim,5,1.0,0,0,heuristic,31.31191999996948,0.5900481011859002,0.10433052480220795,9.244059562683105,0.4915885031223297,8.552413940429688,9.684235572814941,9.447503089904785,1.6811660528182983,0.07558751106262207
go_stanford,short,no14vc_16_1,ddim5_cfg1.0_tts8,ddim,5,1.0,8,4,heuristic,31.58198533333234,0.8106455370710065,0.1907040774822235,10.200013160705566,0.28074437379837036,9.031462669372559,10.30669116973877,10.212898254394531,1.157654881477356,0.04764026403427124
go_stanford,short,no14vc_16_1,ddim5_cfg1.0_tts16,ddim,5,1.0,16,4,heuristic,62.15515700000651,0.86125936073257,0.14216899871826172,10.325745582580566,0.19887404143810272,8.897235870361328,10.16608715057373,10.126717567443848,0.5562152862548828,0.04171210527420044
go_stanford,short,no14vc_16_1,ddim5_cfg1.0_tts32,ddim,5,1.0,32,4,heuristic,125.72010199994565,3.360183832747281,0.2481360137462616,10.613482475280762,0.16022136807441711,9.14937686920166,10.433897972106934,10.415892601013184,0.5581608414649963,0.04131835699081421
go_stanford,short,no14vc_16_1,ddim5_cfg2.0_tts0,ddim,5,2.0,0,0,heuristic,31.030555333321292,0.3609634454856051,0.2183709442615509,9.572318077087402,0.448737770318985,8.83668041229248,10.028115272521973,9.78603458404541,1.7177797555923462,0.06487985700368881
go_stanford,short,no14vc_16_1,ddim5_cfg2.0_tts8,ddim,5,2.0,8,4,heuristic,32.35325233333697,1.9420248622803358,0.21887993812561035,10.523200035095215,0.1655144989490509,9.123024940490723,10.4132661819458,10.380986213684082,0.7164039015769958,0.043640296906232834
go_stanford,short,no14vc_16_1,ddim5_cfg2.0_tts16,ddim,5,2.0,16,4,heuristic,64.36484866666585,2.8598606314061192,0.24906183779239655,10.36988353729248,0.19196850061416626,9.152268409729004,10.44344425201416,10.359356880187988,1.0924335718154907,0.043345969170331955
go_stanford,short,no14vc_16_1,ddim5_cfg2.0_tts32,ddim,5,2.0,32,4,heuristic,124.12753699997363,1.2014084790915165,0.2705063819885254,10.636122703552246,0.13869039714336395,9.231653213500977,10.543599128723145,10.507555961608887,0.7610788345336914,0.03199635446071625
go_stanford,short,no14vc_16_1,ddim3_cfg0.0_tts0,ddim,3,0.0,0,0,heuristic,10.634002333366274,1.0640126284526812,0.022575166076421738,8.724225044250488,0.6383085250854492,8.019661903381348,9.092509269714355,8.869112968444824,1.509189248085022,0.09176842123270035
go_stanford,short,no14vc_16_1,ddim3_cfg0.0_tts8,ddim,3,0.0,8,4,heuristic,10.622707000038645,0.3273986084594594,0.02571665123105049,9.672130584716797,0.433287113904953,8.577160835266113,9.772746086120605,9.668593406677246,1.1062061786651611,0.05457943677902222
go_stanford,short,no14vc_16_1,ddim3_cfg0.0_tts16,ddim,3,0.0,16,4,heuristic,20.784714666698772,0.7835385917782589,0.11001503467559814,10.208903312683105,0.28701531887054443,8.81842041015625,10.068652153015137,10.036114692687988,0.6306738257408142,0.04106320068240166
go_stanford,short,no14vc_16_1,ddim3_cfg0.0_tts32,ddim,3,0.0,32,4,heuristic,40.21022766664828,0.4813840799998112,0.25437232851982117,10.467249870300293,0.22553271055221558,9.048800468444824,10.330513000488281,10.301193237304688,0.651366651058197,0.03711709752678871
go_stanford,short,no14vc_16_1,ddim3_cfg0.5_tts0,ddim,3,0.5,0,0,heuristic,18.500020666654866,0.2798538000086176,0.004760821349918842,9.390214920043945,0.4135057330131531,8.247088432312012,9.444539070129395,9.361071586608887,1.0362085103988647,0.06293080002069473
go_stanford,short,no14vc_16_1,ddim3_cfg0.5_tts8,ddim,3,0.5,8,4,heuristic,18.828464999993837,0.3551725972268312,0.1383013129234314,9.94543743133545,0.252246618270874,8.560425758361816,9.766812324523926,9.737870216369629,0.5242480635643005,0.05596398934721947
go_stanford,short,no14vc_16_1,ddim3_cfg0.5_tts16,ddim,3,0.5,16,4,heuristic,38.22961433331784,0.7914350352806475,0.1396884024143219,10.295048713684082,0.2563420832157135,8.845590591430664,10.086039543151855,10.06674861907959,0.4683803617954254,0.04582489654421806
go_stanford,short,no14vc_16_1,ddim3_cfg0.5_tts32,ddim,3,0.5,32,4,heuristic,75.91265533331655,0.7188467124128965,0.24993166327476501,10.6243314743042,0.14314743876457214,9.134778022766113,10.418116569519043,10.403998374938965,0.4964483678340912,0.03387460857629776
go_stanford,short,no14vc_16_1,ddim3_cfg1.0_tts0,ddim,3,1.0,0,0,heuristic,18.291603999993338,0.5607979431793388,0.05917586386203766,9.466826438903809,0.5396649241447449,8.75371265411377,9.903634071350098,9.651469230651855,1.6272085905075073,0.07415198534727097
go_stanford,short,no14vc_16_1,ddim3_cfg1.0_tts8,ddim,3,1.0,8,4,heuristic,17.71312266669156,0.4060854667426592,0.06501730531454086,9.789985656738281,0.32865720987319946,8.650049209594727,9.86715030670166,9.775413513183594,1.0811742544174194,0.04192722216248512
go_stanford,short,no14vc_16_1,ddim3_cfg1.0_tts16,ddim,3,1.0,16,4,heuristic,34.98465433335696,0.39667028157361295,0.23103471100330353,10.444375038146973,0.2255857288837433,9.028252601623535,10.307649612426758,10.27408504486084,0.6360507607460022,0.04471130669116974
go_stanford,short,no14vc_16_1,ddim3_cfg1.0_tts32,ddim,3,1.0,32,4,heuristic,69.78539433331814,2.269755736524008,0.22147464752197266,10.581011772155762,0.1524934470653534,9.116381645202637,10.400352478027344,10.380719184875488,0.5493063926696777,0.04497206583619118
go_stanford,short,no14vc_16_1,ddim3_cfg2.0_tts0,ddim,3,2.0,0,0,heuristic,17.0832150000327,0.5537575052602879,0.2946057915687561,9.431391716003418,0.4405231773853302,8.826008796691895,10.006217002868652,9.730957984924316,1.9602009057998657,0.06860215216875076
go_stanford,short,no14vc_16_1,ddim3_cfg2.0_tts8,ddim,3,2.0,8,4,heuristic,17.109378666608183,0.41493358600897334,0.29572436213493347,10.08953857421875,0.2413390427827835,9.132083892822266,10.389689445495605,10.245158195495605,1.561205267906189,0.049276042729616165
go_stanford,short,no14vc_16_1,ddim3_cfg2.0_tts16,ddim,3,2.0,16,4,heuristic,34.62454966665973,0.7501375450849468,0.25376105308532715,10.591580390930176,0.1786649078130722,9.15391731262207,10.438255310058594,10.413537979125977,0.6110647320747375,0.04810941591858864
go_stanford,short,no14vc_16_1,ddim3_cfg2.0_tts32,ddim,3,2.0,32,4,heuristic,72.17019200000625,3.1959006389955453,0.2962813079357147,10.733901977539062,0.13911215960979462,9.276070594787598,10.589604377746582,10.561460494995117,0.633384644985199,0.03624454513192177
go_stanford,short,no14vc_16_1,ddim2_cfg0.0_tts0,ddim,2,0.0,0,0,heuristic,6.553990999994615,0.26897042677133254,0.07977472990751266,8.761752128601074,0.5445834398269653,7.956928730010986,9.076802253723145,8.893263816833496,1.4827269315719604,0.07927635312080383
go_stanford,short,no14vc_16_1,ddim2_cfg0.0_tts8,ddim,2,0.0,8,4,heuristic,6.693851333352541,0.16005461261041987,0.06961202621459961,9.968589782714844,0.2555253207683563,8.585674285888672,9.793288230895996,9.765299797058105,0.5381969809532166,0.050887901335954666
go_stanford,short,no14vc_16_1,ddim2_cfg0.0_tts16,ddim,2,0.0,16,4,heuristic,13.679254333283097,1.2499940788787822,0.0908290296792984,10.098992347717285,0.27085116505622864,8.741707801818848,9.947824478149414,9.921454429626465,0.6042105555534363,0.06228068843483925
go_stanford,short,no14vc_16_1,ddim2_cfg0.0_tts32,ddim,2,0.0,32,4,heuristic,25.831206333312668,0.9933561358811762,0.18832708895206451,10.458186149597168,0.17800211906433105,8.995993614196777,10.265419960021973,10.246920585632324,0.5150718092918396,0.0523860938847065
go_stanford,short,no14vc_16_1,ddim2_cfg0.5_tts0,ddim,2,0.5,0,0,heuristic,11.774759666650425,0.20809437565390282,0.006201793439686298,8.916158676147461,0.588604211807251,8.137883186340332,9.256979942321777,9.063862800598145,1.5228147506713867,0.08633462339639664
go_stanford,short,no14vc_16_1,ddim2_cfg0.5_tts8,ddim,2,0.5,8,4,heuristic,11.762185666649808,0.3537779413258492,0.10929341614246368,9.987659454345703,0.3428010940551758,8.826184272766113,10.079304695129395,9.987455368041992,1.1153733730316162,0.06091998144984245
go_stanford,short,no14vc_16_1,ddim2_cfg0.5_tts16,ddim,2,0.5,16,4,heuristic,24.08114699998502,1.2057901177872505,0.1515454351902008,10.248635292053223,0.21932679414749146,8.87773609161377,10.148941993713379,10.111978530883789,0.7328336834907532,0.04662744328379631
go_stanford,short,no14vc_16_1,ddim2_cfg0.5_tts32,ddim,2,0.5,32,4,heuristic,46.95917466665378,1.0141231146842413,0.23196548223495483,10.612140655517578,0.15432046353816986,9.078788757324219,10.349457740783691,10.341195106506348,0.3440871238708496,0.05079473927617073
go_stanford,short,no14vc_16_1,ddim2_cfg1.0_tts0,ddim,2,1.0,0,0,heuristic,11.811484666623073,0.12656696926636007,0.013814756646752357,9.58654499053955,0.3552543520927429,8.391465187072754,9.57384204864502,9.495397567749023,0.8550065159797668,0.05954717472195625
go_stanford,short,no14vc_16_1,ddim2_cfg1.0_tts8,ddim,2,1.0,8,4,heuristic,11.844425333303358,0.23951631293486983,0.11783064901828766,10.147876739501953,0.2685539126396179,8.871598243713379,10.096280097961426,10.048084259033203,0.8267343640327454,0.0611586757004261
go_stanford,short,no14vc_16_1,ddim2_cfg1.0_tts16,ddim,2,1.0,16,4,heuristic,23.640715333309952,0.5290389443891391,0.2162928581237793,10.413592338562012,0.22145533561706543,9.156302452087402,10.43124008178711,10.371658325195312,0.9991927146911621,0.04726449027657509
go_stanford,short,no14vc_16_1,ddim2_cfg1.0_tts32,ddim,2,1.0,32,4,heuristic,44.709144999994045,1.2790429035037425,0.2661542296409607,10.704882621765137,0.1857483983039856,9.26647663116455,10.556204795837402,10.530354499816895,0.6197042465209961,0.04857684299349785
go_stanford,short,no14vc_16_1,ddim2_cfg2.0_tts0,ddim,2,2.0,0,0,heuristic,11.190818000007615,0.3637907583720638,0.21917490661144257,9.481870651245117,0.5708844661712646,8.83681869506836,10.022518157958984,9.767086029052734,1.9119549989700317,0.08607444912195206
go_stanford,short,no14vc_16_1,ddim2_cfg2.0_tts8,ddim,2,2.0,8,4,heuristic,11.675651666678277,0.30736957640158874,0.1599797159433365,10.345965385437012,0.30185461044311523,9.044971466064453,10.306963920593262,10.246026992797852,0.8320199847221375,0.05144084617495537
go_stanford,short,no14vc_16_1,ddim2_cfg2.0_tts16,ddim,2,2.0,16,4,heuristic,23.09735566670194,0.7777714733909328,0.16911068558692932,10.447062492370605,0.20624500513076782,9.025909423828125,10.289881706237793,10.262242317199707,0.5932459831237793,0.043867167085409164
go_stanford,short,no14vc_16_1,ddim2_cfg2.0_tts32,ddim,2,2.0,32,4,heuristic,44.81174666667206,0.8643310802618822,0.29381734132766724,10.6873140335083,0.16174116730690002,9.31666374206543,10.616093635559082,10.577881813049316,0.8096842169761658,0.03998780623078346
go_stanford,medium,no9vc_56_0,ddpm10_cfg0.0_tts0,ddpm,10,0.0,0,0,heuristic,29.430029999995593,1.0286027875508215,0.0,8.499621391296387,0.6113904714584351,7.678323268890381,8.742889404296875,8.569964408874512,1.3100289106369019,0.07045825570821762
go_stanford,medium,no9vc_56_0,ddim10_cfg0.0_tts0,ddim,10,0.0,0,0,heuristic,29.44960333331892,2.1345408236253323,0.03665848821401596,8.96469497680664,0.5288223624229431,8.015192985534668,9.123734474182129,8.992531776428223,1.191125512123108,0.06276706606149673
go_stanford,medium,no9vc_56_0,ddim10_cfg0.0_tts8,ddim,10,0.0,8,4,heuristic,29.17095166666665,0.6703172574669639,0.15336668491363525,9.621280670166016,0.3707481920719147,8.428707122802734,9.590827941894531,9.540724754333496,0.8823809027671814,0.0591614805161953
go_stanford,medium,no9vc_56_0,ddim10_cfg0.0_tts16,ddim,10,0.0,16,4,heuristic,58.73803500003305,1.1945440016424644,0.3145830035209656,10.013696670532227,0.34692147374153137,8.71946907043457,9.943015098571777,9.896852493286133,0.7825613021850586,0.05574095621705055
go_stanford,medium,no9vc_56_0,ddim10_cfg0.0_tts32,ddim,10,0.0,32,4,heuristic,121.99882966668459,4.907115346801962,0.49225977063179016,10.24715518951416,0.24605368077754974,8.91606330871582,10.1575288772583,10.115217208862305,0.7422959208488464,0.04691160097718239
go_stanford,medium,no9vc_56_0,ddim10_cfg0.5_tts0,ddim,10,0.5,0,0,heuristic,56.6687703333173,0.16765991668548597,0.10915862023830414,9.146100044250488,0.6320419907569885,8.367608070373535,9.496803283691406,9.286551475524902,1.510054588317871,0.062008876353502274
go_stanford,medium,no9vc_56_0,ddim10_cfg0.5_tts8,ddim,10,0.5,8,4,heuristic,56.54532933332727,0.733404953973492,0.3355611562728882,9.996140480041504,0.31324148178100586,8.686821937561035,9.910478591918945,9.873382568359375,0.7661649584770203,0.05623248592019081
go_stanford,medium,no9vc_56_0,ddim10_cfg0.5_tts16,ddim,10,0.5,16,4,heuristic,114.14580833335701,1.5289257709126263,0.5351901650428772,10.440386772155762,0.22340428829193115,9.05312442779541,10.334487915039062,10.294135093688965,0.707508385181427,0.03779958188533783
go_stanford,medium,no9vc_56_0,ddim10_cfg0.5_tts32,ddim,10,0.5,32,4,heuristic,226.58461066669133,3.3105288621568185,0.4834713637828827,10.39615535736084,0.17804867029190063,8.972890853881836,10.238648414611816,10.21536922454834,0.605387806892395,0.04473258927464485
go_stanford,medium,no9vc_56_0,ddim10_cfg1.0_tts0,ddim,10,1.0,0,0,heuristic,59.19921599998664,4.710504995342287,0.2823202908039093,9.102156639099121,0.5523325204849243,8.450459480285645,9.576460838317871,9.323222160339355,1.7324069738388062,0.07571805268526077
go_stanford,medium,no9vc_56_0,ddim10_cfg1.0_tts8,ddim,10,1.0,8,4,heuristic,56.31016133334773,0.2288297473974053,0.35002559423446655,9.988770484924316,0.32126033306121826,8.7544527053833,9.999185562133789,9.938908576965332,0.9786807894706726,0.0494757741689682
go_stanford,medium,no9vc_56_0,ddim10_cfg1.0_tts16,ddim,10,1.0,16,4,heuristic,116.24992633335296,4.6885040158736615,0.46408605575561523,10.306368827819824,0.27787137031555176,8.964082717895508,10.237210273742676,10.189777374267578,0.7963735461235046,0.029228808358311653
go_stanford,medium,no9vc_56_0,ddim10_cfg1.0_tts32,ddim,10,1.0,32,4,heuristic,229.4018773333543,1.3539941932217543,0.61982262134552,10.672842979431152,0.1748655140399933,9.143446922302246,10.4447021484375,10.429556846618652,0.43094512820243835,0.03798966482281685
go_stanford,medium,no9vc_56_0,ddim10_cfg2.0_tts0,ddim,10,2.0,0,0,heuristic,58.47421100005098,0.8673459473418137,0.5705917477607727,9.524337768554688,0.5625725984573364,8.875227928161621,10.083085060119629,9.794440269470215,1.8775056600570679,0.0707748606801033
go_stanford,medium,no9vc_56_0,ddim10_cfg2.0_tts8,ddim,10,2.0,8,4,heuristic,56.959243666597104,0.7161842512181386,0.700436532497406,10.129307746887207,0.28973615169525146,9.154767990112305,10.41977310180664,10.280379295349121,1.546348214149475,0.05483511462807655
go_stanford,medium,no9vc_56_0,ddim10_cfg2.0_tts16,ddim,10,2.0,16,4,heuristic,112.99132333332788,0.5268990333302943,0.656873345375061,10.571595191955566,0.21740935742855072,9.217320442199707,10.516484260559082,10.47542667388916,0.8474590182304382,0.04373453930020332
go_stanford,medium,no9vc_56_0,ddim10_cfg2.0_tts32,ddim,10,2.0,32,4,heuristic,227.80981133333475,4.321439122144293,0.8063856363296509,10.925941467285156,0.10847959667444229,9.347929000854492,10.680960655212402,10.671610832214355,0.40098413825035095,0.034943852573633194
go_stanford,medium,no9vc_56_0,ddim5_cfg0.0_tts0,ddim,5,0.0,0,0,heuristic,15.818047333368668,0.3701757414681741,0.02641618624329567,8.97596263885498,0.5660927295684814,7.900820255279541,9.02672290802002,8.93969440460205,1.013811469078064,0.060077518224716187
go_stanford,medium,no9vc_56_0,ddim5_cfg0.0_tts8,ddim,5,0.0,8,4,heuristic,15.24632233330673,0.30206558176837606,0.19630250334739685,9.37653923034668,0.5453298091888428,8.440499305725098,9.589653968811035,9.432571411132812,1.2657028436660767,0.07240761071443558
go_stanford,medium,no9vc_56_0,ddim5_cfg0.0_tts16,ddim,5,0.0,16,4,heuristic,31.077584666642604,1.139516503052965,0.3526216745376587,10.179509162902832,0.21053515374660492,8.736440658569336,9.95324993133545,9.934172630310059,0.41640472412109375,0.05117262527346611
go_stanford,medium,no9vc_56_0,ddim5_cfg0.0_tts32,ddim,5,0.0,32,4,heuristic,60.3724916666882,0.7398445059276454,0.5305160284042358,10.461276054382324,0.1613033562898636,8.963732719421387,10.228541374206543,10.215985298156738,0.4176986515522003,0.05273181200027466
go_stanford,medium,no9vc_56_0,ddim5_cfg0.5_tts0,ddim,5,0.5,0,0,heuristic,32.52216199996383,3.828427109179367,0.18956437706947327,8.800518035888672,0.6015796661376953,8.228645324707031,9.335976600646973,9.05360221862793,1.824438214302063,0.0781281515955925
go_stanford,medium,no9vc_56_0,ddim5_cfg0.5_tts8,ddim,5,0.5,8,4,heuristic,29.57467300003221,1.0936347532024084,0.23516389727592468,9.87321662902832,0.28408390283584595,8.446850776672363,9.666543006896973,9.649127960205078,0.48071280121803284,0.05512646958231926
go_stanford,medium,no9vc_56_0,ddim5_cfg0.5_tts16,ddim,5,0.5,16,4,heuristic,57.81882500002666,0.7142460540573815,0.3857978582382202,10.22232437133789,0.32089725136756897,8.8071928024292,10.070769309997559,10.03295612335205,0.5823289155960083,0.047036897391080856
go_stanford,medium,no9vc_56_0,ddim5_cfg0.5_tts32,ddim,5,0.5,32,4,heuristic,113.96017499998834,0.16331975022258785,0.5457910299301147,10.563376426696777,0.1805577576160431,9.030728340148926,10.330676078796387,10.316370964050293,0.424368292093277,0.03235242888331413
go_stanford,medium,no9vc_56_0,ddim5_cfg1.0_tts0,ddim,5,1.0,0,0,heuristic,28.662194333302676,0.661967590615796,0.16150178015232086,8.955821990966797,0.576653778553009,8.29438304901123,9.414002418518066,9.18741512298584,1.7619606256484985,0.0821448266506195
go_stanford,medium,no9vc_56_0,ddim5_cfg1.0_tts8,ddim,5,1.0,8,4,heuristic,29.985191333291066,0.40959351271551003,0.3817344307899475,10.062708854675293,0.31384366750717163,8.808618545532227,10.057872772216797,9.996789932250977,0.9314565658569336,0.05157093703746796
go_stanford,medium,no9vc_56_0,ddim5_cfg1.0_tts16,ddim,5,1.0,16,4,heuristic,60.952509000003374,2.925941869965343,0.5158393979072571,10.445969581604004,0.1989482194185257,9.027942657470703,10.305924415588379,10.279826164245605,0.6504323482513428,0.038459762930870056
go_stanford,medium,no9vc_56_0,ddim5_cfg1.0_tts32,ddim,5,1.0,32,4,heuristic,116.17700166668025,1.810042476366032,0.6139103174209595,10.63848876953125,0.1871218979358673,9.15542221069336,10.442912101745605,10.426796913146973,0.5179753303527832,0.04162927716970444
go_stanford,medium,no9vc_56_0,ddim5_cfg2.0_tts0,ddim,5,2.0,0,0,heuristic,29.107258333359216,0.5980738632523428,0.5328735709190369,9.58802318572998,0.5588046312332153,8.921899795532227,10.121745109558105,9.852913856506348,1.8594813346862793,0.07434361428022385
go_stanford,medium,no9vc_56_0,ddim5_cfg2.0_tts8,ddim,5,2.0,8,4,heuristic,29.147540666637422,0.11086430446478165,0.5638073086738586,10.44307804107666,0.2608642578125,9.099957466125488,10.37566089630127,10.32451343536377,0.7813239693641663,0.04707486927509308
go_stanford,medium,no9vc_56_0,ddim5_cfg2.0_tts16,ddim,5,2.0,16,4,heuristic,58.07461999999456,0.6546005652270569,0.7839087843894958,10.893111228942871,0.14366327226161957,9.308662414550781,10.652758598327637,10.64147663116455,0.40817996859550476,0.04025459662079811
go_stanford,medium,no9vc_56_0,ddim5_cfg2.0_tts32,ddim,5,2.0,32,4,heuristic,114.57060066660081,1.0096324467394577,0.8061897158622742,10.950140953063965,0.1118965893983841,9.360092163085938,10.69367504119873,10.684184074401855,0.36719346046447754,0.035940203815698624
go_stanford,medium,no9vc_56_0,ddim3_cfg0.0_tts0,ddim,3,0.0,0,0,heuristic,9.493577999971118,0.31504537530873333,0.06446125358343124,8.456424713134766,0.7691910266876221,8.001503944396973,9.047430038452148,8.727118492126465,1.8665738105773926,0.09187609702348709
go_stanford,medium,no9vc_56_0,ddim3_cfg0.0_tts8,ddim,3,0.0,8,4,heuristic,9.97424233332822,0.44898013708187373,0.2915453314781189,9.971344947814941,0.2716793417930603,8.680729866027832,9.897982597351074,9.854269981384277,0.7819032073020935,0.05588335916399956
go_stanford,medium,no9vc_56_0,ddim3_cfg0.0_tts16,ddim,3,0.0,16,4,heuristic,18.783582000006998,0.4248318483386382,0.4214274287223816,10.355786323547363,0.2609645426273346,8.847278594970703,10.101944923400879,10.08901309967041,0.3588634431362152,0.048395950347185135
go_stanford,medium,no9vc_56_0,ddim3_cfg0.0_tts32,ddim,3,0.0,32,4,heuristic,40.065412333281834,4.391677166593568,0.5315419435501099,10.549360275268555,0.2193078249692917,9.086688995361328,10.352998733520508,10.331735610961914,0.4987572729587555,0.04391295835375786
go_stanford,medium,no9vc_56_0,ddim3_cfg0.5_tts0,ddim,3,0.5,0,0,heuristic,18.033025000022462,0.2467733566865616,0.10047422349452972,9.037520408630371,0.5846086740493774,8.321455955505371,9.417691230773926,9.20400333404541,1.5711660385131836,0.08418063074350357
go_stanford,medium,no9vc_56_0,ddim3_cfg0.5_tts8,ddim,3,0.5,8,4,heuristic,17.965339333348613,0.19627810984387978,0.1650093048810959,9.685481071472168,0.3709363639354706,8.392937660217285,9.573103904724121,9.53548812866211,0.689771831035614,0.05205250903964043
go_stanford,medium,no9vc_56_0,ddim3_cfg0.5_tts16,ddim,3,0.5,16,4,heuristic,35.28258000001946,0.25211050765643106,0.45371013879776,10.299013137817383,0.35423317551612854,8.993570327758789,10.238809585571289,10.187625885009766,0.7981110215187073,0.051596749573946
go_stanford,medium,no9vc_56_0,ddim3_cfg0.5_tts32,ddim,3,0.5,32,4,heuristic,70.44652166666765,0.09865867433382397,0.6067659258842468,10.652560234069824,0.16936254501342773,9.138924598693848,10.418766021728516,10.408356666564941,0.4202815294265747,0.051483120769262314
go_stanford,medium,no9vc_56_0,ddim3_cfg1.0_tts0,ddim,3,1.0,0,0,heuristic,17.91158166668083,0.24945217987980292,0.17380550503730774,9.169333457946777,0.6626160144805908,8.397564888000488,9.530384063720703,9.313939094543457,1.5160545110702515,0.07342413812875748
go_stanford,medium,no9vc_56_0,ddim3_cfg1.0_tts8,ddim,3,1.0,8,4,heuristic,19.05802633333072,1.6908019183083822,0.23623891174793243,9.637118339538574,0.43472468852996826,8.599608421325684,9.799250602722168,9.688633918762207,1.2579323053359985,0.06735739856958389
go_stanford,medium,no9vc_56_0,ddim3_cfg1.0_tts16,ddim,3,1.0,16,4,heuristic,35.934020000013334,0.9947079303766357,0.591545581817627,10.465906143188477,0.2015259563922882,9.057663917541504,10.355294227600098,10.320873260498047,0.7064308524131775,0.05249375104904175
go_stanford,medium,no9vc_56_0,ddim3_cfg1.0_tts32,ddim,3,1.0,32,4,heuristic,70.63870766667908,0.6303951587164666,0.7265608310699463,10.739677429199219,0.20042827725410461,9.294621467590332,10.603476524353027,10.576955795288086,0.6579316258430481,0.04199643433094025
go_stanford,medium,no9vc_56_0,ddim3_cfg2.0_tts0,ddim,3,2.0,0,0,heuristic,18.396247333347066,1.0779462306598027,0.39792579412460327,9.78564739227295,0.5188087821006775,8.839194297790527,10.061131477355957,9.89910888671875,1.4382930994033813,0.056694984436035156
go_stanford,medium,no9vc_56_0,ddim3_cfg2.0_tts8,ddim,3,2.0,8,4,heuristic,18.52662633333087,1.0176656748036506,0.5830625295639038,10.394131660461426,0.24361437559127808,9.128958702087402,10.400422096252441,10.332747459411621,0.9420228600502014,0.05102658271789551
go_stanford,medium,no9vc_56_0,ddim3_cfg2.0_tts16,ddim,3,2.0,16,4,heuristic,35.640805666692664,0.7221781476639825,0.7459061741828918,10.761940002441406,0.14852213859558105,9.279353141784668,10.599388122558594,10.575153350830078,0.5890193581581116,0.04572144150733948
go_stanford,medium,no9vc_56_0,ddim3_cfg2.0_tts32,ddim,3,2.0,32,4,heuristic,69.8638483333222,0.5701402894506717,0.8213700652122498,10.982819557189941,0.13043631613254547,9.393716812133789,10.719548225402832,10.70942211151123,0.34386739134788513,0.03763261064887047
go_stanford,medium,no9vc_56_0,ddim2_cfg0.0_tts0,ddim,2,0.0,0,0,heuristic,6.805348333349078,0.07838874374246158,0.05378939211368561,8.92519474029541,0.5893471837043762,8.039851188659668,9.14731216430664,8.960136413574219,1.2046103477478027,0.07782631367444992
go_stanford,medium,no9vc_56_0,ddim2_cfg0.0_tts8,ddim,2,0.0,8,4,heuristic,6.7351903333777345,0.08646180192867776,0.1337822824716568,9.311034202575684,0.5556021928787231,8.441157341003418,9.589967727661133,9.440053939819336,1.475523829460144,0.06865577399730682
go_stanford,medium,no9vc_56_0,ddim2_cfg0.0_tts16,ddim,2,0.0,16,4,heuristic,13.299173666647826,0.38447055763215704,0.4559258222579956,10.306044578552246,0.39704179763793945,8.895917892456055,10.174539566040039,10.138100624084473,0.6350916028022766,0.06659453362226486
go_stanford,medium,no9vc_56_0,ddim2_cfg0.0_tts32,ddim,2,0.0,32,4,heuristic,26.941388999982035,1.8810604716928272,0.650234580039978,10.474780082702637,0.28737616539001465,9.15735912322998,10.437629699707031,10.387969970703125,0.8723557591438293,0.04536464810371399
go_stanford,medium,no9vc_56_0,ddim2_cfg0.5_tts0,ddim,2,0.5,0,0,heuristic,12.502207333341175,0.49057131930136905,0.20875461399555206,8.911469459533691,0.5983604192733765,8.243269920349121,9.363481521606445,9.111621856689453,1.67293119430542,0.08292629569768906
go_stanford,medium,no9vc_56_0,ddim2_cfg0.5_tts8,ddim,2,0.5,8,4,heuristic,12.25652299998122,0.286756365694193,0.2717954218387604,9.772998809814453,0.4527587294578552,8.615479469299316,9.822875022888184,9.728400230407715,0.9850897789001465,0.0646025538444519
go_stanford,medium,no9vc_56_0,ddim2_cfg0.5_tts16,ddim,2,0.5,16,4,heuristic,24.571107333334414,0.041555925831355506,0.49647340178489685,10.315308570861816,0.2807883322238922,9.042259216308594,10.298778533935547,10.244942665100098,0.9145438075065613,0.054611608386039734
go_stanford,medium,no9vc_56_0,ddim2_cfg0.5_tts32,ddim,2,0.5,32,4,heuristic,47.71212666666239,0.31357000847742034,0.539015531539917,10.408064842224121,0.25439566373825073,9.052716255187988,10.318798065185547,10.279448509216309,0.7487344741821289,0.055297061800956726
go_stanford,medium,no9vc_56_0,ddim2_cfg1.0_tts0,ddim,2,1.0,0,0,heuristic,12.120243666686292,0.14061447232929578,0.23111271858215332,9.39669418334961,0.6232964396476746,8.511605262756348,9.697638511657715,9.483013153076172,1.3550186157226562,0.07434562593698502
go_stanford,medium,no9vc_56_0,ddim2_cfg1.0_tts8,ddim,2,1.0,8,4,heuristic,12.911774333322986,0.9878710448491379,0.47646594047546387,10.079543113708496,0.3832225501537323,8.96739387512207,10.215378761291504,10.1018648147583,1.175222396850586,0.06490644812583923
go_stanford,medium,no9vc_56_0,ddim2_cfg1.0_tts16,ddim,2,1.0,16,4,heuristic,24.35025766662117,0.2822705897129836,0.4370458424091339,10.208125114440918,0.26076918840408325,8.880043983459473,10.127655982971191,10.087130546569824,0.7666923403739929,0.06573302298784256
go_stanford,medium,no9vc_56_0,ddim2_cfg1.0_tts32,ddim,2,1.0,32,4,heuristic,52.30693600003633,5.540920103713432,0.6626659631729126,10.702106475830078,0.18830209970474243,9.210212707519531,10.508280754089355,10.487900733947754,0.5124244689941406,0.03846642002463341
go_stanford,medium,no9vc_56_0,ddim2_cfg2.0_tts0,ddim,2,2.0,0,0,heuristic,12.942495000023277,1.5547977375601083,0.4833487570285797,9.1214599609375,0.6150757670402527,8.639912605285645,9.777701377868652,9.443279266357422,2.018296003341675,0.07675345987081528
go_stanford,medium,no9vc_56_0,ddim2_cfg2.0_tts8,ddim,2,2.0,8,4,heuristic,13.107935000031526,1.171606833182847,0.5597704648971558,10.289427757263184,0.2111932933330536,9.03526782989502,10.30848217010498,10.244675636291504,0.9939572215080261,0.044733818620443344
go_stanford,medium,no9vc_56_0,ddim2_cfg2.0_tts16,ddim,2,2.0,16,4,heuristic,24.774070000034953,0.7818669814523879,0.743437647819519,10.743348121643066,0.20728041231632233,9.299907684326172,10.619807243347168,10.590290069580078,0.6855675578117371,0.04453713819384575
go_stanford,medium,no9vc_56_0,ddim2_cfg2.0_tts32,ddim,2,2.0,32,4,heuristic,48.33784566672724,0.6541398296783183,0.7761969566345215,10.832945823669434,0.154367595911026,9.325940132141113,10.650240898132324,10.630478858947754,0.5435311198234558,0.04666768014431
go_stanford,medium,no26vcF_20_0,ddpm10_cfg0.0_tts0,ddpm,10,0.0,0,0,heuristic,32.399926000001265,1.2203145392874175,0.0,9.270742416381836,0.5441122651100159,8.547348022460938,9.641362190246582,9.443598747253418,1.5849772691726685,0.08466949313879013
go_stanford,medium,no26vcF_20_0,ddim10_cfg0.0_tts0,ddim,10,0.0,0,0,heuristic,29.93103300002531,0.3392513597688093,0.058311402797698975,9.371020317077637,0.5473500490188599,8.549071311950684,9.695985794067383,9.514058113098145,1.5122159719467163,0.07198619842529297
go_stanford,medium,no26vcF_20_0,ddim10_cfg0.0_tts8,ddim,10,0.0,8,4,heuristic,29.04750366663696,0.8746748296074709,0.08484158664941788,10.165790557861328,0.20839478075504303,8.892253875732422,10.137177467346191,10.084134101867676,0.8827322125434875,0.05629855394363403
go_stanford,medium,no26vcF_20_0,ddim10_cfg0.0_tts16,ddim,10,0.0,16,4,heuristic,58.211392333343305,0.7043111687023171,0.23673871159553528,10.476009368896484,0.2034655511379242,8.9545316696167,10.233513832092285,10.218692779541016,0.3929023742675781,0.03439054265618324
go_stanford,medium,no26vcF_20_0,ddim10_cfg0.0_tts32,ddim,10,0.0,32,4,heuristic,116.10593933331377,0.43769558270272196,0.22968435287475586,10.52262020111084,0.19573557376861572,8.99809741973877,10.265446662902832,10.254444122314453,0.35634222626686096,0.04264913499355316
go_stanford,medium,no26vcF_20_0,ddim10_cfg0.5_tts0,ddim,10,0.5,0,0,heuristic,55.595770666627686,0.6242688176624708,0.22227737307548523,9.553540229797363,0.5255786180496216,8.553339958190918,9.736594200134277,9.600359916687012,1.2414323091506958,0.0728127583861351
go_stanford,medium,no26vcF_20_0,ddim10_cfg0.5_tts8,ddim,10,0.5,8,4,heuristic,55.39348733331432,1.5572542549715946,0.5472823977470398,10.433920860290527,0.3177247941493988,9.203817367553711,10.492802619934082,10.41347599029541,1.0594853162765503,0.051790785044431686
go_stanford,medium,no26vcF_20_0,ddim10_cfg0.5_tts16,ddim,10,0.5,16,4,heuristic,109.51554866661202,1.800759092621856,0.31231778860092163,10.37883472442627,0.24534018337726593,9.024974822998047,10.311034202575684,10.265021324157715,0.798180878162384,0.04482321813702583
go_stanford,medium,no26vcF_20_0,ddim10_cfg0.5_tts32,ddim,10,0.5,32,4,heuristic,220.14630733334192,4.1397913706325005,0.35366207361221313,10.801386833190918,0.15663661062717438,9.23151683807373,10.540484428405762,10.531484603881836,0.35204172134399414,0.043487560003995895
go_stanford,medium,no26vcF_20_0,ddim10_cfg1.0_tts0,ddim,10,1.0,0,0,heuristic,60.37474799999624,5.187198805012207,0.24831846356391907,9.798442840576172,0.52034592628479,8.726990699768066,9.944994926452637,9.822909355163574,1.1814738512039185,0.06653191149234772
go_stanford,medium,no26vcF_20_0,ddim10_cfg1.0_tts8,ddim,10,1.0,8,4,heuristic,57.96444466667102,0.7739277890915147,0.19487105309963226,10.469544410705566,0.25019901990890503,9.133337020874023,10.399304389953613,10.350854873657227,0.7723587155342102,0.06345892697572708
go_stanford,medium,no26vcF_20_0,ddim10_cfg1.0_tts16,ddim,10,1.0,16,4,heuristic,114.0898206666255,1.5521708975766877,0.4163796305656433,10.822685241699219,0.12690186500549316,9.196364402770996,10.528499603271484,10.521842002868652,0.2694454491138458,0.03705954551696777
go_stanford,medium,no26vcF_20_0,ddim10_cfg1.0_tts32,ddim,10,1.0,32,4,heuristic,227.82857433332993,2.834430495428847,0.4375005066394806,10.933625221252441,0.11470403522253036,9.326569557189941,10.665933609008789,10.65858268737793,0.34546375274658203,0.028733866289258003
go_stanford,medium,no26vcF_20_0,ddim10_cfg2.0_tts0,ddim,10,2.0,0,0,heuristic,57.85255233331554,0.32423075878207946,0.45555007457733154,10.057272911071777,0.43702611327171326,8.898816108703613,10.149017333984375,10.0437593460083,1.0695276260375977,0.0771729052066803
go_stanford,medium,no26vcF_20_0,ddim10_cfg2.0_tts8,ddim,10,2.0,8,4,heuristic,56.15769166668846,0.35561401083335725,0.6651968955993652,10.858935356140137,0.21090924739837646,9.364124298095703,10.712117195129395,10.680827140808105,0.6171069145202637,0.04203953221440315
go_stanford,medium,no26vcF_20_0,ddim10_cfg2.0_tts16,ddim,10,2.0,16,4,heuristic,116.09126166668678,3.706067462866953,0.5970757603645325,11.096400260925293,0.13900327682495117,9.486932754516602,10.847224235534668,10.836021423339844,0.3818938732147217,0.041105013340711594
go_stanford,medium,no26vcF_20_0,ddim10_cfg2.0_tts32,ddim,10,2.0,32,4,heuristic,232.33321466667198,8.798858597642033,0.6089138388633728,11.215569496154785,0.10984534025192261,9.574746131896973,10.943626403808594,10.936748504638672,0.3312610387802124,0.03516412153840065
go_stanford,medium,no26vcF_20_0,ddim5_cfg0.0_tts0,ddim,5,0.0,0,0,heuristic,15.47104199998254,0.3894966591080923,0.012791627086699009,9.470877647399902,0.40426555275917053,8.400507926940918,9.573586463928223,9.46269702911377,1.0861461162567139,0.07133909314870834
go_stanford,medium,no26vcF_20_0,ddim5_cfg0.0_tts8,ddim,5,0.0,8,4,heuristic,15.956301333327852,0.8361846388726517,0.03295408934354782,9.691678047180176,0.3501506447792053,8.7278470993042,9.886378288269043,9.76584243774414,1.3113032579421997,0.07814813405275345
go_stanford,medium,no26vcF_20_0,ddim5_cfg0.0_tts16,ddim,5,0.0,16,4,heuristic,31.070931333336677,0.4923298605773367,0.32990071177482605,10.360197067260742,0.2841268479824066,8.967659950256348,10.242359161376953,10.208722114562988,0.6848156452178955,0.057466018944978714
go_stanford,medium,no26vcF_20_0,ddim5_cfg0.0_tts32,ddim,5,0.0,32,4,heuristic,60.70744500001032,0.552371608019612,0.23776033520698547,10.691554069519043,0.15748029947280884,9.180851936340332,10.476985931396484,10.461344718933105,0.46984395384788513,0.03170246258378029
go_stanford,medium,no26vcF_20_0,ddim5_cfg0.5_tts0,ddim,5,0.5,0,0,heuristic,28.708229000017127,0.2357558662233569,0.14682501554489136,9.708292961120605,0.4881734251976013,8.830401420593262,10.007099151611328,9.83109188079834,1.4525307416915894,0.07397347688674927
go_stanford,medium,no26vcF_20_0,ddim5_cfg0.5_tts8,ddim,5,0.5,8,4,heuristic,28.645604000037867,0.14780501161669918,0.1965731382369995,10.139983177185059,0.2922195494174957,8.825634002685547,10.062220573425293,10.022895812988281,0.779937744140625,0.06002793833613396
go_stanford,medium,no26vcF_20_0,ddim5_cfg0.5_tts16,ddim,5,0.5,16,4,heuristic,57.64387166667954,0.6510324492168498,0.20868206024169922,10.463772773742676,0.22442227602005005,8.99849796295166,10.286639213562012,10.2609224319458,0.5400341153144836,0.05525730177760124
go_stanford,medium,no26vcF_20_0,ddim5_cfg0.5_tts32,ddim,5,0.5,32,4,heuristic,114.68429666668574,0.8372135369181395,0.409106582403183,10.89732837677002,0.10691271722316742,9.267806053161621,10.600321769714355,10.594878196716309,0.2659893333911896,0.03186644986271858
go_stanford,medium,no26vcF_20_0,ddim5_cfg1.0_tts0,ddim,5,1.0,0,0,heuristic,29.2307616667055,0.6299415293599302,0.3053554892539978,9.978439331054688,0.4383488893508911,8.765406608581543,10.008747100830078,9.920551300048828,0.9510998725891113,0.059051599353551865
go_stanford,medium,no26vcF_20_0,ddim5_cfg1.0_tts8,ddim,5,1.0,8,4,heuristic,30.654592333310877,1.9680502945671996,0.4404022693634033,10.621399879455566,0.21261179447174072,9.140769004821777,10.441079139709473,10.41768741607666,0.5433036684989929,0.03944658860564232
go_stanford,medium,no26vcF_20_0,ddim5_cfg1.0_tts16,ddim,5,1.0,16,4,heuristic,58.6616390000169,0.9399398502758349,0.3368770480155945,10.729973793029785,0.16721519827842712,9.231669425964355,10.546422004699707,10.525952339172363,0.5364083647727966,0.053946275264024734
go_stanford,medium,no26vcF_20_0,ddim5_cfg1.0_tts32,ddim,5,1.0,32,4,heuristic,115.42436166670693,0.5303209677250561,0.46915164589881897,10.993842124938965,0.10209757834672928,9.353668212890625,10.698677062988281,10.692261695861816,0.26772820949554443,0.03364841267466545
go_stanford,medium,no26vcF_20_0,ddim5_cfg2.0_tts0,ddim,5,2.0,0,0,heuristic,29.128829000001133,0.6530042192188402,0.6353433132171631,10.400330543518066,0.2806139886379242,9.037110328674316,10.351849555969238,10.302550315856934,0.8439642786979675,0.052118245512247086
go_stanford,medium,no26vcF_20_0,ddim5_cfg2.0_tts8,ddim,5,2.0,8,4,heuristic,29.97686333336939,1.3234447422696407,0.5721388459205627,11.052647590637207,0.11688858270645142,9.44064712524414,10.789222717285156,10.777617454528809,0.33993473649024963,0.039979930967092514
go_stanford,medium,no26vcF_20_0,ddim5_cfg2.0_tts16,ddim,5,2.0,16,4,heuristic,59.25583766664507,2.1177512237535683,0.5510826110839844,11.08513355255127,0.1134733259677887,9.45215129852295,10.802660942077637,10.796259880065918,0.2973138093948364,0.04723288118839264
go_stanford,medium,no26vcF_20_0,ddim5_cfg2.0_tts32,ddim,5,2.0,32,4,heuristic,117.92112366667122,4.248285788115151,0.6472870111465454,11.206366539001465,0.08810792118310928,9.55528450012207,10.924149513244629,10.918116569519043,0.30445513129234314,0.03554381802678108
go_stanford,medium,no26vcF_20_0,ddim3_cfg0.0_tts0,ddim,3,0.0,0,0,heuristic,9.723205333330043,0.5991803283030612,0.028487198054790497,9.044892311096191,0.5737023949623108,8.245760917663574,9.3523588180542,9.15710163116455,1.4173411130905151,0.0911848321557045
go_stanford,medium,no26vcF_20_0,ddim3_cfg0.0_tts8,ddim,3,0.0,8,4,heuristic,9.721875666590071,0.29805771191109626,0.28240787982940674,10.189837455749512,0.29249048233032227,8.966032028198242,10.221003532409668,10.150598526000977,1.003806710243225,0.056215494871139526
go_stanford,medium,no26vcF_20_0,ddim3_cfg0.0_tts16,ddim,3,0.0,16,4,heuristic,19.43067266665821,0.5942483716282837,0.35475948452949524,10.375692367553711,0.20166698098182678,8.925152778625488,10.214444160461426,10.18928050994873,0.597020149230957,0.03463389351963997
go_stanford,medium,no26vcF_20_0,ddim3_cfg0.0_tts32,ddim,3,0.0,32,4,heuristic,37.46991866667789,0.5607886253944229,0.32422101497650146,10.560335159301758,0.19887810945510864,9.09615421295166,10.393296241760254,10.37234878540039,0.5847861766815186,0.04846097156405449
go_stanford,medium,no26vcF_20_0,ddim3_cfg0.5_tts0,ddim,3,0.5,0,0,heuristic,18.02639666671742,0.21654046742091784,0.04124915599822998,9.737422943115234,0.3248288035392761,8.540108680725098,9.750269889831543,9.68566608428955,0.9674980044364929,0.061742980033159256
go_stanford,medium,no26vcF_20_0,ddim3_cfg0.5_tts8,ddim,3,0.5,8,4,heuristic,18.608687999972062,1.5450284993556127,0.16100943088531494,10.276833534240723,0.26511815190315247,8.905865669250488,10.156962394714355,10.119543075561523,0.6669114232063293,0.05695177987217903
go_stanford,medium,no26vcF_20_0,ddim3_cfg0.5_tts16,ddim,3,0.5,16,4,heuristic,36.39109033334383,1.9095419879415036,0.3622821569442749,10.726302146911621,0.1701430380344391,9.230033874511719,10.521698951721191,10.506180763244629,0.48984137177467346,0.04940385743975639
go_stanford,medium,no26vcF_20_0,ddim3_cfg0.5_tts32,ddim,3,0.5,32,4,heuristic,72.27245433333944,1.2200023650464409,0.38515686988830566,10.858078002929688,0.16869816184043884,9.338533401489258,10.64659595489502,10.6333646774292,0.4760277271270752,0.05133834853768349
go_stanford,medium,no26vcF_20_0,ddim3_cfg1.0_tts0,ddim,3,1.0,0,0,heuristic,18.154550999952335,1.0352196396383082,0.2724888324737549,9.883157730102539,0.4674449861049652,8.71807861328125,9.94948673248291,9.856691360473633,1.037915825843811,0.06555604189634323
go_stanford,medium,no26vcF_20_0,ddim3_cfg1.0_tts8,ddim,3,1.0,8,4,heuristic,19.298665666648656,1.84893739084994,0.14258858561515808,10.256254196166992,0.3327239155769348,9.091204643249512,10.342190742492676,10.25652027130127,1.1113791465759277,0.06331679970026016
go_stanford,medium,no26vcF_20_0,ddim3_cfg1.0_tts16,ddim,3,1.0,16,4,heuristic,36.011805666665474,0.26446650457723253,0.4955739974975586,10.557272911071777,0.20194731652736664,9.18421745300293,10.477709770202637,10.434760093688965,0.7674595713615417,0.054631009697914124
go_stanford,medium,no26vcF_20_0,ddim3_cfg1.0_tts32,ddim,3,1.0,32,4,heuristic,70.61630533329814,0.3854771348468522,0.4475695490837097,11.05739974975586,0.09404925256967545,9.414734840393066,10.761635780334473,10.756697654724121,0.27174094319343567,0.0284549742937088
go_stanford,medium,no26vcF_20_0,ddim3_cfg2.0_tts0,ddim,3,2.0,0,0,heuristic,18.116816000012175,0.5026163548620689,0.5361425876617432,10.479573249816895,0.32583165168762207,9.137677192687988,10.445860862731934,10.395903587341309,0.8785526156425476,0.06023019179701805
go_stanford,medium,no26vcF_20_0,ddim3_cfg2.0_tts8,ddim,3,2.0,8,4,heuristic,17.83624533334205,0.10481109786850085,0.48745954036712646,10.767486572265625,0.25763559341430664,9.282184600830078,10.617531776428223,10.590999603271484,0.6197370290756226,0.046436671167612076
go_stanford,medium,no26vcF_20_0,ddim3_cfg2.0_tts16,ddim,3,2.0,16,4,heuristic,35.65320233330264,0.6111430911897097,0.6048088073730469,11.236808776855469,0.0785217434167862,9.57802677154541,10.948073387145996,10.943161010742188,0.28788578510284424,0.03772024065256119
go_stanford,medium,no26vcF_20_0,ddim3_cfg2.0_tts32,ddim,3,2.0,32,4,heuristic,75.79614833332471,7.3377861373861855,0.6251262426376343,11.261348724365234,0.10005158185958862,9.605513572692871,10.985905647277832,10.980097770690918,0.3264356553554535,0.0319506973028183
go_stanford,medium,no26vcF_20_0,ddim2_cfg0.0_tts0,ddim,2,0.0,0,0,heuristic,6.951740999928309,0.10651979239247035,0.08227052539587021,9.012657165527344,0.6738314032554626,8.234527587890625,9.296930313110352,9.114108085632324,1.3784984350204468,0.09215477854013443
go_stanford,medium,no26vcF_20_0,ddim2_cfg0.0_tts8,ddim,2,0.0,8,4,heuristic,6.962141333322809,0.13477313385057185,0.1759178191423416,10.177842140197754,0.27574849128723145,8.792210578918457,10.037785530090332,10.007438659667969,0.6319555640220642,0.0539131760597229
go_stanford,medium,no26vcF_20_0,ddim2_cfg0.0_tts16,ddim,2,0.0,16,4,heuristic,13.836491666703902,0.4446731809517656,0.24558664858341217,10.459839820861816,0.26199576258659363,8.985777854919434,10.274466514587402,10.252177238464355,0.5291616916656494,0.04929658770561218
go_stanford,medium,no26vcF_20_0,ddim2_cfg0.0_tts32,ddim,2,0.0,32,4,heuristic,25.960081000069597,0.1024582145317152,0.27151888608932495,10.647675514221191,0.14196233451366425,9.064532279968262,10.363547325134277,10.356751441955566,0.2925824820995331,0.0456654317677021
go_stanford,medium,no26vcF_20_0,ddim2_cfg0.5_tts0,ddim,2,0.5,0,0,heuristic,12.62921133331929,0.9762761407395268,0.15987038612365723,9.541019439697266,0.47829127311706543,8.480284690856934,9.634880065917969,9.526500701904297,1.0587122440338135,0.08354870229959488
go_stanford,medium,no26vcF_20_0,ddim2_cfg0.5_tts8,ddim,2,0.5,8,4,heuristic,12.888562666679112,0.7646122228824702,0.24834440648555756,9.990700721740723,0.35476356744766235,8.84319019317627,10.044249534606934,9.970274925231934,1.0438724756240845,0.07869087159633636
go_stanford,medium,no26vcF_20_0,ddim2_cfg0.5_tts16,ddim,2,0.5,16,4,heuristic,24.404434666621455,0.6426397646446468,0.21311956644058228,10.508862495422363,0.20801441371440887,9.052212715148926,10.325640678405762,10.301263809204102,0.5261116027832031,0.05006204918026924
go_stanford,medium,no26vcF_20_0,ddim2_cfg0.5_tts32,ddim,2,0.5,32,4,heuristic,48.31778066663143,0.758861129418226,0.45027124881744385,10.927607536315918,0.11961435526609421,9.332030296325684,10.664759635925293,10.654532432556152,0.34811997413635254,0.03381538391113281
go_stanford,medium,no26vcF_20_0,ddim2_cfg1.0_tts0,ddim,2,1.0,0,0,heuristic,12.265477333357921,0.1759652896720347,0.28924649953842163,10.223825454711914,0.3439316153526306,8.87543773651123,10.137557983398438,10.09411334991455,0.7446997761726379,0.06458335369825363
go_stanford,medium,no26vcF_20_0,ddim2_cfg1.0_tts8,ddim,2,1.0,8,4,heuristic,12.164590000035483,0.2575210363334338,0.2207392305135727,10.388514518737793,0.27665460109710693,9.027033805847168,10.263032913208008,10.227181434631348,0.6485017538070679,0.06422261148691177
go_stanford,medium,no26vcF_20_0,ddim2_cfg1.0_tts16,ddim,2,1.0,16,4,heuristic,24.397187999966263,0.46148787764042787,0.3463171124458313,10.775504112243652,0.14683908224105835,9.233052253723145,10.534323692321777,10.522576332092285,0.39642420411109924,0.05098244547843933
go_stanford,medium,no26vcF_20_0,ddim2_cfg1.0_tts32,ddim,2,1.0,32,4,heuristic,49.947259666661616,3.199001036031594,0.49100667238235474,11.0081148147583,0.13377775251865387,9.40756607055664,10.743508338928223,10.733786582946777,0.3380681574344635,0.047018200159072876
go_stanford,medium,no26vcF_20_0,ddim2_cfg2.0_tts0,ddim,2,2.0,0,0,heuristic,12.755775999949037,0.17590597939126276,0.6647658944129944,9.508553504943848,0.9038806557655334,8.93411922454834,9.985737800598145,9.532233238220215,1.1403640508651733,0.0977553129196167
go_stanford,medium,no26vcF_20_0,ddim2_cfg2.0_tts8,ddim,2,2.0,8,4,heuristic,13.372008333324933,1.028764908451167,0.6789233684539795,10.853848457336426,0.18992681801319122,9.356611251831055,10.70330810546875,10.675040245056152,0.6108176708221436,0.051959436386823654
go_stanford,medium,no26vcF_20_0,ddim2_cfg2.0_tts16,ddim,2,2.0,16,4,heuristic,25.98966699997618,0.9121786074972345,0.7100801467895508,11.169957160949707,0.11758647114038467,9.579895973205566,10.953387260437012,10.938532829284668,0.4666413366794586,0.03621387109160423
go_stanford,medium,no26vcF_20_0,ddim2_cfg2.0_tts32,ddim,2,2.0,32,4,heuristic,50.632600999999035,0.4574885464528248,0.5579489469528198,11.192764282226562,0.08675022423267365,9.527039527893066,10.883384704589844,10.880154609680176,0.23008251190185547,0.04464970901608467
go_stanford,medium,sim2hF_0_0,ddpm10_cfg0.0_tts0,ddpm,10,0.0,0,0,heuristic,34.80732166663832,1.03141640959617,0.0,9.060015678405762,0.5806109309196472,8.299569129943848,9.427128791809082,9.229324340820312,1.590093731880188,0.06967908889055252
go_stanford,medium,sim2hF_0_0,ddim10_cfg0.0_tts0,ddim,10,0.0,0,0,heuristic,31.668966666643428,0.33790075465160035,0.028756091371178627,8.904120445251465,0.6405332088470459,8.262747764587402,9.37835693359375,9.118146896362305,1.7161277532577515,0.07135004550218582
go_stanford,medium,sim2hF_0_0,ddim10_cfg0.0_tts8,ddim,10,0.0,8,4,heuristic,32.126121333286996,0.5455724536144183,0.06741437315940857,9.902213096618652,0.3053998649120331,8.537915229797363,9.751452445983887,9.723795890808105,0.6081181764602661,0.0571235753595829
go_stanford,medium,sim2hF_0_0,ddim10_cfg0.0_tts16,ddim,10,0.0,16,4,heuristic,64.73023200002596,0.4901868168661323,0.14231397211551666,10.196102142333984,0.3555527627468109,8.924781799316406,10.18305778503418,10.115812301635742,0.8875465393066406,0.056454967707395554
go_stanford,medium,sim2hF_0_0,ddim10_cfg0.0_tts32,ddim,10,0.0,32,4,heuristic,124.16382599997178,5.714012473886941,0.25950101017951965,10.66545581817627,0.1610168218612671,9.12493896484375,10.431221008300781,10.418665885925293,0.42360353469848633,0.033713895827531815
go_stanford,medium,sim2hF_0_0,ddim10_cfg0.5_tts0,ddim,10,0.5,0,0,heuristic,55.64618333335147,0.07509487387498882,0.004182255826890469,8.948604583740234,0.5947640538215637,8.241215705871582,9.345730781555176,9.145318031311035,1.6635326147079468,0.07721610367298126
go_stanford,medium,sim2hF_0_0,ddim10_cfg0.5_tts8,ddim,10,0.5,8,4,heuristic,56.456855666624506,0.7151600376559067,0.10592500865459442,10.10739517211914,0.33396223187446594,8.802658081054688,10.05309772491455,9.99760913848877,0.8088746070861816,0.0457327775657177
go_stanford,medium,sim2hF_0_0,ddim10_cfg0.5_tts16,ddim,10,0.5,16,4,heuristic,111.90243066668397,1.6549173112687376,0.1939806044101715,10.482449531555176,0.19542813301086426,9.053812980651855,10.331225395202637,10.30734634399414,0.6254574656486511,0.03580019623041153
go_stanford,medium,sim2hF_0_0,ddim10_cfg0.5_tts32,ddim,10,0.5,32,4,heuristic,222.90174533331233,3.6168056992491042,0.2560383081436157,10.67625904083252,0.1767066866159439,9.137777328491211,10.429888725280762,10.418745040893555,0.3878357410430908,0.04156197980046272
go_stanford,medium,sim2hF_0_0,ddim10_cfg1.0_tts0,ddim,10,1.0,0,0,heuristic,55.778296333301114,0.7464851165035392,0.04102111607789993,9.379034996032715,0.6373909711837769,8.596251487731934,9.760638236999512,9.533299446105957,1.5485719442367554,0.06485192477703094
go_stanford,medium,sim2hF_0_0,ddim10_cfg1.0_tts8,ddim,10,1.0,8,4,heuristic,56.18058166669471,0.5835393575618402,0.09985580295324326,10.072030067443848,0.30060023069381714,8.788199424743652,10.018662452697754,9.977194786071777,0.8485327363014221,0.04842748865485191
go_stanford,medium,sim2hF_0_0,ddim10_cfg1.0_tts16,ddim,10,1.0,16,4,heuristic,112.09327666665558,0.6861068676177914,0.26101255416870117,10.676209449768066,0.137602299451828,9.14844036102295,10.446999549865723,10.432976722717285,0.42779242992401123,0.04478069022297859
go_stanford,medium,sim2hF_0_0,ddim10_cfg1.0_tts32,ddim,10,1.0,32,4,heuristic,230.68766599999435,8.742912223437406,0.29922816157341003,10.73629379272461,0.15155479311943054,9.198020935058594,10.507227897644043,10.494154930114746,0.43747660517692566,0.030442342162132263
go_stanford,medium,sim2hF_0_0,ddim10_cfg2.0_tts0,ddim,10,2.0,0,0,heuristic,59.810248333330186,1.6734304045694162,0.12983261048793793,9.48726749420166,0.5337587594985962,8.69082260131836,9.856064796447754,9.644561767578125,1.5562740564346313,0.06397682428359985
go_stanford,medium,sim2hF_0_0,ddim10_cfg2.0_tts8,ddim,10,2.0,8,4,heuristic,58.887582333341015,0.6292003813166533,0.21409088373184204,10.541049003601074,0.18500402569770813,9.086670875549316,10.367091178894043,10.339729309082031,0.5490936636924744,0.03880465030670166
go_stanford,medium,sim2hF_0_0,ddim10_cfg2.0_tts16,ddim,10,2.0,16,4,heuristic,113.9972856666418,1.2098561040679485,0.31130486726760864,10.698954582214355,0.1751970499753952,9.262537956237793,10.57514762878418,10.546939849853516,0.6931617259979248,0.03315640613436699
go_stanford,medium,sim2hF_0_0,ddim10_cfg2.0_tts32,ddim,10,2.0,32,4,heuristic,228.1001409999893,2.122591746747865,0.3558841347694397,10.888141632080078,0.13439543545246124,9.364035606384277,10.675658226013184,10.66342830657959,0.4825681447982788,0.03607183322310448
go_stanford,medium,sim2hF_0_0,ddim5_cfg0.0_tts0,ddim,5,0.0,0,0,heuristic,15.647915333336945,0.5105399967946889,0.0353788360953331,9.130677223205566,0.5565009117126465,8.338542938232422,9.45600414276123,9.270344734191895,1.4993767738342285,0.07909365743398666
go_stanford,medium,sim2hF_0_0,ddim5_cfg0.0_tts8,ddim,5,0.0,8,4,heuristic,15.598259333349537,0.143811327053866,0.11026981472969055,9.712538719177246,0.3607218861579895,8.429072380065918,9.613085746765137,9.570416450500488,0.7143101096153259,0.0467110238969326
go_stanford,medium,sim2hF_0_0,ddim5_cfg0.0_tts16,ddim,5,0.0,16,4,heuristic,30.685514999997093,0.7456780791598598,0.17532852292060852,10.349664688110352,0.2553747296333313,8.910468101501465,10.17854118347168,10.158973693847656,0.5789614319801331,0.04345916211605072
go_stanford,medium,sim2hF_0_0,ddim5_cfg0.0_tts32,ddim,5,0.0,32,4,heuristic,60.578907999987074,0.9995473134794847,0.2729801535606384,10.684552192687988,0.15163950622081757,9.146517753601074,10.419830322265625,10.411026000976562,0.33627021312713623,0.0500473715364933
go_stanford,medium,sim2hF_0_0,ddim5_cfg0.5_tts0,ddim,5,0.5,0,0,heuristic,31.638405666664465,2.9495182183801774,0.0011808037525042892,9.258162498474121,0.6160410046577454,8.319661140441895,9.453845977783203,9.300138473510742,1.2283340692520142,0.06424541026353836
go_stanford,medium,sim2hF_0_0,ddim5_cfg0.5_tts8,ddim,5,0.5,8,4,heuristic,29.357418666677404,0.4374249258271022,0.09571194648742676,9.622918128967285,0.3963440954685211,8.508651733398438,9.700821876525879,9.61500358581543,1.0925318002700806,0.05876653268933296
go_stanford,medium,sim2hF_0_0,ddim5_cfg0.5_tts16,ddim,5,0.5,16,4,heuristic,59.53975999996904,3.736779059453158,0.23788923025131226,10.51794719696045,0.17861956357955933,9.043173789978027,10.338640213012695,10.320504188537598,0.5604924559593201,0.043617550283670425
go_stanford,medium,sim2hF_0_0,ddim5_cfg0.5_tts32,ddim,5,0.5,32,4,heuristic,123.89140533332466,1.1328683674719604,0.3229314088821411,10.667555809020996,0.2053280770778656,9.224609375,10.514568328857422,10.488676071166992,0.6097453832626343,0.044372301548719406
go_stanford,medium,sim2hF_0_0,ddim5_cfg1.0_tts0,ddim,5,1.0,0,0,heuristic,30.480143999966458,0.39020367673185724,0.031598418951034546,9.619081497192383,0.5106449127197266,8.47124195098877,9.660372734069824,9.56173038482666,0.95694899559021,0.046365682035684586
go_stanford,medium,sim2hF_0_0,ddim5_cfg1.0_tts8,ddim,5,1.0,8,4,heuristic,31.314237666644356,1.195316765754953,0.09665849804878235,10.126004219055176,0.25295910239219666,8.79279899597168,10.020384788513184,9.980185508728027,0.7027775645256042,0.04717227444052696
go_stanford,medium,sim2hF_0_0,ddim5_cfg1.0_tts16,ddim,5,1.0,16,4,heuristic,61.417033333289815,0.2348924321195604,0.24381989240646362,10.544378280639648,0.16977615654468536,9.02147102355957,10.30454158782959,10.29223346710205,0.40301045775413513,0.04397095367312431
go_stanford,medium,sim2hF_0_0,ddim5_cfg1.0_tts32,ddim,5,1.0,32,4,heuristic,123.5804206666747,1.278816926704452,0.2933502197265625,10.738800048828125,0.13438624143600464,9.179827690124512,10.47165298461914,10.46330451965332,0.3366813659667969,0.03950353339314461
go_stanford,medium,sim2hF_0_0,ddim5_cfg2.0_tts0,ddim,5,2.0,0,0,heuristic,31.091741666652222,0.6388937004163859,0.09913577884435654,9.88998031616211,0.35621216893196106,8.744868278503418,9.96778392791748,9.867135047912598,1.0548721551895142,0.04583504796028137
go_stanford,medium,sim2hF_0_0,ddim5_cfg2.0_tts8,ddim,5,2.0,8,4,heuristic,31.09959466670868,0.9698813389009799,0.14415091276168823,10.183259010314941,0.3970206677913666,8.993997573852539,10.242351531982422,10.15605640411377,1.042290449142456,0.04397991672158241
go_stanford,medium,sim2hF_0_0,ddim5_cfg2.0_tts16,ddim,5,2.0,16,4,heuristic,61.35046899998997,0.34973503661898914,0.2767828702926636,10.709395408630371,0.12023808807134628,9.19485092163086,10.50069522857666,10.484527587890625,0.48637643456459045,0.03075474500656128
go_stanford,medium,sim2hF_0_0,ddim5_cfg2.0_tts32,ddim,5,2.0,32,4,heuristic,122.74587799997032,0.3237528643305321,0.4109644889831543,10.997708320617676,0.15427812933921814,9.419960975646973,10.755851745605469,10.74164867401123,0.3985862731933594,0.027138622477650642
go_stanford,medium,sim2hF_0_0,ddim3_cfg0.0_tts0,ddim,3,0.0,0,0,heuristic,11.712402000019514,1.4719861403378582,0.02029496431350708,9.053839683532715,0.5954411625862122,8.256684303283691,9.404828071594238,9.207812309265137,1.5495322942733765,0.07021282613277435
go_stanford,medium,sim2hF_0_0,ddim3_cfg0.0_tts8,ddim,3,0.0,8,4,heuristic,10.434186333327489,0.1018561425628897,0.05288662388920784,9.92423152923584,0.432320237159729,8.640972137451172,9.864678382873535,9.802972793579102,0.7746871113777161,0.047710221260786057
go_stanford,medium,sim2hF_0_0,ddim3_cfg0.0_tts16,ddim,3,0.0,16,4,heuristic,20.617662000025422,0.259945388861246,0.18405111134052277,10.406037330627441,0.22438208758831024,9.017650604248047,10.295609474182129,10.26088809967041,0.7082729339599609,0.0438491553068161
go_stanford,medium,sim2hF_0_0,ddim3_cfg0.0_tts32,ddim,3,0.0,32,4,heuristic,42.045299666672996,3.072531743954528,0.18342672288417816,10.45601749420166,0.2210092842578888,9.02776050567627,10.273350715637207,10.254364967346191,0.5339216589927673,0.06503763794898987
go_stanford,medium,sim2hF_0_0,ddim3_cfg0.5_tts0,ddim,3,0.5,0,0,heuristic,19.09284566666732,0.6555162878831585,0.013989799655973911,9.425741195678711,0.6008403897285461,8.459757804870605,9.64438533782959,9.471774101257324,1.2433247566223145,0.06785088032484055
go_stanford,medium,sim2hF_0_0,ddim3_cfg0.5_tts8,ddim,3,0.5,8,4,heuristic,19.414125333355514,0.34882624855914324,0.13127239048480988,10.0897855758667,0.36275047063827515,8.877387046813965,10.131021499633789,10.059311866760254,1.0294016599655151,0.05780402198433876
go_stanford,medium,sim2hF_0_0,ddim3_cfg0.5_tts16,ddim,3,0.5,16,4,heuristic,37.800256000006506,0.39408692526467415,0.1414438784122467,10.287858009338379,0.1996689736843109,8.850518226623535,10.132302284240723,10.105416297912598,0.6080557107925415,0.03642025962471962
go_stanford,medium,sim2hF_0_0,ddim3_cfg0.5_tts32,ddim,3,0.5,32,4,heuristic,74.8085993332855,0.32353608401594924,0.29282498359680176,10.668105125427246,0.15724074840545654,9.171563148498535,10.46359920501709,10.445784568786621,0.48785683512687683,0.04157138243317604
go_stanford,medium,sim2hF_0_0,ddim3_cfg1.0_tts0,ddim,3,1.0,0,0,heuristic,18.84187899997869,0.10163120825810927,0.03918549045920372,9.002941131591797,0.6337827444076538,8.25955581665039,9.368033409118652,9.13583755493164,1.4871286153793335,0.06201156973838806
go_stanford,medium,sim2hF_0_0,ddim3_cfg1.0_tts8,ddim,3,1.0,8,4,heuristic,19.286883666685146,0.9186400460185168,0.08586172759532928,10.117920875549316,0.2253514528274536,8.722134590148926,9.959269523620605,9.933489799499512,0.5998101234436035,0.03534272685647011
go_stanford,medium,sim2hF_0_0,ddim3_cfg1.0_tts16,ddim,3,1.0,16,4,heuristic,38.119157666680316,0.6913754701852007,0.2507939338684082,10.586991310119629,0.19026534259319305,9.133723258972168,10.43099308013916,10.40346622467041,0.6026378870010376,0.03519909456372261
go_stanford,medium,sim2hF_0_0,ddim3_cfg1.0_tts32,ddim,3,1.0,32,4,heuristic,76.267190333283,0.7040757625404744,0.2793290913105011,10.629209518432617,0.17352792620658875,9.16085147857666,10.462662696838379,10.440056800842285,0.5849777460098267,0.03899858891963959
go_stanford,medium,sim2hF_0_0,ddim3_cfg2.0_tts0,ddim,3,2.0,0,0,heuristic,18.922861999991863,0.5355183898972281,0.08771500736474991,9.838030815124512,0.40416282415390015,8.792779922485352,9.991377830505371,9.861762046813965,1.1807116270065308,0.05477200075984001
go_stanford,medium,sim2hF_0_0,ddim3_cfg2.0_tts8,ddim,3,2.0,8,4,heuristic,18.70687566668039,0.4352967243037726,0.1765110045671463,10.382770538330078,0.26931867003440857,9.03372859954834,10.281769752502441,10.238835334777832,0.7034055590629578,0.05501197651028633
go_stanford,medium,sim2hF_0_0,ddim3_cfg2.0_tts16,ddim,3,2.0,16,4,heuristic,37.5198829999969,0.5616248921268445,0.2881894111633301,10.64926528930664,0.21368779242038727,9.241240501403809,10.54357624053955,10.506186485290527,0.715508759021759,0.03878484293818474
go_stanford,medium,sim2hF_0_0,ddim3_cfg2.0_tts32,ddim,3,2.0,32,4,heuristic,74.90915866670396,0.5375701993566522,0.33673804998397827,10.787558555603027,0.1423906832933426,9.329388618469238,10.637019157409668,10.611368179321289,0.6221448183059692,0.03410230576992035
go_stanford,medium,sim2hF_0_0,ddim2_cfg0.0_tts0,ddim,2,0.0,0,0,heuristic,7.078816333319082,0.08351108791989327,0.0011744232615455985,9.163246154785156,0.53569495677948,8.145626068115234,9.288430213928223,9.156904220581055,1.0967439413070679,0.06075600907206535
go_stanford,medium,sim2hF_0_0,ddim2_cfg0.0_tts8,ddim,2,0.0,8,4,heuristic,7.186298000040854,0.17271077760879378,0.14146722853183746,9.953289985656738,0.3857848644256592,8.655383110046387,9.874667167663574,9.827275276184082,0.7552385926246643,0.06002713367342949
go_stanford,medium,sim2hF_0_0,ddim2_cfg0.0_tts16,ddim,2,0.0,16,4,heuristic,14.148347666681124,0.12324142411924216,0.14564082026481628,10.269796371459961,0.3076777458190918,8.854486465454102,10.116744995117188,10.084859848022461,0.5882927775382996,0.06118001416325569
go_stanford,medium,sim2hF_0_0,ddim2_cfg0.0_tts32,ddim,2,0.0,32,4,heuristic,28.306373333331674,0.9157824656397888,0.2467450052499771,10.587865829467773,0.18480736017227173,9.093159675598145,10.369406700134277,10.355778694152832,0.45394837856292725,0.054338451474905014
go_stanford,medium,sim2hF_0_0,ddim2_cfg0.5_tts0,ddim,2,0.5,0,0,heuristic,12.752616333348973,0.1042839035570484,0.04266749322414398,9.675166130065918,0.543159544467926,8.590581893920898,9.794346809387207,9.664932250976562,1.081091284751892,0.06974959373474121
go_stanford,medium,sim2hF_0_0,ddim2_cfg0.5_tts8,ddim,2,0.5,8,4,heuristic,13.163445666653692,0.7458715378047941,0.10802007466554642,10.166637420654297,0.3704732656478882,8.860292434692383,10.090766906738281,10.035399436950684,0.740447998046875,0.05512052774429321
go_stanford,medium,sim2hF_0_0,ddim2_cfg0.5_tts16,ddim,2,0.5,16,4,heuristic,29.231547333362567,3.4950913244523605,0.16082634031772614,10.33984661102295,0.17347107827663422,8.930996894836426,10.200153350830078,10.168986320495605,0.6359508633613586,0.042041245847940445
go_stanford,medium,sim2hF_0_0,ddim2_cfg0.5_tts32,ddim,2,0.5,32,4,heuristic,52.43602833331806,1.9880765315434563,0.25491225719451904,10.629068374633789,0.19495177268981934,9.156778335571289,10.443717002868652,10.425043106079102,0.5403451323509216,0.04039563611149788
go_stanford,medium,sim2hF_0_0,ddim2_cfg1.0_tts0,ddim,2,1.0,0,0,heuristic,12.85682400002012,0.5051901285502222,0.026143893599510193,9.23705005645752,0.5475268363952637,8.418160438537598,9.578984260559082,9.385872840881348,1.5277143716812134,0.08436435461044312
go_stanford,medium,sim2hF_0_0,ddim2_cfg1.0_tts8,ddim,2,1.0,8,4,heuristic,13.441700999957598,0.5591100753201431,0.11223597079515457,10.279258728027344,0.20200252532958984,8.806299209594727,10.053593635559082,10.040436744689941,0.4388427436351776,0.04754326865077019
go_stanford,medium,sim2hF_0_0,ddim2_cfg1.0_tts16,ddim,2,1.0,16,4,heuristic,26.37443699995856,0.8018725995522615,0.2205585092306137,10.44094181060791,0.2623087465763092,9.0460844039917,10.327859878540039,10.287134170532227,0.6827630996704102,0.04559384286403656
go_stanford,medium,sim2hF_0_0,ddim2_cfg1.0_tts32,ddim,2,1.0,32,4,heuristic,51.503376000027856,1.987102323882548,0.2983008027076721,10.796485900878906,0.13206258416175842,9.201510429382324,10.50766658782959,10.501259803771973,0.2805255949497223,0.04182212054729462
go_stanford,medium,sim2hF_0_0,ddim2_cfg2.0_tts0,ddim,2,2.0,0,0,heuristic,13.24346166666146,0.4434113811621509,0.034199025481939316,9.472697257995605,0.5060942769050598,8.47719669342041,9.669022560119629,9.539237976074219,1.303128957748413,0.0652979239821434
go_stanford,medium,sim2hF_0_0,ddim2_cfg2.0_tts8,ddim,2,2.0,8,4,heuristic,13.220075666671013,0.12236058405954164,0.2687026858329773,10.47308349609375,0.21308602392673492,9.185378074645996,10.469069480895996,10.402803421020508,0.9200621247291565,0.04408327117562294
go_stanford,medium,sim2hF_0_0,ddim2_cfg2.0_tts16,ddim,2,2.0,16,4,heuristic,25.454240333336504,0.5166310323143228,0.2534618377685547,10.677708625793457,0.14744845032691956,9.121415138244629,10.414844512939453,10.404191017150879,0.3426297605037689,0.04135943576693535
go_stanford,medium,sim2hF_0_0,ddim2_cfg2.0_tts32,ddim,2,2.0,32,4,heuristic,51.074746333332165,0.7616039747441582,0.3838675320148468,10.939266204833984,0.13506343960762024,9.370633125305176,10.70034408569336,10.6888427734375,0.4112292230129242,0.035439494997262955
go_stanford,medium,no14vc_16_1,ddpm10_cfg0.0_tts0,ddpm,10,0.0,0,0,heuristic,33.97835566662858,1.2597128406779814,0.0,9.031556129455566,0.5225912928581238,8.116127967834473,9.2301607131958,9.083595275878906,1.2564817667007446,0.07015541940927505
go_stanford,medium,no14vc_16_1,ddim10_cfg0.0_tts0,ddim,10,0.0,0,0,heuristic,32.75710266662676,1.1794563255057706,0.00721649918705225,8.903182983398438,0.6666262149810791,8.485848426818848,9.546395301818848,9.217040061950684,1.984472632408142,0.08738747239112854
go_stanford,medium,no14vc_16_1,ddim10_cfg0.0_tts8,ddim,10,0.0,8,4,heuristic,32.075816000012004,0.5840234749213269,0.029511410742998123,9.426362037658691,0.3798045516014099,8.33669376373291,9.4841947555542,9.409079551696777,1.0604099035263062,0.06544587761163712
go_stanford,medium,no14vc_16_1,ddim10_cfg0.0_tts16,ddim,10,0.0,16,4,heuristic,64.3198203333668,0.0743079537105293,0.12640821933746338,9.940261840820312,0.403399258852005,8.756685256958008,9.987886428833008,9.902813911437988,1.0038094520568848,0.07028023153543472
go_stanford,medium,no14vc_16_1,ddim10_cfg0.0_tts32,ddim,10,0.0,32,4,heuristic,126.57784333331772,0.46010845760376773,0.2410016655921936,10.530972480773926,0.1284472793340683,8.988020896911621,10.275282859802246,10.265776634216309,0.36910828948020935,0.03831102326512337
go_stanford,medium,no14vc_16_1,ddim10_cfg0.5_tts0,ddim,10,0.5,0,0,heuristic,61.32748866662041,0.8287926197688469,0.03552628308534622,8.988505363464355,0.6568186283111572,8.29216194152832,9.397823333740234,9.156390190124512,1.5791635513305664,0.07828374952077866
go_stanford,medium,no14vc_16_1,ddim10_cfg0.5_tts8,ddim,10,0.5,8,4,heuristic,61.93584366667437,2.1507542231655457,0.15111584961414337,9.90842342376709,0.35234707593917847,8.746602058410645,9.941350936889648,9.854392051696777,0.9585281014442444,0.055501341819763184
go_stanford,medium,no14vc_16_1,ddim10_cfg0.5_tts16,ddim,10,0.5,16,4,heuristic,124.60721366668774,5.929041189290618,0.17870290577411652,10.072176933288574,0.29170238971710205,8.839972496032715,10.078143119812012,10.022037506103516,0.9665699005126953,0.07079223543405533
go_stanford,medium,no14vc_16_1,ddim10_cfg0.5_tts32,ddim,10,0.5,32,4,heuristic,215.68679233333418,0.2657095728831535,0.24655123054981232,10.513978004455566,0.17171066999435425,9.012551307678223,10.296244621276855,10.281573295593262,0.46249809861183167,0.03723638132214546
go_stanford,medium,no14vc_16_1,ddim10_cfg1.0_tts0,ddim,10,1.0,0,0,heuristic,54.493596000005105,1.2381842212028638,0.11186444759368896,9.059584617614746,0.5550706386566162,8.205330848693848,9.343207359313965,9.16333293914795,1.405091643333435,0.07001587003469467
go_stanford,medium,no14vc_16_1,ddim10_cfg1.0_tts8,ddim,10,1.0,8,4,heuristic,54.433755666726334,0.7845093239998742,0.120535708963871,10.036242485046387,0.25205349922180176,8.742816925048828,9.959500312805176,9.917088508605957,0.7746358513832092,0.05655139312148094
go_stanford,medium,no14vc_16_1,ddim10_cfg1.0_tts16,ddim,10,1.0,16,4,heuristic,108.81672600002427,1.1852012604236175,0.18331867456436157,10.19635009765625,0.2589279115200043,8.866595268249512,10.098042488098145,10.063597679138184,0.7315241694450378,0.06584236770868301
go_stanford,medium,no14vc_16_1,ddim10_cfg1.0_tts32,ddim,10,1.0,32,4,heuristic,219.80363899998187,2.922325266084654,0.2612612247467041,10.541481971740723,0.20123736560344696,9.048314094543457,10.33034610748291,10.313770294189453,0.4720087945461273,0.044602539390325546
go_stanford,medium,no14vc_16_1,ddim10_cfg2.0_tts0,ddim,10,2.0,0,0,heuristic,54.683225666697886,0.47805846564747057,0.05780034884810448,9.211874961853027,0.5809124708175659,8.413650512695312,9.559043884277344,9.359740257263184,1.522824764251709,0.08412458747625351
go_stanford,medium,no14vc_16_1,ddim10_cfg2.0_tts8,ddim,10,2.0,8,4,heuristic,55.48698800005999,1.492923278178124,0.2860839366912842,10.177557945251465,0.2963114082813263,8.967886924743652,10.2262601852417,10.149409294128418,1.0346125364303589,0.059072207659482956
go_stanford,medium,no14vc_16_1,ddim10_cfg2.0_tts16,ddim,10,2.0,16,4,heuristic,113.2595683333572,8.3321354576528,0.25819021463394165,10.366744041442871,0.20319193601608276,9.01297378540039,10.287606239318848,10.24659538269043,0.7742318511009216,0.0558554045855999
go_stanford,medium,no14vc_16_1,ddim10_cfg2.0_tts32,ddim,10,2.0,32,4,heuristic,217.06200566666212,0.9852799843764365,0.3292861580848694,10.720086097717285,0.14728756248950958,9.16702938079834,10.456535339355469,10.448359489440918,0.34194186329841614,0.05219404026865959
go_stanford,medium,no14vc_16_1,ddim5_cfg0.0_tts0,ddim,5,0.0,0,0,heuristic,15.090342000007695,1.1925342582381255,0.12079284340143204,9.05176830291748,0.3846719264984131,8.123223304748535,9.246140480041504,9.121726989746094,1.3079220056533813,0.07094874978065491
go_stanford,medium,no14vc_16_1,ddim5_cfg0.0_tts8,ddim,5,0.0,8,4,heuristic,15.36533366667451,0.28880730497992796,0.08963166922330856,9.71514892578125,0.32545381784439087,8.518381118774414,9.702789306640625,9.637251853942871,0.8892410397529602,0.06454312056303024
go_stanford,medium,no14vc_16_1,ddim5_cfg0.0_tts16,ddim,5,0.0,16,4,heuristic,29.37988933338905,0.3145249190465818,0.19187980890274048,10.29758358001709,0.21337953209877014,8.912348747253418,10.151721000671387,10.123530387878418,0.6186572909355164,0.05391456559300423
go_stanford,medium,no14vc_16_1,ddim5_cfg0.0_tts32,ddim,5,0.0,32,4,heuristic,58.991084333304876,1.0070024947052996,0.26217979192733765,10.468815803527832,0.22062188386917114,9.068463325500488,10.327284812927246,10.300639152526855,0.6341150403022766,0.05642571672797203
go_stanford,medium,no14vc_16_1,ddim5_cfg0.5_tts0,ddim,5,0.5,0,0,heuristic,27.761852333317922,0.5086977753214481,0.005556871183216572,9.128707885742188,0.5812538266181946,8.267704010009766,9.40698528289795,9.24470043182373,1.4379491806030273,0.07424904406070709
go_stanford,medium,no14vc_16_1,ddim5_cfg0.5_tts8,ddim,5,0.5,8,4,heuristic,28.368488333361103,0.19130739501691205,0.09643986821174622,9.52193832397461,0.4315352141857147,8.588590621948242,9.749765396118164,9.613944053649902,1.367522120475769,0.07227752357721329
go_stanford,medium,no14vc_16_1,ddim5_cfg0.5_tts16,ddim,5,0.5,16,4,heuristic,56.614701333349636,1.6842469123280717,0.13450586795806885,9.959818840026855,0.2981773316860199,8.756335258483887,9.97611141204834,9.90588092803955,0.9592607617378235,0.06079167127609253
go_stanford,medium,no14vc_16_1,ddim5_cfg0.5_tts32,ddim,5,0.5,32,4,heuristic,114.71423466665935,4.007520994091291,0.28649669885635376,10.605809211730957,0.1523021161556244,9.084701538085938,10.379237174987793,10.366351127624512,0.44325610995292664,0.03522934019565582
go_stanford,medium,no14vc_16_1,ddim5_cfg1.0_tts0,ddim,5,1.0,0,0,heuristic,28.238471333338566,0.8683050910832251,0.03721572458744049,9.470536231994629,0.4995521903038025,8.452847480773926,9.619912147521973,9.502586364746094,1.200029730796814,0.06973358988761902
go_stanford,medium,no14vc_16_1,ddim5_cfg1.0_tts8,ddim,5,1.0,8,4,heuristic,28.368181333310833,0.9280074095655145,0.06866862624883652,9.825807571411133,0.30255353450775146,8.5059814453125,9.72407341003418,9.68430233001709,0.7133550643920898,0.060264915227890015
go_stanford,medium,no14vc_16_1,ddim5_cfg1.0_tts16,ddim,5,1.0,16,4,heuristic,60.00992499999332,6.688479833975122,0.29999443888664246,10.498019218444824,0.16587138175964355,9.061467170715332,10.340275764465332,10.311209678649902,0.5849506258964539,0.052317213267087936
go_stanford,medium,no14vc_16_1,ddim5_cfg1.0_tts32,ddim,5,1.0,32,4,heuristic,113.89010333330891,3.0505215430052632,0.3024955093860626,10.654126167297363,0.1792660802602768,9.143664360046387,10.435918807983398,10.41569709777832,0.44483521580696106,0.03564503416419029
go_stanford,medium,no14vc_16_1,ddim5_cfg2.0_tts0,ddim,5,2.0,0,0,heuristic,29.206467333324326,0.3149491839289911,0.05031129717826843,9.466438293457031,0.5535835027694702,8.443682670593262,9.608386993408203,9.48033618927002,1.146094560623169,0.07347113639116287
go_stanford,medium,no14vc_16_1,ddim5_cfg2.0_tts8,ddim,5,2.0,8,4,heuristic,28.79820699998466,0.8892770936833992,0.22828003764152527,10.328134536743164,0.24054981768131256,8.877840042114258,10.160269737243652,10.135415077209473,0.57520991563797,0.04377032816410065
go_stanford,medium,no14vc_16_1,ddim5_cfg2.0_tts16,ddim,5,2.0,16,4,heuristic,58.41746633332908,0.8356925233063089,0.299033522605896,10.539546012878418,0.23635995388031006,9.112994194030762,10.403611183166504,10.376214027404785,0.6533707976341248,0.0505206324160099
go_stanford,medium,no14vc_16_1,ddim5_cfg2.0_tts32,ddim,5,2.0,32,4,heuristic,112.95479199998226,0.9314898915999668,0.36439424753189087,10.707438468933105,0.11812478303909302,9.141467094421387,10.453372955322266,10.444182395935059,0.3712024688720703,0.047112394124269485
go_stanford,medium,no14vc_16_1,ddim3_cfg0.0_tts0,ddim,3,0.0,0,0,heuristic,9.691284000003483,0.5805787635783713,0.004788445308804512,8.912128448486328,0.5566262006759644,8.115809440612793,9.187941551208496,9.011027336120605,1.3759649991989136,0.08971962332725525
go_stanford,medium,no14vc_16_1,ddim3_cfg0.0_tts8,ddim,3,0.0,8,4,heuristic,9.7068396666297,0.07799322939399772,0.03579770401120186,9.40003490447998,0.45799168944358826,8.444003105163574,9.553557395935059,9.441460609436035,1.215000033378601,0.08192119747400284
go_stanford,medium,no14vc_16_1,ddim3_cfg0.0_tts16,ddim,3,0.0,16,4,heuristic,18.675256333381185,0.7416480647944587,0.11175306141376495,9.985260963439941,0.26719552278518677,8.683754920959473,9.886513710021973,9.843682289123535,0.7103087306022644,0.0554603636264801
go_stanford,medium,no14vc_16_1,ddim3_cfg0.0_tts32,ddim,3,0.0,32,4,heuristic,38.43982533336051,1.763103816015725,0.26359373331069946,10.569721221923828,0.170099675655365,9.049444198608398,10.343838691711426,10.32849407196045,0.4377138912677765,0.03768147528171539
go_stanford,medium,no14vc_16_1,ddim3_cfg0.5_tts0,ddim,3,0.5,0,0,heuristic,17.227542999989964,0.22532712285834747,0.04105036333203316,9.585206031799316,0.43342164158821106,8.456562042236328,9.632146835327148,9.550206184387207,1.008665919303894,0.07318603247404099
go_stanford,medium,no14vc_16_1,ddim3_cfg0.5_tts8,ddim,3,0.5,8,4,heuristic,17.264459333394672,0.03077789306549179,0.04673680663108826,9.689414978027344,0.34815484285354614,8.516345977783203,9.673308372497559,9.614484786987305,0.8942585587501526,0.0643734335899353
go_stanford,medium,no14vc_16_1,ddim3_cfg0.5_tts16,ddim,3,0.5,16,4,heuristic,34.6982849999525,0.7729567927441786,0.17701652646064758,10.208331108093262,0.20289155840873718,8.834920883178711,10.061531066894531,10.028339385986328,0.5983144640922546,0.061267297714948654
go_stanford,medium,no14vc_16_1,ddim3_cfg0.5_tts32,ddim,3,0.5,32,4,heuristic,70.08839433334894,1.1199112025885105,0.27450019121170044,10.571499824523926,0.1885983645915985,9.087851524353027,10.36355209350586,10.345992088317871,0.4746086597442627,0.050134677439928055
go_stanford,medium,no14vc_16_1,ddim3_cfg1.0_tts0,ddim,3,1.0,0,0,heuristic,18.248096333347046,1.290514363590562,0.12928542494773865,8.598654747009277,0.922180712223053,8.191357612609863,9.125414848327637,8.755518913269043,1.5107312202453613,0.09233168512582779
go_stanford,medium,no14vc_16_1,ddim3_cfg1.0_tts8,ddim,3,1.0,8,4,heuristic,17.577006333302354,0.04317991377162213,0.1815488338470459,10.078431129455566,0.3444776237010956,8.797940254211426,10.049349784851074,9.991316795349121,0.8679206967353821,0.05982305482029915
go_stanford,medium,no14vc_16_1,ddim3_cfg1.0_tts16,ddim,3,1.0,16,4,heuristic,34.98100200003288,0.6399590846286315,0.29490867257118225,10.534165382385254,0.2052868753671646,9.0963134765625,10.399275779724121,10.372480392456055,0.6630626916885376,0.042597368359565735
go_stanford,medium,no14vc_16_1,ddim3_cfg1.0_tts32,ddim,3,1.0,32,4,heuristic,69.79166600001463,0.5744177176481845,0.29327937960624695,10.544734954833984,0.19782425463199615,9.107300758361816,10.377391815185547,10.350607872009277,0.5619580149650574,0.05338795483112335
go_stanford,medium,no14vc_16_1,ddim3_cfg2.0_tts0,ddim,3,2.0,0,0,heuristic,20.355794666632693,1.4738131431380896,0.09128573536872864,9.392509460449219,0.5352823734283447,8.524327278137207,9.697078704833984,9.520153999328613,1.4712988138198853,0.07341133803129196
go_stanford,medium,no14vc_16_1,ddim3_cfg2.0_tts8,ddim,3,2.0,8,4,heuristic,17.868707333339746,0.1389018428437645,0.07261895388364792,9.951384544372559,0.2920320928096771,8.530346870422363,9.747716903686523,9.724861145019531,0.4742760956287384,0.04951595887541771
go_stanford,medium,no14vc_16_1,ddim3_cfg2.0_tts16,ddim,3,2.0,16,4,heuristic,35.363864999984195,0.5697031659019577,0.2454032301902771,10.40236759185791,0.20649906992912292,8.990128517150879,10.253839492797852,10.231060981750488,0.6273624300956726,0.0556134432554245
go_stanford,medium,no14vc_16_1,ddim3_cfg2.0_tts32,ddim,3,2.0,32,4,heuristic,74.20560566667216,4.1917757928996116,0.3412087857723236,10.723282814025879,0.15088656544685364,9.174337387084961,10.48300552368164,10.473467826843262,0.4113976061344147,0.040835630148649216
go_stanford,medium,no14vc_16_1,ddim2_cfg0.0_tts0,ddim,2,0.0,0,0,heuristic,7.111502333335314,0.3692085690611223,0.07181115448474884,8.817299842834473,0.5909721851348877,8.220732688903809,9.289654731750488,9.037888526916504,1.720229983329773,0.09539806842803955
go_stanford,medium,no14vc_16_1,ddim2_cfg0.0_tts8,ddim,2,0.0,8,4,heuristic,6.852515666651016,0.5629175051198999,0.05322927236557007,9.620169639587402,0.3699513077735901,8.414494514465332,9.599997520446777,9.545022010803223,0.8935722708702087,0.0768468827009201
go_stanford,medium,no14vc_16_1,ddim2_cfg0.0_tts16,ddim,2,0.0,16,4,heuristic,14.431925333307541,0.25879879005124296,0.09318657219409943,9.967513084411621,0.358469158411026,8.641660690307617,9.857670783996582,9.817475318908691,0.6870362758636475,0.058947205543518066
go_stanford,medium,no14vc_16_1,ddim2_cfg0.0_tts32,ddim,2,0.0,32,4,heuristic,26.124849000022248,0.1779751422523486,0.26274144649505615,10.623215675354004,0.19683581590652466,9.08457088470459,10.35035514831543,10.343107223510742,0.31736326217651367,0.05049422010779381
go_stanford,medium,no14vc_16_1,ddim2_cfg0.5_tts0,ddim,2,0.5,0,0,heuristic,12.414552333325446,0.5651461043342778,0.03408723697066307,8.858695030212402,0.5545520782470703,8.10413646697998,9.204781532287598,9.014632225036621,1.5456422567367554,0.0839531421661377
go_stanford,medium,no14vc_16_1,ddim2_cfg0.5_tts8,ddim,2,0.5,8,4,heuristic,12.19809266668411,0.6874660976546745,0.23553887009620667,10.368247985839844,0.2755431532859802,8.970702171325684,10.229683876037598,10.197230339050293,0.6224772334098816,0.068293496966362
go_stanford,medium,no14vc_16_1,ddim2_cfg0.5_tts16,ddim,2,0.5,16,4,heuristic,26.24981500002832,3.4162067601731483,0.18657025694847107,10.263483047485352,0.3489670753479004,8.920578956604004,10.168680191040039,10.115493774414062,0.6915786266326904,0.05962647125124931
go_stanford,medium,no14vc_16_1,ddim2_cfg0.5_tts32,ddim,2,0.5,32,4,heuristic,48.488654000000984,0.8491771965030318,0.27120786905288696,10.589268684387207,0.18859273195266724,9.080227851867676,10.367133140563965,10.354789733886719,0.4515273869037628,0.047306183725595474
go_stanford,medium,no14vc_16_1,ddim2_cfg1.0_tts0,ddim,2,1.0,0,0,heuristic,12.188958999975815,0.5357811789187572,0.07923812419176102,8.992798805236816,0.5802662968635559,8.145024299621582,9.287726402282715,9.086060523986816,1.3709030151367188,0.08543648570775986
go_stanford,medium,no14vc_16_1,ddim2_cfg1.0_tts8,ddim,2,1.0,8,4,heuristic,12.467887333324748,0.5881708119722284,0.1785890758037567,10.217251777648926,0.2856748700141907,8.829764366149902,10.078136444091797,10.049915313720703,0.635736346244812,0.06503823399543762
go_stanford,medium,no14vc_16_1,ddim2_cfg1.0_tts16,ddim,2,1.0,16,4,heuristic,24.336677000026913,1.0596890923831297,0.18813154101371765,10.25217056274414,0.25571000576019287,8.877280235290527,10.134851455688477,10.103875160217285,0.6950064301490784,0.053780343383550644
go_stanford,medium,no14vc_16_1,ddim2_cfg1.0_tts32,ddim,2,1.0,32,4,heuristic,47.99809166668941,0.4756753341269515,0.32070308923721313,10.698298454284668,0.15784169733524323,9.103819847106934,10.412734031677246,10.4069185256958,0.2888481020927429,0.05233825370669365
go_stanford,medium,no14vc_16_1,ddim2_cfg2.0_tts0,ddim,2,2.0,0,0,heuristic,12.121356999993319,0.48659699397423056,0.05034780502319336,9.702176094055176,0.45580801367759705,8.478524208068848,9.6554594039917,9.594054222106934,0.7982977032661438,0.07340726256370544
go_stanford,medium,no14vc_16_1,ddim2_cfg2.0_tts8,ddim,2,2.0,8,4,heuristic,13.06400166667269,0.7769787450011895,0.25422894954681396,10.369694709777832,0.29874008893966675,8.987662315368652,10.252239227294922,10.220477104187012,0.6898772716522217,0.05691826716065407
go_stanford,medium,no14vc_16_1,ddim2_cfg2.0_tts16,ddim,2,2.0,16,4,heuristic,24.72704433330364,0.9540925384849243,0.2885230779647827,10.544867515563965,0.23166409134864807,9.10484790802002,10.39889907836914,10.374390602111816,0.6342138051986694,0.04868529364466667
go_stanford,medium,no14vc_16_1,ddim2_cfg2.0_tts32,ddim,2,2.0,32,4,heuristic,48.430267666693304,0.7996046870179827,0.30188602209091187,10.626815795898438,0.18129569292068481,9.085858345031738,10.382294654846191,10.37224006652832,0.396153062582016,0.04481073096394539
go_stanford,long,no9vc_56_0,ddpm10_cfg0.0_tts0,ddpm,10,0.0,0,0,heuristic,31.605416999999154,0.8602206821708007,0.0,8.68093204498291,0.6432505249977112,7.946815490722656,9.041535377502441,8.827139854431152,1.5266189575195312,0.06917977333068848
go_stanford,long,no9vc_56_0,ddim10_cfg0.0_tts0,ddim,10,0.0,0,0,heuristic,32.90836799999397,3.2698131241782815,0.034467894583940506,8.941977500915527,0.7221155762672424,8.244025230407715,9.335193634033203,9.09642505645752,1.5409990549087524,0.07484040409326553
go_stanford,long,no9vc_56_0,ddim10_cfg0.0_tts8,ddim,10,0.0,8,4,heuristic,32.064777666657086,2.2445904367236627,0.25442397594451904,9.369477272033691,0.48724958300590515,8.469710350036621,9.629334449768066,9.485581398010254,1.4392027854919434,0.06923831254243851
go_stanford,long,no9vc_56_0,ddim10_cfg0.0_tts16,ddim,10,0.0,16,4,heuristic,61.33985300001162,1.1324397599429328,0.46334120631217957,10.40946102142334,0.21996691823005676,9.003931999206543,10.289450645446777,10.262303352355957,0.7022672295570374,0.04692669212818146
go_stanford,long,no9vc_56_0,ddim10_cfg0.0_tts32,ddim,10,0.0,32,4,heuristic,121.21059966667265,0.8869889394526782,0.5969712734222412,10.578303337097168,0.22090469300746918,9.165335655212402,10.442676544189453,10.414084434509277,0.6499733328819275,0.04713927581906319
go_stanford,long,no9vc_56_0,ddim10_cfg0.5_tts0,ddim,10,0.5,0,0,heuristic,60.38885400001467,3.526342055009637,0.13905753195285797,9.361100196838379,0.6045709848403931,8.39455509185791,9.563633918762207,9.404372215270996,1.2391635179519653,0.05713605508208275
go_stanford,long,no9vc_56_0,ddim10_cfg0.5_tts8,ddim,10,0.5,8,4,heuristic,58.41253266669355,1.4745733728367718,0.2502569258213043,9.994804382324219,0.3072444200515747,8.769289016723633,9.981602668762207,9.91573715209961,0.8886444568634033,0.05532357096672058
go_stanford,long,no9vc_56_0,ddim10_cfg0.5_tts16,ddim,10,0.5,16,4,heuristic,116.99386866666828,0.3689543971418795,0.41713976860046387,10.393144607543945,0.18774114549160004,8.939549446105957,10.205931663513184,10.186723709106445,0.5324077010154724,0.04558946192264557
go_stanford,long,no9vc_56_0,ddim10_cfg0.5_tts32,ddim,10,0.5,32,4,heuristic,233.64022733335332,3.5816471089515862,0.5341191291809082,10.6773681640625,0.1486990600824356,9.122079849243164,10.415236473083496,10.40438175201416,0.3447977602481842,0.03971460089087486
go_stanford,long,no9vc_56_0,ddim10_cfg1.0_tts0,ddim,10,1.0,0,0,heuristic,58.20049733332174,1.7562952022685347,0.10400110483169556,9.492053031921387,0.5445272922515869,8.5681791305542,9.749363899230957,9.555108070373535,1.2904490232467651,0.06449557095766068
go_stanford,long,no9vc_56_0,ddim10_cfg1.0_tts8,ddim,10,1.0,8,4,heuristic,58.46486766665748,1.7905461031529144,0.20459295809268951,9.800158500671387,0.46011608839035034,8.851958274841309,10.070809364318848,9.916452407836914,1.445679783821106,0.056949347257614136
go_stanford,long,no9vc_56_0,ddim10_cfg1.0_tts16,ddim,10,1.0,16,4,heuristic,119.61169033331014,3.5476828159340483,0.5095909833908081,10.609007835388184,0.19271136820316315,9.101845741271973,10.3943452835083,10.37231159210205,0.4506572484970093,0.035211462527513504
go_stanford,long,no9vc_56_0,ddim10_cfg1.0_tts32,ddim,10,1.0,32,4,heuristic,237.18810666665982,4.861527495295012,0.7586387991905212,10.75512981414795,0.1879984438419342,9.267041206359863,10.579821586608887,10.559733390808105,0.5684400200843811,0.03488951921463013
go_stanford,long,no9vc_56_0,ddim10_cfg2.0_tts0,ddim,10,2.0,0,0,heuristic,59.128163000006374,1.3980937121122707,0.20508357882499695,9.577110290527344,0.48290202021598816,8.775538444519043,9.985294342041016,9.761761665344238,1.6363147497177124,0.06848915666341782
go_stanford,long,no9vc_56_0,ddim10_cfg2.0_tts8,ddim,10,2.0,8,4,heuristic,59.3715866666192,0.9047630821661833,0.3200812339782715,10.29816722869873,0.28667736053466797,8.890480041503906,10.170333862304688,10.134025573730469,0.657741129398346,0.04037479683756828
go_stanford,long,no9vc_56_0,ddim10_cfg2.0_tts16,ddim,10,2.0,16,4,heuristic,117.91481300000821,0.3976741234684728,0.6154550313949585,10.663811683654785,0.18708990514278412,9.257529258728027,10.565489768981934,10.529606819152832,0.7380101084709167,0.046243760734796524
go_stanford,long,no9vc_56_0,ddim10_cfg2.0_tts32,ddim,10,2.0,32,4,heuristic,236.3504096666702,1.064931492865281,0.6611601710319519,10.760494232177734,0.17807625234127045,9.257967948913574,10.573820114135742,10.554959297180176,0.5344613194465637,0.047686655074357986
go_stanford,long,no9vc_56_0,ddim5_cfg0.0_tts0,ddim,5,0.0,0,0,heuristic,16.218814000050468,0.41671495950044163,0.09669680893421173,9.192245483398438,0.6467257738113403,8.359883308410645,9.521204948425293,9.305309295654297,1.431531310081482,0.07326170802116394
go_stanford,long,no9vc_56_0,ddim5_cfg0.0_tts8,ddim,5,0.0,8,4,heuristic,17.239850999999362,0.6480353546593479,0.24467024207115173,9.875908851623535,0.4043276011943817,8.767159461975098,10.001141548156738,9.90552806854248,1.198965072631836,0.061694398522377014
go_stanford,long,no9vc_56_0,ddim5_cfg0.0_tts16,ddim,5,0.0,16,4,heuristic,31.664257333318346,0.4387756966936098,0.27833110094070435,10.143268585205078,0.2199254035949707,8.740731239318848,10.011737823486328,9.979111671447754,0.6599909067153931,0.038591280579566956
go_stanford,long,no9vc_56_0,ddim5_cfg0.0_tts32,ddim,5,0.0,32,4,heuristic,66.81165933336312,5.421836863479236,0.4981474280357361,10.522902488708496,0.17577281594276428,9.04123592376709,10.321196556091309,10.302582740783691,0.4955677092075348,0.03860882297158241
go_stanford,long,no9vc_56_0,ddim5_cfg0.5_tts0,ddim,5,0.5,0,0,heuristic,30.331024000057976,1.5299905612688414,0.005961043760180473,8.816829681396484,0.7053142786026001,8.22191047668457,9.313559532165527,9.009505271911621,1.6537290811538696,0.06855367869138718
go_stanford,long,no9vc_56_0,ddim5_cfg0.5_tts8,ddim,5,0.5,8,4,heuristic,32.224320999982105,0.45840206706021647,0.27754247188568115,10.041443824768066,0.24205930531024933,8.665745735168457,9.905070304870605,9.875880241394043,0.6534571051597595,0.038749124854803085
go_stanford,long,no9vc_56_0,ddim5_cfg0.5_tts16,ddim,5,0.5,16,4,heuristic,64.35644433334649,0.5285873117970858,0.4695621132850647,10.476997375488281,0.20789052546024323,9.049301147460938,10.340228080749512,10.309118270874023,0.6465692520141602,0.038481488823890686
go_stanford,long,no9vc_56_0,ddim5_cfg0.5_tts32,ddim,5,0.5,32,4,heuristic,128.30604966670003,2.2715597139294013,0.5209410786628723,10.506139755249023,0.1973937451839447,9.038074493408203,10.321534156799316,10.299298286437988,0.5334792733192444,0.04101286083459854
go_stanford,long,no9vc_56_0,ddim5_cfg1.0_tts0,ddim,5,1.0,0,0,heuristic,32.1895653332831,0.40074581979162366,0.16129396855831146,9.556434631347656,0.5101802945137024,8.674675941467285,9.846996307373047,9.654778480529785,1.3877474069595337,0.06648815423250198
go_stanford,long,no9vc_56_0,ddim5_cfg1.0_tts8,ddim,5,1.0,8,4,heuristic,32.109876666671276,0.37157755760754907,0.32452392578125,10.116615295410156,0.28245943784713745,8.819758415222168,10.055737495422363,10.01468276977539,0.8238016963005066,0.05849594250321388
go_stanford,long,no9vc_56_0,ddim5_cfg1.0_tts16,ddim,5,1.0,16,4,heuristic,64.3140146666686,0.7447270374025333,0.4613785147666931,10.506109237670898,0.20884844660758972,9.101984977722168,10.39177417755127,10.354174613952637,0.6857092380523682,0.05117559805512428
go_stanford,long,no9vc_56_0,ddim5_cfg1.0_tts32,ddim,5,1.0,32,4,heuristic,127.33205333332383,0.9319949584892181,0.5590146780014038,10.734040260314941,0.1506451666355133,9.160384178161621,10.458979606628418,10.44949722290039,0.31427839398384094,0.03385716676712036
go_stanford,long,no9vc_56_0,ddim5_cfg2.0_tts0,ddim,5,2.0,0,0,heuristic,32.19957166671369,0.10575261952970827,0.22315606474876404,9.890364646911621,0.3960929214954376,8.72629165649414,9.975942611694336,9.866862297058105,1.0530294179916382,0.054567232728004456
go_stanford,long,no9vc_56_0,ddim5_cfg2.0_tts8,ddim,5,2.0,8,4,heuristic,32.89665300004193,1.7254098075939586,0.5319638252258301,10.542162895202637,0.2481040358543396,9.025477409362793,10.334961891174316,10.315250396728516,0.4807909429073334,0.03753437101840973
go_stanford,long,no9vc_56_0,ddim5_cfg2.0_tts16,ddim,5,2.0,16,4,heuristic,63.84959100000742,0.7464812705557645,0.5099095106124878,10.59069538116455,0.19391722977161407,9.130526542663574,10.45616626739502,10.424803733825684,0.6536659598350525,0.04114115983247757
go_stanford,long,no9vc_56_0,ddim5_cfg2.0_tts32,ddim,5,2.0,32,4,heuristic,127.23787266664506,0.47629806035259975,0.6803737282752991,10.882991790771484,0.1214950829744339,9.269265174865723,10.595625877380371,10.589151382446289,0.2872191369533539,0.03809324651956558
go_stanford,long,no9vc_56_0,ddim3_cfg0.0_tts0,ddim,3,0.0,0,0,heuristic,10.720679333341346,0.5110979351184893,0.1155799999833107,9.467799186706543,0.5773503184318542,8.486095428466797,9.669642448425293,9.504810333251953,1.215795636177063,0.06904846429824829
go_stanford,long,no9vc_56_0,ddim3_cfg0.0_tts8,ddim,3,0.0,8,4,heuristic,10.718132999992728,0.25378890964573386,0.25029534101486206,9.987393379211426,0.398688942193985,8.762238502502441,9.979936599731445,9.907492637634277,0.8860838413238525,0.05780594423413277
go_stanford,long,no9vc_56_0,ddim3_cfg0.0_tts16,ddim,3,0.0,16,4,heuristic,20.638996666662024,0.5915089426211854,0.26829713582992554,10.191413879394531,0.1950133889913559,8.825275421142578,10.082398414611816,10.043084144592285,0.6997120380401611,0.044296931475400925
go_stanford,long,no9vc_56_0,ddim3_cfg0.0_tts32,ddim,3,0.0,32,4,heuristic,44.518314666674996,4.921866443184057,0.4437684416770935,10.495311737060547,0.21169424057006836,9.035261154174805,10.302467346191406,10.282919883728027,0.5143648386001587,0.04454047605395317
go_stanford,long,no9vc_56_0,ddim3_cfg0.5_tts0,ddim,3,0.5,0,0,heuristic,20.081134000027607,0.09223455607643513,0.06043802574276924,8.947054862976074,0.617598831653595,8.335470199584961,9.464612007141113,9.199023246765137,1.8166354894638062,0.09283701330423355
go_stanford,long,no9vc_56_0,ddim3_cfg0.5_tts8,ddim,3,0.5,8,4,heuristic,20.01524166666968,0.666716708140614,0.31180447340011597,10.187861442565918,0.21550747752189636,8.744384765625,9.983240127563477,9.969233512878418,0.49469199776649475,0.051838528364896774
go_stanford,long,no9vc_56_0,ddim3_cfg0.5_tts16,ddim,3,0.5,16,4,heuristic,40.65806166666638,1.4287949837764837,0.38071826100349426,10.326403617858887,0.24743832647800446,8.886212348937988,10.175122261047363,10.146310806274414,0.6136485934257507,0.03950096666812897
go_stanford,long,no9vc_56_0,ddim3_cfg0.5_tts32,ddim,3,0.5,32,4,heuristic,76.74507999994755,4.799831992670859,0.573512077331543,10.655056953430176,0.15441249310970306,9.116598129272461,10.411038398742676,10.401505470275879,0.397294282913208,0.04730243608355522
go_stanford,long,no9vc_56_0,ddim3_cfg1.0_tts0,ddim,3,1.0,0,0,heuristic,18.248170333322378,0.16765414134157883,0.09402096271514893,9.017008781433105,0.656356692314148,8.325213432312012,9.450526237487793,9.222224235534668,1.6856074333190918,0.08437470346689224
go_stanford,long,no9vc_56_0,ddim3_cfg1.0_tts8,ddim,3,1.0,8,4,heuristic,18.273120000003473,0.07964463678182965,0.394661009311676,10.364778518676758,0.27471044659614563,8.97421646118164,10.250611305236816,10.208861351013184,0.6782662272453308,0.04325569048523903
go_stanford,long,no9vc_56_0,ddim3_cfg1.0_tts16,ddim,3,1.0,16,4,heuristic,36.45163166667468,0.5035878221362433,0.5208076238632202,10.46485424041748,0.1880621463060379,8.984705924987793,10.26620101928711,10.248679161071777,0.5032368302345276,0.050824493169784546
go_stanford,long,no9vc_56_0,ddim3_cfg1.0_tts32,ddim,3,1.0,32,4,heuristic,72.9015406666728,1.109681023208871,0.6492010354995728,10.79982852935791,0.14761851727962494,9.234790802001953,10.554778099060059,10.542326927185059,0.39163389801979065,0.036386217921972275
go_stanford,long,no9vc_56_0,ddim3_cfg2.0_tts0,ddim,3,2.0,0,0,heuristic,18.75450266667637,1.1928454377196203,0.14368502795696259,9.602458953857422,0.5653955936431885,8.659565925598145,9.841743469238281,9.67877197265625,1.3237488269805908,0.07229393720626831
go_stanford,long,no9vc_56_0,ddim3_cfg2.0_tts8,ddim,3,2.0,8,4,heuristic,19.343329333347963,2.316730133551825,0.4033461809158325,10.272561073303223,0.28371113538742065,8.904338836669922,10.192992210388184,10.143659591674805,0.75709468126297,0.04527534544467926
go_stanford,long,no9vc_56_0,ddim3_cfg2.0_tts16,ddim,3,2.0,16,4,heuristic,35.522241666664435,0.10612783830843343,0.608849048614502,10.556671142578125,0.29382380843162537,9.124961853027344,10.419283866882324,10.390816688537598,0.6332921385765076,0.08129489421844482
go_stanford,long,no9vc_56_0,ddim3_cfg2.0_tts32,ddim,3,2.0,32,4,heuristic,71.82696066665055,1.2901860227897608,0.7057167887687683,10.891644477844238,0.11902539432048798,9.288243293762207,10.609785079956055,10.60252857208252,0.29835623502731323,0.04175958037376404
go_stanford,long,no9vc_56_0,ddim2_cfg0.0_tts0,ddim,2,0.0,0,0,heuristic,7.00327833336208,0.2109471012877163,0.07640022784471512,9.060132026672363,0.5979862213134766,8.369940757751465,9.448064804077148,9.225419998168945,1.5663056373596191,0.08060278743505478
go_stanford,long,no9vc_56_0,ddim2_cfg0.0_tts8,ddim,2,0.0,8,4,heuristic,6.786239666666916,0.19583930191222979,0.2491431087255478,9.861660957336426,0.32101941108703613,8.629533767700195,9.833695411682129,9.767341613769531,0.8414023518562317,0.06742028146982193
go_stanford,long,no9vc_56_0,ddim2_cfg0.0_tts16,ddim,2,0.0,16,4,heuristic,13.713279333311826,0.5673022476468723,0.3518869876861572,10.217656135559082,0.28504136204719543,8.879819869995117,10.099713325500488,10.064419746398926,0.6740801930427551,0.05934424325823784
go_stanford,long,no9vc_56_0,ddim2_cfg0.0_tts32,ddim,2,0.0,32,4,heuristic,26.46492233331325,0.3876364976044893,0.5284743309020996,10.634672164916992,0.2116921991109848,9.15758228302002,10.450335502624512,10.42941951751709,0.5365349650382996,0.04247022047638893
go_stanford,long,no9vc_56_0,ddim2_cfg0.5_tts0,ddim,2,0.5,0,0,heuristic,12.143326333368046,0.1893924701623673,0.10290359705686569,9.239429473876953,0.6062964200973511,8.365801811218262,9.527907371520996,9.352862358093262,1.4293943643569946,0.07884905487298965
go_stanford,long,no9vc_56_0,ddim2_cfg0.5_tts8,ddim,2,0.5,8,4,heuristic,13.209099333304644,0.7955959193556429,0.261549711227417,9.966754913330078,0.3464046120643616,8.718240737915039,9.951242446899414,9.890973091125488,0.9001756310462952,0.057961899787187576
go_stanford,long,no9vc_56_0,ddim2_cfg0.5_tts16,ddim,2,0.5,16,4,heuristic,25.074231000000207,0.8371783148605667,0.559904932975769,10.624470710754395,0.21695807576179504,9.216302871704102,10.521392822265625,10.48608112335205,0.729008138179779,0.04016333818435669
go_stanford,long,no9vc_56_0,ddim2_cfg0.5_tts32,ddim,2,0.5,32,4,heuristic,49.664979999988645,1.813137637621314,0.5967531800270081,10.744492530822754,0.24840377271175385,9.096789360046387,10.470765113830566,10.462702751159668,0.3081291615962982,0.08766429871320724
go_stanford,long,no9vc_56_0,ddim2_cfg1.0_tts0,ddim,2,1.0,0,0,heuristic,12.351208666700586,0.236771616503457,0.25344574451446533,9.764193534851074,0.48644328117370605,8.566306114196777,9.765660285949707,9.696269989013672,0.9168927073478699,0.06773459911346436
go_stanford,long,no9vc_56_0,ddim2_cfg1.0_tts8,ddim,2,1.0,8,4,heuristic,12.724896999998236,0.3990635702310312,0.35463574528694153,10.097131729125977,0.3630381226539612,8.901041030883789,10.1643648147583,10.079537391662598,1.068127155303955,0.05527126416563988
go_stanford,long,no9vc_56_0,ddim2_cfg1.0_tts16,ddim,2,1.0,16,4,heuristic,24.531906000030784,0.5596966675984649,0.5387765169143677,10.429051399230957,0.20955602824687958,8.99573802947998,10.246395111083984,10.221409797668457,0.5178566575050354,0.06559139490127563
go_stanford,long,no9vc_56_0,ddim2_cfg1.0_tts32,ddim,2,1.0,32,4,heuristic,52.042250000037406,4.572442008962492,0.560314953327179,10.676460266113281,0.17587684094905853,9.177541732788086,10.477591514587402,10.461935043334961,0.5079308748245239,0.04851694777607918
go_stanford,long,no9vc_56_0,ddim2_cfg2.0_tts0,ddim,2,2.0,0,0,heuristic,12.356556333353788,0.3017699667031463,0.23814338445663452,9.8923978805542,0.44702139496803284,8.77997875213623,10.017128944396973,9.92089557647705,1.1923943758010864,0.07155787944793701
go_stanford,long,no9vc_56_0,ddim2_cfg2.0_tts8,ddim,2,2.0,8,4,heuristic,12.422155999956885,0.2939249813602113,0.4410627484321594,10.337519645690918,0.2524196207523346,9.089518547058105,10.36689281463623,10.293479919433594,0.9856801629066467,0.06811501830816269
go_stanford,long,no9vc_56_0,ddim2_cfg2.0_tts16,ddim,2,2.0,16,4,heuristic,24.79205400000713,0.6815046350403905,0.5727365612983704,10.751644134521484,0.18218618631362915,9.2084379196167,10.511798858642578,10.495850563049316,0.39253559708595276,0.04242759943008423
go_stanford,long,no9vc_56_0,ddim2_cfg2.0_tts32,ddim,2,2.0,32,4,heuristic,48.52091199999601,0.6479610987387406,0.6530528664588928,10.901314735412598,0.14675872027873993,9.331202507019043,10.656815528869629,10.645294189453125,0.39053449034690857,0.0468149334192276
go_stanford,long,no26vcF_20_0,ddpm10_cfg0.0_tts0,ddpm,10,0.0,0,0,heuristic,32.0078500000515,1.3018700109414376,0.0,9.327957153320312,0.5577847361564636,8.3643217086792,9.49866771697998,9.369280815124512,1.2215276956558228,0.0737634226679802
go_stanford,long,no26vcF_20_0,ddim10_cfg0.0_tts0,ddim,10,0.0,0,0,heuristic,30.741494333331804,0.7119721926379523,0.19684955477714539,8.627449035644531,0.7138304710388184,8.039362907409668,9.128364562988281,8.834460258483887,1.6942449808120728,0.07894522696733475
go_stanford,long,no26vcF_20_0,ddim10_cfg0.0_tts8,ddim,10,0.0,8,4,heuristic,32.7288613333773,3.560204913326872,0.06429624557495117,9.34219741821289,0.4876469373703003,8.50490665435791,9.640380859375,9.490165710449219,1.5230355262756348,0.07802002876996994
go_stanford,long,no26vcF_20_0,ddim10_cfg0.0_tts16,ddim,10,0.0,16,4,heuristic,61.93423599999429,1.3013761667038557,0.030198950320482254,9.628486633300781,0.3346560299396515,8.554778099060059,9.724620819091797,9.638968467712402,1.1404117345809937,0.06161656603217125
go_stanford,long,no26vcF_20_0,ddim10_cfg0.0_tts32,ddim,10,0.0,32,4,heuristic,123.62517733329999,1.3018857335743192,0.12539440393447876,10.515409469604492,0.1828663945198059,8.99510383605957,10.277114868164062,10.261656761169434,0.4057004451751709,0.027596304193139076
go_stanford,long,no26vcF_20_0,ddim10_cfg0.5_tts0,ddim,10,0.5,0,0,heuristic,59.38412399999985,0.5460702016356889,0.2994193732738495,8.780847549438477,0.636886477470398,8.271285057067871,9.37613296508789,9.090685844421387,1.9845815896987915,0.08103504031896591
go_stanford,long,no26vcF_20_0,ddim10_cfg0.5_tts8,ddim,10,0.5,8,4,heuristic,58.0916953332841,0.26836804702455935,0.08684691786766052,9.265358924865723,0.5242915153503418,8.37960147857666,9.545757293701172,9.392170906066895,1.472823143005371,0.06697238236665726
go_stanford,long,no26vcF_20_0,ddim10_cfg0.5_tts16,ddim,10,0.5,16,4,heuristic,119.17418366662484,2.024049328884997,0.12229679524898529,10.409008979797363,0.18433073163032532,8.937567710876465,10.211559295654297,10.189961433410645,0.5008088946342468,0.03709138557314873
go_stanford,long,no26vcF_20_0,ddim10_cfg0.5_tts32,ddim,10,0.5,32,4,heuristic,235.58340833335478,8.398533484744977,0.12449562549591064,10.420336723327637,0.20214131474494934,8.997634887695312,10.261778831481934,10.23855972290039,0.6035425662994385,0.04099447652697563
go_stanford,long,no26vcF_20_0,ddim10_cfg1.0_tts0,ddim,10,1.0,0,0,heuristic,59.41145833332939,1.5059484064667743,0.5346203446388245,8.563898086547852,0.6459728479385376,8.054594039916992,9.140929222106934,8.824602127075195,1.8462356328964233,0.07956157624721527
go_stanford,long,no26vcF_20_0,ddim10_cfg1.0_tts8,ddim,10,1.0,8,4,heuristic,57.31846466665047,1.4490579854120762,0.15151014924049377,9.738814353942871,0.4361499547958374,8.638226509094238,9.862797737121582,9.753616333007812,1.1630803346633911,0.049593180418014526
go_stanford,long,no26vcF_20_0,ddim10_cfg1.0_tts16,ddim,10,1.0,16,4,heuristic,116.04477466668565,1.6545441521398632,0.18680161237716675,10.055074691772461,0.35841625928878784,8.873714447021484,10.132676124572754,10.033557891845703,1.0569030046463013,0.05507342889904976
go_stanford,long,no26vcF_20_0,ddim10_cfg1.0_tts32,ddim,10,1.0,32,4,heuristic,228.12773399997846,2.040406746501818,0.2609018087387085,10.108348846435547,0.26975926756858826,8.959473609924316,10.218955039978027,10.128643989562988,1.1762057542800903,0.052153006196022034
go_stanford,long,no26vcF_20_0,ddim10_cfg2.0_tts0,ddim,10,2.0,0,0,heuristic,57.23870033333848,0.27770233269537303,1.1869616508483887,8.361198425292969,0.4281708598136902,8.465897560119629,9.528507232666016,9.00092601776123,2.9128620624542236,0.09524756669998169
go_stanford,long,no26vcF_20_0,ddim10_cfg2.0_tts8,ddim,10,2.0,8,4,heuristic,58.03844299998673,0.567909477476572,0.6862733960151672,9.085169792175293,0.35681086778640747,8.626914024353027,9.786528587341309,9.480950355529785,2.233022928237915,0.07604454457759857
go_stanford,long,no26vcF_20_0,ddim10_cfg2.0_tts16,ddim,10,2.0,16,4,heuristic,114.89941066668052,0.3130821973921574,0.23776113986968994,9.82702350616455,0.29442158341407776,8.7592191696167,10.000203132629395,9.889012336730957,1.2986692190170288,0.04707266390323639
go_stanford,long,no26vcF_20_0,ddim10_cfg2.0_tts32,ddim,10,2.0,32,4,heuristic,234.86082300000058,10.319590771234918,0.2531008720397949,10.255156517028809,0.2477867752313614,9.046046257019043,10.293397903442383,10.219563484191895,1.0084501504898071,0.06487303227186203
go_stanford,long,no26vcF_20_0,ddim5_cfg0.0_tts0,ddim,5,0.0,0,0,heuristic,15.73956166669177,0.7350233206427461,0.04869764670729637,9.255518913269043,0.4819924831390381,8.215518951416016,9.371463775634766,9.261109352111816,1.1283401250839233,0.06869997084140778
go_stanford,long,no26vcF_20_0,ddim5_cfg0.0_tts8,ddim,5,0.0,8,4,heuristic,15.452278333365635,0.3507143000795504,0.00461841793730855,9.50371265411377,0.3913172781467438,8.337292671203613,9.477156639099121,9.403127670288086,0.8221929669380188,0.06345254927873611
go_stanford,long,no26vcF_20_0,ddim5_cfg0.0_tts16,ddim,5,0.0,16,4,heuristic,31.476115666653943,1.0564305909399336,0.03595941513776779,10.013016700744629,0.2162635624408722,8.61694049835205,9.842375755310059,9.820798873901367,0.5706631541252136,0.052131492644548416
go_stanford,long,no26vcF_20_0,ddim5_cfg0.0_tts32,ddim,5,0.0,32,4,heuristic,62.07210033331497,0.28659065168910347,0.11759954690933228,10.404696464538574,0.19934144616127014,8.945277214050293,10.224177360534668,10.200060844421387,0.5392599105834961,0.044557105749845505
go_stanford,long,no26vcF_20_0,ddim5_cfg0.5_tts0,ddim,5,0.5,0,0,heuristic,29.432420333364462,0.8420055610545059,0.7046793699264526,7.97353982925415,0.9220839738845825,8.005637168884277,8.909308433532715,8.327079772949219,2.0755176544189453,0.09511244297027588
go_stanford,long,no26vcF_20_0,ddim5_cfg0.5_tts8,ddim,5,0.5,8,4,heuristic,29.602633666665195,1.1812633445739924,0.10555942356586456,9.5785493850708,0.46866366267204285,8.539677619934082,9.740092277526855,9.615408897399902,1.2214741706848145,0.05694327875971794
go_stanford,long,no26vcF_20_0,ddim5_cfg0.5_tts16,ddim,5,0.5,16,4,heuristic,60.864284999979645,3.3941265035636126,0.17337127029895782,10.261236190795898,0.2105417251586914,8.923697471618652,10.211335182189941,10.161227226257324,0.8415272831916809,0.03993462026119232
go_stanford,long,no26vcF_20_0,ddim5_cfg0.5_tts32,ddim,5,0.5,32,4,heuristic,126.13360799995614,0.5370791382508304,0.08010677993297577,10.282855033874512,0.19784757494926453,8.863337516784668,10.107234001159668,10.085299491882324,0.5549009442329407,0.04918496683239937
go_stanford,long,no26vcF_20_0,ddim5_cfg1.0_tts0,ddim,5,1.0,0,0,heuristic,31.85677733332189,0.852075262391942,0.4918295741081238,8.60452651977539,0.5960235595703125,8.220842361450195,9.309890747070312,8.94151782989502,2.061760902404785,0.07967831939458847
go_stanford,long,no26vcF_20_0,ddim5_cfg1.0_tts8,ddim,5,1.0,8,4,heuristic,31.889681333306424,1.2418027068528628,0.20246650278568268,9.091442108154297,0.2944033443927765,8.060674667358398,9.20553970336914,9.11121654510498,1.180148720741272,0.04294553026556969
go_stanford,long,no26vcF_20_0,ddim5_cfg1.0_tts16,ddim,5,1.0,16,4,heuristic,63.38066800003617,0.4382089984075921,0.14053472876548767,9.789263725280762,0.242844358086586,8.646464347839355,9.862768173217773,9.774611473083496,1.0726442337036133,0.061857372522354126
go_stanford,long,no26vcF_20_0,ddim5_cfg1.0_tts32,ddim,5,1.0,32,4,heuristic,129.48531966662813,5.929806039033258,0.13551199436187744,10.415031433105469,0.19020625948905945,8.987473487854004,10.250031471252441,10.221755981445312,0.5692556500434875,0.04424312338232994
go_stanford,long,no26vcF_20_0,ddim5_cfg2.0_tts0,ddim,5,2.0,0,0,heuristic,31.853818999934447,0.5494261912785209,0.7392944097518921,8.821566581726074,0.46962669491767883,8.496688842773438,9.634932518005371,9.2446870803833,2.307896375656128,0.08253729343414307
go_stanford,long,no26vcF_20_0,ddim5_cfg2.0_tts8,ddim,5,2.0,8,4,heuristic,31.260251333340722,0.1836229914887936,0.5959261059761047,9.246563911437988,0.34191298484802246,8.648134231567383,9.834485054016113,9.577559471130371,2.0562660694122314,0.062061574310064316
go_stanford,long,no26vcF_20_0,ddim5_cfg2.0_tts16,ddim,5,2.0,16,4,heuristic,62.61074333330422,0.8231848435685662,0.23414157330989838,10.046359062194824,0.26749423146247864,8.904298782348633,10.130401611328125,10.037075996398926,1.0865130424499512,0.05764494836330414
go_stanford,long,no26vcF_20_0,ddim5_cfg2.0_tts32,ddim,5,2.0,32,4,heuristic,125.5623449999727,1.886928209108617,0.2685955762863159,10.176193237304688,0.2438669204711914,9.105508804321289,10.364880561828613,10.264449119567871,1.3670597076416016,0.054757166653871536
go_stanford,long,no26vcF_20_0,ddim3_cfg0.0_tts0,ddim,3,0.0,0,0,heuristic,9.866824333319832,0.2141820435006088,0.09357713907957077,8.603833198547363,0.5838913917541504,7.799758434295654,8.895865440368652,8.706788063049316,1.402334213256836,0.07696207612752914
go_stanford,long,no26vcF_20_0,ddim3_cfg0.0_tts8,ddim,3,0.0,8,4,heuristic,10.12895233331316,0.22500871866340233,0.09833019971847534,10.189495086669922,0.2948440909385681,8.862857818603516,10.115074157714844,10.066044807434082,0.7613033652305603,0.0637030228972435
go_stanford,long,no26vcF_20_0,ddim3_cfg0.0_tts16,ddim,3,0.0,16,4,heuristic,20.536340666656844,0.8973511822962734,0.05070415884256363,9.967070579528809,0.3488813042640686,8.7349214553833,9.945893287658691,9.884784698486328,0.8744511604309082,0.0677766278386116
go_stanford,long,no26vcF_20_0,ddim3_cfg0.0_tts32,ddim,3,0.0,32,4,heuristic,39.49371700002757,0.7524985415562344,0.12169293314218521,10.413931846618652,0.20320582389831543,8.90478515625,10.186055183410645,10.168270111083984,0.42334499955177307,0.04360499605536461
go_stanford,long,no26vcF_20_0,ddim3_cfg0.5_tts0,ddim,3,0.5,0,0,heuristic,18.883985666623932,0.7953747596151082,0.5137163400650024,8.347735404968262,0.5903963446617126,7.948930263519287,9.039630889892578,8.681757926940918,2.056138038635254,0.08602825552225113
go_stanford,long,no26vcF_20_0,ddim3_cfg0.5_tts8,ddim,3,0.5,8,4,heuristic,19.37308300004285,0.789288776737023,0.13054272532463074,9.871956825256348,0.2877286672592163,8.69023609161377,9.926850318908691,9.851021766662598,1.054318904876709,0.0666649118065834
go_stanford,long,no26vcF_20_0,ddim3_cfg0.5_tts16,ddim,3,0.5,16,4,heuristic,35.045425666680785,2.4056100649070933,0.048636600375175476,10.10944938659668,0.29089996218681335,8.695343017578125,9.944924354553223,9.916421890258789,0.5705128908157349,0.050845008343458176
go_stanford,long,no26vcF_20_0,ddim3_cfg0.5_tts32,ddim,3,0.5,32,4,heuristic,72.78819466667603,4.049243650454143,0.13488423824310303,10.41899585723877,0.2147662192583084,9.011741638183594,10.285652160644531,10.258654594421387,0.6609833240509033,0.051989082247018814
go_stanford,long,no26vcF_20_0,ddim3_cfg1.0_tts0,ddim,3,1.0,0,0,heuristic,19.49576866665363,0.6755625496803652,0.13088978826999664,9.115143775939941,0.4791351556777954,8.126235008239746,9.275800704956055,9.159427642822266,1.2398253679275513,0.06504791229963303
go_stanford,long,no26vcF_20_0,ddim3_cfg1.0_tts8,ddim,3,1.0,8,4,heuristic,19.48575400001573,0.14955713854898997,0.2409040331840515,9.66982650756836,0.4038403630256653,8.674517631530762,9.898338317871094,9.75998592376709,1.3731317520141602,0.061247095465660095
go_stanford,long,no26vcF_20_0,ddim3_cfg1.0_tts16,ddim,3,1.0,16,4,heuristic,39.345771333349454,1.1700088082712534,0.11100251972675323,10.246777534484863,0.23303376138210297,8.903403282165527,10.148322105407715,10.107468605041504,0.7173306345939636,0.05735103785991669
go_stanford,long,no26vcF_20_0,ddim3_cfg1.0_tts32,ddim,3,1.0,32,4,heuristic,78.16506366668818,0.07686776340038395,0.1291613131761551,10.321393013000488,0.26470959186553955,8.989949226379395,10.25813102722168,10.208930969238281,0.7982808947563171,0.05028719827532768
go_stanford,long,no26vcF_20_0,ddim3_cfg2.0_tts0,ddim,3,2.0,0,0,heuristic,19.42157533331586,0.45913018747714796,0.8908616304397583,8.975253105163574,0.48583054542541504,8.809464454650879,9.94831371307373,9.493391990661621,2.573639392852783,0.08411917835474014
go_stanford,long,no26vcF_20_0,ddim3_cfg2.0_tts8,ddim,3,2.0,8,4,heuristic,22.268580333350958,2.6001341469310932,0.47386792302131653,9.062174797058105,0.47410258650779724,8.602496147155762,9.732123374938965,9.454753875732422,2.2108383178710938,0.09924758225679398
go_stanford,long,no26vcF_20_0,ddim3_cfg2.0_tts16,ddim,3,2.0,16,4,heuristic,40.342604666648185,0.9452298921981063,0.3943185806274414,10.249005317687988,0.25749635696411133,9.16452407836914,10.444950103759766,10.327831268310547,1.3400335311889648,0.058093730360269547
go_stanford,long,no26vcF_20_0,ddim3_cfg2.0_tts32,ddim,3,2.0,32,4,heuristic,78.48933733331857,0.6769782828224933,0.2510056793689728,10.450736045837402,0.2650499939918518,9.167272567749023,10.453211784362793,10.397455215454102,0.9695932269096375,0.04301288723945618
go_stanford,long,no26vcF_20_0,ddim2_cfg0.0_tts0,ddim,2,0.0,0,0,heuristic,7.497678999963379,0.12829997901971468,0.09742846339941025,8.672598838806152,0.5822473764419556,7.822120666503906,8.861129760742188,8.708036422729492,1.1970288753509521,0.08557107299566269
go_stanford,long,no26vcF_20_0,ddim2_cfg0.0_tts8,ddim,2,0.0,8,4,heuristic,7.372429666626583,0.31354415541357117,0.01778482086956501,9.305872917175293,0.4029664993286133,8.146416664123535,9.288947105407715,9.232215881347656,0.8979219794273376,0.07489783316850662
go_stanford,long,no26vcF_20_0,ddim2_cfg0.0_tts16,ddim,2,0.0,16,4,heuristic,14.786098666680422,0.4411278817761799,0.04144429415464401,10.025445938110352,0.2527303695678711,8.644485473632812,9.88650894165039,9.857916831970215,0.6439328789710999,0.04932895302772522
go_stanford,long,no26vcF_20_0,ddim2_cfg0.0_tts32,ddim,2,0.0,32,4,heuristic,28.656403666749004,0.05622331965808612,0.16733764111995697,10.54462718963623,0.16295260190963745,9.07786750793457,10.353715896606445,10.335827827453613,0.5164439678192139,0.06458739191293716
go_stanford,long,no26vcF_20_0,ddim2_cfg0.5_tts0,ddim,2,0.5,0,0,heuristic,13.14924033332924,0.35887025893930447,0.29514220356941223,8.521124839782715,0.531933069229126,7.727881908416748,8.799793243408203,8.633030891418457,1.428216814994812,0.07222951203584671
go_stanford,long,no26vcF_20_0,ddim2_cfg0.5_tts8,ddim,2,0.5,8,4,heuristic,14.088672666730417,1.064943719714261,0.10751763731241226,9.475436210632324,0.456496000289917,8.445852279663086,9.638267517089844,9.518643379211426,1.2353439331054688,0.06889384239912033
go_stanford,long,no26vcF_20_0,ddim2_cfg0.5_tts16,ddim,2,0.5,16,4,heuristic,27.07874333327709,0.7000794753405607,0.12275529652833939,10.020941734313965,0.360514760017395,8.821135520935059,10.051191329956055,9.973280906677246,0.9757055640220642,0.06433876603841782
go_stanford,long,no26vcF_20_0,ddim2_cfg0.5_tts32,ddim,2,0.5,32,4,heuristic,53.48961166669142,0.7090685653605989,0.37500011920928955,10.568697929382324,1.12607741355896,9.482720375061035,10.807098388671875,10.601408958435059,1.1563856601715088,0.18041658401489258
go_stanford,long,no26vcF_20_0,ddim2_cfg1.0_tts0,ddim,2,1.0,0,0,heuristic,13.478104666546642,0.2611540113259558,0.4621504247188568,8.786666870117188,0.49405112862586975,8.206414222717285,9.308895111083984,9.044791221618652,1.8393964767456055,0.07555815577507019
go_stanford,long,no26vcF_20_0,ddim2_cfg1.0_tts8,ddim,2,1.0,8,4,heuristic,13.94154899996162,0.5356087011128795,0.2254212498664856,9.456177711486816,0.4105745553970337,8.4364013671875,9.648749351501465,9.51437759399414,1.281351923942566,0.06854043155908585
go_stanford,long,no26vcF_20_0,ddim2_cfg1.0_tts16,ddim,2,1.0,16,4,heuristic,26.965377999961976,0.49638497716661817,0.11305133998394012,9.967093467712402,0.2428617775440216,8.727115631103516,9.966023445129395,9.907120704650879,0.9465249180793762,0.05656817555427551
go_stanford,long,no26vcF_20_0,ddim2_cfg1.0_tts32,ddim,2,1.0,32,4,heuristic,54.531414666674515,3.024960663098226,0.1472129374742508,10.378252983093262,0.2569010555744171,9.065232276916504,10.31154727935791,10.26621150970459,0.7900000214576721,0.06387811154127121
go_stanford,long,no26vcF_20_0,ddim2_cfg2.0_tts0,ddim,2,2.0,0,0,heuristic,13.15123499997147,0.14579774610376237,1.0137598514556885,8.704798698425293,0.45691850781440735,8.675111770629883,9.76205062866211,9.292912483215332,2.7609946727752686,0.10449317842721939
go_stanford,long,no26vcF_20_0,ddim2_cfg2.0_tts8,ddim,2,2.0,8,4,heuristic,13.724901333337888,0.7259949794015083,0.6495917439460754,9.57702350616455,0.31377744674682617,8.977572441101074,10.199881553649902,9.941061019897461,2.146108865737915,0.07067164033651352
go_stanford,long,no26vcF_20_0,ddim2_cfg2.0_tts16,ddim,2,2.0,16,4,heuristic,26.681597000030404,0.9600929861282215,0.37358808517456055,10.055527687072754,0.25842002034187317,9.080768585205078,10.311454772949219,10.175732612609863,1.4532976150512695,0.05999619886279106
go_stanford,long,no26vcF_20_0,ddim2_cfg2.0_tts32,ddim,2,2.0,32,4,heuristic,53.290100333318456,0.6463839205944022,0.22683919966220856,10.42424201965332,0.225227952003479,9.151968002319336,10.422085762023926,10.366808891296387,0.9507408142089844,0.05595016106963158
go_stanford,long,sim2hF_0_0,ddpm10_cfg0.0_tts0,ddpm,10,0.0,0,0,heuristic,34.30050633346582,0.4045750036955445,0.0,8.958127975463867,0.5028476715087891,8.12990665435791,9.224310874938965,9.068772315979004,1.4216151237487793,0.06832955032587051
go_stanford,long,sim2hF_0_0,ddim10_cfg0.0_tts0,ddim,10,0.0,0,0,heuristic,33.14693833340243,0.2152554988394531,0.05103965848684311,8.531340599060059,0.7657455205917358,8.121882438659668,9.174346923828125,8.794215202331543,1.8509787321090698,0.0690455511212349
go_stanford,long,sim2hF_0_0,ddim10_cfg0.0_tts8,ddim,10,0.0,8,4,heuristic,33.1364979999762,0.06168427842277187,0.07181522250175476,9.814897537231445,0.26685595512390137,8.52109146118164,9.729679107666016,9.683903694152832,0.7507131695747375,0.03954065218567848
go_stanford,long,sim2hF_0_0,ddim10_cfg0.0_tts16,ddim,10,0.0,16,4,heuristic,66.26740766667656,0.16657068128847718,0.25118499994277954,10.333670616149902,0.23849663138389587,8.9589204788208,10.225903511047363,10.188067436218262,0.7085721492767334,0.03941651061177254
go_stanford,long,sim2hF_0_0,ddim10_cfg0.0_tts32,ddim,10,0.0,32,4,heuristic,135.93561600009707,4.036440000680071,0.3059801459312439,10.403250694274902,0.20940053462982178,8.96777057647705,10.234827041625977,10.211684226989746,0.5762711763381958,0.041241127997636795
go_stanford,long,sim2hF_0_0,ddim10_cfg0.5_tts0,ddim,10,0.5,0,0,heuristic,63.52815966662698,1.4449292650197934,0.037887901067733765,9.310452461242676,0.5539600849151611,8.578642845153809,9.713030815124512,9.467644691467285,1.553863525390625,0.06437376886606216
go_stanford,long,sim2hF_0_0,ddim10_cfg0.5_tts8,ddim,10,0.5,8,4,heuristic,62.60604766680444,0.5242143502103149,0.18027785420417786,9.919966697692871,0.3566955029964447,8.730725288391113,9.91341495513916,9.853438377380371,0.9169735908508301,0.06670483946800232
go_stanford,long,sim2hF_0_0,ddim10_cfg0.5_tts16,ddim,10,0.5,16,4,heuristic,128.2985180000651,1.6186233288865082,0.24733485281467438,10.383870124816895,0.22965054214000702,8.984967231750488,10.25224494934082,10.21672534942627,0.6446214318275452,0.04404616355895996
go_stanford,long,sim2hF_0_0,ddim10_cfg0.5_tts32,ddim,10,0.5,32,4,heuristic,251.4334406666876,0.8896471241647127,0.29831480979919434,10.570292472839355,0.17627781629562378,9.082119941711426,10.362582206726074,10.344131469726562,0.4817832410335541,0.030415968969464302
go_stanford,long,sim2hF_0_0,ddim10_cfg1.0_tts0,ddim,10,1.0,0,0,heuristic,63.10284600006829,0.9025948998575266,0.0752381831407547,9.452398300170898,0.4531630277633667,8.500349998474121,9.688671112060547,9.528884887695312,1.3370991945266724,0.05022050067782402
go_stanford,long,sim2hF_0_0,ddim10_cfg1.0_tts8,ddim,10,1.0,8,4,heuristic,62.79425266666294,0.34007471224772884,0.22494804859161377,10.28632640838623,0.30025073885917664,8.84065055847168,10.111817359924316,10.085348129272461,0.5557603240013123,0.03254731744527817
go_stanford,long,sim2hF_0_0,ddim10_cfg1.0_tts16,ddim,10,1.0,16,4,heuristic,126.3912153332664,3.9287214828418597,0.22501221299171448,10.321650505065918,0.22829073667526245,8.928545951843262,10.197083473205566,10.166709899902344,0.6824647784233093,0.03953027352690697
go_stanford,long,sim2hF_0_0,ddim10_cfg1.0_tts32,ddim,10,1.0,32,4,heuristic,245.9600046667371,15.308845175882304,0.38392314314842224,10.686654090881348,0.1613456904888153,9.218607902526855,10.520404815673828,10.495049476623535,0.5778927803039551,0.03705352917313576
go_stanford,long,sim2hF_0_0,ddim10_cfg2.0_tts0,ddim,10,2.0,0,0,heuristic,58.68076466663297,0.5101320341605332,0.27844396233558655,9.958702087402344,0.40636467933654785,9.025242805480957,10.264427185058594,10.082701683044434,1.4682016372680664,0.054618317633867264
go_stanford,long,sim2hF_0_0,ddim10_cfg2.0_tts8,ddim,10,2.0,8,4,heuristic,57.523142333366195,0.27921891461950216,0.2944355010986328,10.396376609802246,0.2683759927749634,9.118598937988281,10.39445686340332,10.328387260437012,0.9276144504547119,0.04217523708939552
go_stanford,long,sim2hF_0_0,ddim10_cfg2.0_tts16,ddim,10,2.0,16,4,heuristic,113.64491999999397,1.3315285312571017,0.34512537717819214,10.568754196166992,0.20629718899726868,9.16909408569336,10.456221580505371,10.420636177062988,0.7019838690757751,0.03544558212161064
go_stanford,long,sim2hF_0_0,ddim10_cfg2.0_tts32,ddim,10,2.0,32,4,heuristic,229.61434200002864,6.030712587969455,0.4575626850128174,10.867697715759277,0.13923485577106476,9.312432289123535,10.629868507385254,10.61756420135498,0.41565847396850586,0.026011258363723755
go_stanford,long,sim2hF_0_0,ddim5_cfg0.0_tts0,ddim,5,0.0,0,0,heuristic,15.547079333297612,0.055050772306634556,0.00840618833899498,8.812053680419922,0.6193796992301941,8.239274024963379,9.348649024963379,9.073219299316406,1.8445268869400024,0.0871419683098793
go_stanford,long,sim2hF_0_0,ddim5_cfg0.0_tts8,ddim,5,0.0,8,4,heuristic,15.272915333374234,0.27967476097242117,0.1357094645500183,10.028473854064941,0.20863047242164612,8.605888366699219,9.82756519317627,9.812582015991211,0.5047451853752136,0.04733544588088989
go_stanford,long,sim2hF_0_0,ddim5_cfg0.0_tts16,ddim,5,0.0,16,4,heuristic,30.5154703333604,0.3970338737697126,0.18548816442489624,10.182450294494629,0.25567933917045593,8.759900093078613,10.030472755432129,10.00129222869873,0.6125726103782654,0.03491458669304848
go_stanford,long,sim2hF_0_0,ddim5_cfg0.0_tts32,ddim,5,0.0,32,4,heuristic,60.13114466660833,0.5245026165100434,0.3400750160217285,10.534329414367676,0.15564370155334473,9.013378143310547,10.292052268981934,10.282225608825684,0.4027933180332184,0.043829839676618576
go_stanford,long,sim2hF_0_0,ddim5_cfg0.5_tts0,ddim,5,0.5,0,0,heuristic,31.914288999966328,4.024273630026451,0.011185637675225735,8.9523344039917,0.6252149343490601,8.275091171264648,9.389974594116211,9.157947540283203,1.6902433633804321,0.07487767189741135
go_stanford,long,sim2hF_0_0,ddim5_cfg0.5_tts8,ddim,5,0.5,8,4,heuristic,29.93315966667372,0.5434969201109127,0.19399432837963104,10.231415748596191,0.27347177267074585,8.872045516967773,10.131729125976562,10.085575103759766,0.7093722820281982,0.03727308660745621
go_stanford,long,sim2hF_0_0,ddim5_cfg0.5_tts16,ddim,5,0.5,16,4,heuristic,59.972183333305416,2.10458873699794,0.2888685464859009,10.371140480041504,0.18796706199645996,8.88435173034668,10.156184196472168,10.141789436340332,0.47103795409202576,0.03934913128614426
go_stanford,long,sim2hF_0_0,ddim5_cfg0.5_tts32,ddim,5,0.5,32,4,heuristic,116.06766633326515,1.0546960222035813,0.39436399936676025,10.696215629577637,0.15000464022159576,9.158560752868652,10.463967323303223,10.4513578414917,0.42919132113456726,0.032098814845085144
go_stanford,long,sim2hF_0_0,ddim5_cfg1.0_tts0,ddim,5,1.0,0,0,heuristic,30.19290766656013,0.9938064681729524,0.06947889924049377,9.347847938537598,0.5586863160133362,8.513785362243652,9.662979125976562,9.468793869018555,1.4532865285873413,0.06391988694667816
go_stanford,long,sim2hF_0_0,ddim5_cfg1.0_tts8,ddim,5,1.0,8,4,heuristic,29.387622999972034,0.6845036727595153,0.15771600604057312,10.003357887268066,0.29723167419433594,8.758621215820312,10.00998592376709,9.947319984436035,0.9649761319160461,0.04156428948044777
go_stanford,long,sim2hF_0_0,ddim5_cfg1.0_tts16,ddim,5,1.0,16,4,heuristic,59.13495966668355,0.7410090106186497,0.31181299686431885,10.356621742248535,0.28626492619514465,8.966347694396973,10.241055488586426,10.20534896850586,0.6876270174980164,0.05214141681790352
go_stanford,long,sim2hF_0_0,ddim5_cfg1.0_tts32,ddim,5,1.0,32,4,heuristic,115.79698333336334,0.6579529516067051,0.3954070806503296,10.736900329589844,0.14259737730026245,9.162399291992188,10.466938018798828,10.458122253417969,0.33127063512802124,0.034096766263246536
go_stanford,long,sim2hF_0_0,ddim5_cfg2.0_tts0,ddim,5,2.0,0,0,heuristic,28.882855666779506,0.36456342803367014,0.1941305547952652,9.787835121154785,0.3853999376296997,8.934882164001465,10.128141403198242,9.958024024963379,1.5910433530807495,0.06681384891271591
go_stanford,long,sim2hF_0_0,ddim5_cfg2.0_tts8,ddim,5,2.0,8,4,heuristic,28.727377000071403,0.548575303230488,0.2808051109313965,10.323176383972168,0.2479933202266693,9.080892562866211,10.35605239868164,10.292670249938965,1.034864902496338,0.04302758350968361
go_stanford,long,sim2hF_0_0,ddim5_cfg2.0_tts16,ddim,5,2.0,16,4,heuristic,57.5865863333244,0.3078447390700069,0.3762667775154114,10.682938575744629,0.157725989818573,9.192822456359863,10.495630264282227,10.475823402404785,0.5350152850151062,0.03486955538392067
go_stanford,long,sim2hF_0_0,ddim5_cfg2.0_tts32,ddim,5,2.0,32,4,heuristic,120.76826633324345,6.02783202933007,0.4688676595687866,10.868271827697754,0.12803763151168823,9.31268310546875,10.636308670043945,10.62546443939209,0.43558868765830994,0.029884742572903633
go_stanford,long,sim2hF_0_0,ddim3_cfg0.0_tts0,ddim,3,0.0,0,0,heuristic,10.031332666737095,0.8935612629706933,0.024323496967554092,9.082488059997559,0.6196567416191101,8.28066635131836,9.422329902648926,9.226323127746582,1.517022967338562,0.07461520284414291
go_stanford,long,sim2hF_0_0,ddim3_cfg0.0_tts8,ddim,3,0.0,8,4,heuristic,10.393321666621583,1.1296142477516957,0.1164703220129013,9.817930221557617,0.36535006761550903,8.61567211151123,9.827935218811035,9.760651588439941,0.9530394673347473,0.056276340037584305
go_stanford,long,sim2hF_0_0,ddim3_cfg0.0_tts16,ddim,3,0.0,16,4,heuristic,21.51999666663566,3.3433677355473446,0.355643630027771,10.522263526916504,0.23433654010295868,9.147322654724121,10.438328742980957,10.398296356201172,0.7704158425331116,0.038606565445661545
go_stanford,long,sim2hF_0_0,ddim3_cfg0.0_tts32,ddim,3,0.0,32,4,heuristic,37.35393966659709,0.17348074992273346,0.3060441017150879,10.522088050842285,0.15201112627983093,8.964468955993652,10.258185386657715,10.24930477142334,0.3460848331451416,0.044070322066545486
go_stanford,long,sim2hF_0_0,ddim3_cfg0.5_tts0,ddim,3,0.5,0,0,heuristic,17.47938966665667,0.15978451048280776,0.08862199634313583,9.679144859313965,0.47044843435287476,8.493597984313965,9.683452606201172,9.610684394836426,0.9197545051574707,0.057864170521497726
go_stanford,long,sim2hF_0_0,ddim3_cfg0.5_tts8,ddim,3,0.5,8,4,heuristic,18.638315333343296,1.1573284802968928,0.17913490533828735,9.983091354370117,0.33520305156707764,8.737797737121582,9.974410057067871,9.914446830749512,0.9237950444221497,0.050669148564338684
go_stanford,long,sim2hF_0_0,ddim3_cfg0.5_tts16,ddim,3,0.5,16,4,heuristic,36.25706766668676,1.037200739750878,0.3050479590892792,10.351214408874512,0.2139594852924347,8.924209594726562,10.170600891113281,10.1456937789917,0.5284470915794373,0.05649103224277496
go_stanford,long,sim2hF_0_0,ddim3_cfg0.5_tts32,ddim,3,0.5,32,4,heuristic,70.90993599998303,0.46993841220904875,0.341079980134964,10.584997177124023,0.1696665734052658,9.054305076599121,10.342970848083496,10.331172943115234,0.39846909046173096,0.043545570224523544
go_stanford,long,sim2hF_0_0,ddim3_cfg1.0_tts0,ddim,3,1.0,0,0,heuristic,17.992663333416203,0.5627856895777199,0.09096260368824005,9.661005973815918,0.44866931438446045,8.647330284118652,9.85280990600586,9.733377456665039,1.3200433254241943,0.06225070357322693
go_stanford,long,sim2hF_0_0,ddim3_cfg1.0_tts8,ddim,3,1.0,8,4,heuristic,17.726383000005324,0.11946568773462726,0.23033174872398376,10.116658210754395,0.2750297784805298,8.95948600769043,10.21173095703125,10.116131782531738,1.1132129430770874,0.058803707361221313
go_stanford,long,sim2hF_0_0,ddim3_cfg1.0_tts16,ddim,3,1.0,16,4,heuristic,35.38473633329886,1.2575136955766568,0.30590829253196716,10.563041687011719,0.20646820962429047,9.107237815856934,10.38785171508789,10.361176490783691,0.5472264885902405,0.03880499303340912
go_stanford,long,sim2hF_0_0,ddim3_cfg1.0_tts32,ddim,3,1.0,32,4,heuristic,69.5369089999834,0.3824727340911115,0.38320934772491455,10.752537727355957,0.14373117685317993,9.22099781036377,10.528755187988281,10.513041496276855,0.4421640634536743,0.035960081964731216
go_stanford,long,sim2hF_0_0,ddim3_cfg2.0_tts0,ddim,3,2.0,0,0,heuristic,18.1085690000297,0.7320388504965916,0.2529985010623932,9.824212074279785,0.3023276627063751,8.911809921264648,10.13044548034668,9.979842185974121,1.5549148321151733,0.06188150867819786
go_stanford,long,sim2hF_0_0,ddim3_cfg2.0_tts8,ddim,3,2.0,8,4,heuristic,18.994783666585136,2.056540704971714,0.3386511206626892,10.447896003723145,0.2536911964416504,9.195351600646973,10.480621337890625,10.4102783203125,1.0138202905654907,0.0432511530816555
go_stanford,long,sim2hF_0_0,ddim3_cfg2.0_tts16,ddim,3,2.0,16,4,heuristic,35.42563366666703,0.5183409052213778,0.4244096577167511,10.744988441467285,0.14004367589950562,9.303993225097656,10.618313789367676,10.587665557861328,0.6785274147987366,0.03089125268161297
go_stanford,long,sim2hF_0_0,ddim3_cfg2.0_tts32,ddim,3,2.0,32,4,heuristic,70.47708366667393,0.044296571579408306,0.7209003567695618,11.15252685546875,0.4325908124446869,9.708189964294434,10.987083435058594,10.968620300292969,0.5282121300697327,0.18867160379886627
go_stanford,long,sim2hF_0_0,ddim2_cfg0.0_tts0,ddim,2,0.0,0,0,heuristic,6.73308766666499,0.20242058244235725,0.0721561387181282,8.838763236999512,0.6382218599319458,8.0828275680542,9.16500186920166,8.948931694030762,1.4155545234680176,0.07828212529420853
go_stanford,long,sim2hF_0_0,ddim2_cfg0.0_tts8,ddim,2,0.0,8,4,heuristic,6.9639596667154064,0.1568426789956272,0.17914101481437683,9.830283164978027,0.36439236998558044,8.635228157043457,9.818330764770508,9.7636137008667,0.9041908383369446,0.09879836440086365
go_stanford,long,sim2hF_0_0,ddim2_cfg0.0_tts16,ddim,2,0.0,16,4,heuristic,13.629488666614028,0.8820598657596783,0.2425365000963211,10.068876266479492,0.35054048895835876,8.822855949401855,10.020045280456543,9.969671249389648,0.8200879096984863,0.0748634859919548
go_stanford,long,sim2hF_0_0,ddim2_cfg0.0_tts32,ddim,2,0.0,32,4,heuristic,26.19534166668321,0.6602666991839182,0.4561503231525421,10.759391784667969,0.4028763175010681,9.351949691772461,10.61245059967041,10.582388877868652,0.5912435054779053,0.09100740402936935
go_stanford,long,sim2hF_0_0,ddim2_cfg0.5_tts0,ddim,2,0.5,0,0,heuristic,12.06014866662978,0.15026215359469317,0.059142984449863434,9.276398658752441,0.7263462543487549,8.644686698913574,9.781821250915527,9.495853424072266,1.7272425889968872,0.07307826727628708
go_stanford,long,sim2hF_0_0,ddim2_cfg0.5_tts8,ddim,2,0.5,8,4,heuristic,13.575948666660528,1.1288033388148047,0.23502621054649353,10.123473167419434,0.31467205286026,8.885764122009277,10.097750663757324,10.041572570800781,0.8716139793395996,0.07191169261932373
go_stanford,long,sim2hF_0_0,ddim2_cfg0.5_tts16,ddim,2,0.5,16,4,heuristic,24.7093526666049,0.7998814711878148,0.20258241891860962,10.240592002868652,0.30131348967552185,8.918621063232422,10.176484107971191,10.125181198120117,0.7888956069946289,0.05247305706143379
go_stanford,long,sim2hF_0_0,ddim2_cfg0.5_tts32,ddim,2,0.5,32,4,heuristic,51.581412999970176,3.5129129163206527,0.4450133442878723,10.687666893005371,0.16316166520118713,9.187505722045898,10.461621284484863,10.4487943649292,0.4348005950450897,0.04984550550580025
go_stanford,long,sim2hF_0_0,ddim2_cfg1.0_tts0,ddim,2,1.0,0,0,heuristic,12.231142666678352,0.08357638376148695,0.15820664167404175,9.602700233459473,0.4653491973876953,8.814154624938965,10.002959251403809,9.782326698303223,1.6225000619888306,0.05968116223812103
go_stanford,long,sim2hF_0_0,ddim2_cfg1.0_tts8,ddim,2,1.0,8,4,heuristic,12.3868109999421,0.2583120846665629,0.19949312508106232,10.12249755859375,0.24509979784488678,8.830092430114746,10.052826881408691,10.007597923278809,0.7755785584449768,0.08108676224946976
go_stanford,long,sim2hF_0_0,ddim2_cfg1.0_tts16,ddim,2,1.0,16,4,heuristic,24.34162533328769,0.3836624458596932,0.34142911434173584,10.484902381896973,0.2220844328403473,9.200512886047363,10.483662605285645,10.427759170532227,0.9537306427955627,0.052417825907468796
go_stanford,long,sim2hF_0_0,ddim2_cfg1.0_tts32,ddim,2,1.0,32,4,heuristic,47.76537033338476,0.9504545951545257,0.4410339593887329,10.823349952697754,0.13785794377326965,9.273056983947754,10.58400821685791,10.572784423828125,0.41061803698539734,0.034671373665332794
go_stanford,long,sim2hF_0_0,ddim2_cfg2.0_tts0,ddim,2,2.0,0,0,heuristic,12.821487000034418,1.2299110282914913,0.2806130051612854,9.551199913024902,0.4304162859916687,8.858695983886719,10.042793273925781,9.806018829345703,1.8304156064987183,0.07318789511919022
go_stanford,long,sim2hF_0_0,ddim2_cfg2.0_tts8,ddim,2,2.0,8,4,heuristic,12.22740100001829,0.20870006831766805,0.24246245622634888,10.321885108947754,0.2831452488899231,9.058212280273438,10.31656265258789,10.25543212890625,0.929429829120636,0.04577526077628136
go_stanford,long,sim2hF_0_0,ddim2_cfg2.0_tts16,ddim,2,2.0,16,4,heuristic,24.581938999972408,0.42361142230000876,0.3616713285446167,10.520712852478027,0.22229048609733582,9.212475776672363,10.513689994812012,10.458403587341309,0.9460112452507019,0.04014969244599342
go_stanford,long,sim2hF_0_0,ddim2_cfg2.0_tts32,ddim,2,2.0,32,4,heuristic,48.294847999992875,0.8797245531367527,0.4806215465068817,10.934906005859375,0.09708519279956818,9.363492965698242,10.685600280761719,10.675613403320312,0.38558515906333923,0.03445984050631523
go_stanford,long,no14vc_16_1,ddpm10_cfg0.0_tts0,ddpm,10,0.0,0,0,heuristic,32.62033766668537,2.443745904298453,0.0,8.612683296203613,0.5424677133560181,7.602260589599609,8.694951057434082,8.588959693908691,1.053604245185852,0.053943436592817307
go_stanford,long,no14vc_16_1,ddim10_cfg0.0_tts0,ddim,10,0.0,0,0,heuristic,30.389294333266054,0.29736344035577683,0.2874619960784912,7.5884318351745605,0.9848334789276123,7.645971775054932,8.499526023864746,7.895052433013916,1.9436925649642944,0.09182431548833847
go_stanford,long,no14vc_16_1,ddim10_cfg0.0_tts8,ddim,10,0.0,8,4,heuristic,30.152408000049036,0.6602990969386324,0.174168199300766,9.354376792907715,0.4390676021575928,8.342820167541504,9.508221626281738,9.384199142456055,1.1987265348434448,0.061672840267419815
go_stanford,long,no14vc_16_1,ddim10_cfg0.0_tts16,ddim,10,0.0,16,4,heuristic,59.415975666600694,0.8188221411495005,0.3027278780937195,10.066702842712402,0.24634164571762085,8.68021297454834,9.928061485290527,9.897286415100098,0.6437675356864929,0.03733861818909645
go_stanford,long,no14vc_16_1,ddim10_cfg0.0_tts32,ddim,10,0.0,32,4,heuristic,120.46993066655887,1.8443729916775733,0.23717233538627625,9.96195125579834,0.2349424809217453,8.575084686279297,9.776240348815918,9.752522468566895,0.5195954442024231,0.051833342760801315
go_stanford,long,no14vc_16_1,ddim10_cfg0.5_tts0,ddim,10,0.5,0,0,heuristic,58.33958700009134,3.0607120878630316,0.16742095351219177,8.195080757141113,0.6661911010742188,7.807321071624756,8.835471153259277,8.486678123474121,1.9333372116088867,0.07585888355970383
go_stanford,long,no14vc_16_1,ddim10_cfg0.5_tts8,ddim,10,0.5,8,4,heuristic,60.03185433329842,0.7119170277947724,0.030932536348700523,8.751616477966309,0.4029216468334198,7.683679580688477,8.770174980163574,8.690900802612305,0.9495336413383484,0.04329054430127144
go_stanford,long,no14vc_16_1,ddim10_cfg0.5_tts16,ddim,10,0.5,16,4,heuristic,126.04270499999377,2.83549963085517,0.15271610021591187,9.503207206726074,0.2852412462234497,8.385245323181152,9.542668342590332,9.470080375671387,1.018795132637024,0.05803209915757179
go_stanford,long,no14vc_16_1,ddim10_cfg0.5_tts32,ddim,10,0.5,32,4,heuristic,240.59977333339097,6.893406194734732,0.31696584820747375,10.118082046508789,0.2306307852268219,8.73119831085205,9.94786262512207,9.923626899719238,0.5647561550140381,0.044125963002443314
go_stanford,long,no14vc_16_1,ddim10_cfg1.0_tts0,ddim,10,1.0,0,0,heuristic,55.313745666656665,1.0477057133641199,0.1352635622024536,8.525052070617676,0.5877365469932556,7.924724102020264,9.010531425476074,8.735038757324219,1.707411766052246,0.07110954076051712
go_stanford,long,no14vc_16_1,ddim10_cfg1.0_tts8,ddim,10,1.0,8,4,heuristic,57.347295999989,0.011126770920948806,0.12801755964756012,9.162528991699219,0.40208157896995544,8.12083911895752,9.268342971801758,9.15499210357666,1.0991398096084595,0.04842514917254448
go_stanford,long,no14vc_16_1,ddim10_cfg1.0_tts16,ddim,10,1.0,16,4,heuristic,110.02730633322244,0.46145433212458015,0.1957497000694275,9.7197265625,0.3264014720916748,8.52530574798584,9.680481910705566,9.630372047424316,0.8535377979278564,0.06227746605873108
go_stanford,long,no14vc_16_1,ddim10_cfg1.0_tts32,ddim,10,1.0,32,4,heuristic,225.69309266668824,2.194141588672937,0.43317753076553345,10.209724426269531,0.2764163017272949,8.939348220825195,10.189398765563965,10.134133338928223,0.9063617587089539,0.04077855870127678
go_stanford,long,no14vc_16_1,ddim10_cfg2.0_tts0,ddim,10,2.0,0,0,heuristic,59.449739999990925,6.575753381723919,0.5567729473114014,8.199169158935547,0.43794921040534973,7.926723480224609,8.984919548034668,8.613892555236816,2.290144681930542,0.0675896629691124
go_stanford,long,no14vc_16_1,ddim10_cfg2.0_tts8,ddim,10,2.0,8,4,heuristic,58.57900399996652,0.43024361452371024,0.7943415641784668,9.489495277404785,0.28552502393722534,8.963759422302246,10.153365135192871,9.87768268585205,2.207402229309082,0.08054634928703308
go_stanford,long,no14vc_16_1,ddim10_cfg2.0_tts16,ddim,10,2.0,16,4,heuristic,113.77344566669005,2.2922301055055554,0.45252883434295654,9.675166130065918,0.3306971788406372,8.738072395324707,9.94918441772461,9.805728912353516,1.4890718460083008,0.05293363705277443
go_stanford,long,no14vc_16_1,ddim10_cfg2.0_tts32,ddim,10,2.0,32,4,heuristic,226.98490500003268,5.386694984212429,0.4431734085083008,9.85063648223877,0.31332409381866455,8.836482048034668,10.061417579650879,9.940276145935059,1.376091480255127,0.04381370544433594
go_stanford,long,no14vc_16_1,ddim5_cfg0.0_tts0,ddim,5,0.0,0,0,heuristic,15.081744666683031,0.45615218510745176,0.08061324805021286,8.15200138092041,0.5970304012298584,7.5378899574279785,8.592904090881348,8.331011772155762,1.6204304695129395,0.07529052346944809
go_stanford,long,no14vc_16_1,ddim5_cfg0.0_tts8,ddim,5,0.0,8,4,heuristic,15.796572666583112,0.7265052134064179,0.17750152945518494,9.622963905334473,0.3084668219089508,8.335518836975098,9.530365943908691,9.487778663635254,0.7308885455131531,0.06242084130644798
go_stanford,long,no14vc_16_1,ddim5_cfg0.0_tts16,ddim,5,0.0,16,4,heuristic,29.837039000009707,1.0783468593092889,0.19516094028949738,9.685932159423828,0.28723108768463135,8.383687973022461,9.590506553649902,9.55199146270752,0.7402988076210022,0.049378421157598495
go_stanford,long,no14vc_16_1,ddim5_cfg0.0_tts32,ddim,5,0.0,32,4,heuristic,62.2476913332927,4.290220282890906,0.3500577509403229,10.120142936706543,0.22727006673812866,8.705283164978027,9.936568260192871,9.912489891052246,0.5278896689414978,0.04728647693991661
go_stanford,long,no14vc_16_1,ddim5_cfg0.5_tts0,ddim,5,0.5,0,0,heuristic,28.3180876666241,0.7255912574819556,0.004905435256659985,8.841504096984863,0.45139816403388977,7.724586009979248,8.826750755310059,8.758482933044434,0.8802881240844727,0.058673273772001266
go_stanford,long,no14vc_16_1,ddim5_cfg0.5_tts8,ddim,5,0.5,8,4,heuristic,28.757435666648234,0.4474856420375846,0.16847634315490723,9.476057052612305,0.38587111234664917,8.375307083129883,9.553967475891113,9.471526145935059,1.1044763326644897,0.054502736777067184
go_stanford,long,no14vc_16_1,ddim5_cfg0.5_tts16,ddim,5,0.5,16,4,heuristic,56.28336099994158,1.0267421872692426,0.2543955445289612,9.907724380493164,0.2407585233449936,8.563769340515137,9.759500503540039,9.727540969848633,0.6021549701690674,0.05324084684252739
go_stanford,long,no14vc_16_1,ddim5_cfg0.5_tts32,ddim,5,0.5,32,4,heuristic,117.14024966666632,2.9004565797786968,0.3168557584285736,9.98441219329834,0.3117713928222656,8.709395408630371,9.937888145446777,9.887271881103516,0.8425468802452087,0.04915713891386986
go_stanford,long,no14vc_16_1,ddim5_cfg1.0_tts0,ddim,5,1.0,0,0,heuristic,29.117216000107266,0.569441291712025,0.30705779790878296,8.920567512512207,0.5428118705749512,8.324058532714844,9.444997787475586,9.1489839553833,1.7590030431747437,0.06605905294418335
go_stanford,long,no14vc_16_1,ddim5_cfg1.0_tts8,ddim,5,1.0,8,4,heuristic,28.778922666636692,0.5904601732600318,0.11509757488965988,9.008337020874023,0.44331103563308716,8.148842811584473,9.265140533447266,9.124114036560059,1.4340192079544067,0.07971404492855072
go_stanford,long,no14vc_16_1,ddim5_cfg1.0_tts16,ddim,5,1.0,16,4,heuristic,56.12560066667053,0.49607470432992073,0.36472344398498535,10.080050468444824,0.300878643989563,8.801665306091309,10.043098449707031,9.993510246276855,0.8736910820007324,0.04703341796994209
go_stanford,long,no14vc_16_1,ddim5_cfg1.0_tts32,ddim,5,1.0,32,4,heuristic,113.03098500002307,1.5124594495057222,0.42636963725090027,10.287639617919922,0.3075093924999237,8.905313491821289,10.158674240112305,10.127275466918945,0.6639811396598816,0.0433821938931942
go_stanford,long,no14vc_16_1,ddim5_cfg2.0_tts0,ddim,5,2.0,0,0,heuristic,28.45141066669991,0.39744271543809295,0.5206435322761536,8.418132781982422,0.4322722256183624,8.073660850524902,9.138344764709473,8.80774974822998,2.215625047683716,0.06988108158111572
go_stanford,long,no14vc_16_1,ddim5_cfg2.0_tts8,ddim,5,2.0,8,4,heuristic,32.09530366658934,2.5971645807636583,0.4186522364616394,8.894427299499512,0.3374205231666565,8.375518798828125,9.473004341125488,9.217413902282715,2.0217297077178955,0.07511337101459503
go_stanford,long,no14vc_16_1,ddim5_cfg2.0_tts16,ddim,5,2.0,16,4,heuristic,57.81315699997928,0.012576049904682692,0.3876299262046814,9.70304012298584,0.3247092366218567,8.783040046691895,9.96538257598877,9.820961952209473,1.4444493055343628,0.06323837488889694
go_stanford,long,no14vc_16_1,ddim5_cfg2.0_tts32,ddim,5,2.0,32,4,heuristic,115.03246133323348,2.673705071895661,0.5290406942367554,10.077698707580566,0.21403691172599792,8.96683406829834,10.213229179382324,10.124462127685547,1.2528578042984009,0.04615793004631996
go_stanford,long,no14vc_16_1,ddim3_cfg0.0_tts0,ddim,3,0.0,0,0,heuristic,10.018754000005478,0.4874825330985598,0.025925252586603165,8.28244686126709,0.5119864344596863,7.333709716796875,8.362537384033203,8.261234283447266,1.0531562566757202,0.06333384662866592
go_stanford,long,no14vc_16_1,ddim3_cfg0.0_tts8,ddim,3,0.0,8,4,heuristic,9.731731000025926,0.2213179604377311,0.07818563282489777,9.20594596862793,0.447749525308609,8.159907341003418,9.294316291809082,9.201964378356934,1.1016018390655518,0.061550527811050415
go_stanford,long,no14vc_16_1,ddim3_cfg0.0_tts16,ddim,3,0.0,16,4,heuristic,18.618654666624934,0.07923602969977218,0.27378472685813904,9.808070182800293,0.34979915618896484,8.713801383972168,9.89799976348877,9.791123390197754,1.059211254119873,0.06651225686073303
go_stanford,long,no14vc_16_1,ddim3_cfg0.0_tts32,ddim,3,0.0,32,4,heuristic,37.557258333360245,0.660295453384145,0.35593658685684204,10.139409065246582,0.21290430426597595,8.718758583068848,9.954861640930176,9.931558609008789,0.5251702666282654,0.05320737883448601
go_stanford,long,no14vc_16_1,ddim3_cfg0.5_tts0,ddim,3,0.5,0,0,heuristic,17.667016333386226,0.31594235362525763,0.08721704035997391,8.61872386932373,0.4841840863227844,7.78801965713501,8.859113693237305,8.697247505187988,1.333813190460205,0.06564868241548538
go_stanford,long,no14vc_16_1,ddim3_cfg0.5_tts8,ddim,3,0.5,8,4,heuristic,17.410659999995914,0.6599284066767515,0.08390907198190689,9.223987579345703,0.42943236231803894,8.096783638000488,9.260991096496582,9.177123069763184,0.9837000966072083,0.06276262551546097
go_stanford,long,no14vc_16_1,ddim3_cfg0.5_tts16,ddim,3,0.5,16,4,heuristic,34.118548333253784,1.1572822452989118,0.17279145121574402,9.714156150817871,0.24061976373195648,8.407522201538086,9.59816837310791,9.562472343444824,0.6881134510040283,0.047162819653749466
go_stanford,long,no14vc_16_1,ddim3_cfg0.5_tts32,ddim,3,0.5,32,4,heuristic,68.64483966660373,0.4593350483948631,0.3544239103794098,10.14871597290039,0.28560760617256165,8.832989692687988,10.065804481506348,10.021434783935547,0.7545776963233948,0.0498858243227005
go_stanford,long,no14vc_16_1,ddim3_cfg1.0_tts0,ddim,3,1.0,0,0,heuristic,17.198918000076446,0.9847701199120291,0.288879930973053,8.70628833770752,0.5122467279434204,8.140412330627441,9.234021186828613,8.974102973937988,1.8650282621383667,0.08125001192092896
go_stanford,long,no14vc_16_1,ddim3_cfg1.0_tts8,ddim,3,1.0,8,4,heuristic,17.95812466669607,0.5529848461701197,0.2712820768356323,9.640144348144531,0.3206441402435303,8.528079986572266,9.738816261291504,9.646480560302734,1.1393073797225952,0.04916207864880562
go_stanford,long,no14vc_16_1,ddim3_cfg1.0_tts16,ddim,3,1.0,16,4,heuristic,42.451922999968396,7.9192849589735586,0.3030538260936737,9.936661720275879,0.27694398164749146,8.749438285827637,9.952996253967285,9.883370399475098,0.9636086821556091,0.05073985084891319
go_stanford,long,no14vc_16_1,ddim3_cfg1.0_tts32,ddim,3,1.0,32,4,heuristic,77.38023833333803,1.7478844291008873,0.42493751645088196,10.302521705627441,0.2230496108531952,8.90255355834961,10.155352592468262,10.126496315002441,0.6188327670097351,0.04425368830561638
go_stanford,long,no14vc_16_1,ddim3_cfg2.0_tts0,ddim,3,2.0,0,0,heuristic,18.691112000018013,0.2460199181390646,0.6328047513961792,7.890148639678955,0.5368006825447083,7.824575901031494,8.819377899169922,8.379377365112305,2.4835126399993896,0.09734094142913818
go_stanford,long,no14vc_16_1,ddim3_cfg2.0_tts8,ddim,3,2.0,8,4,heuristic,18.975059666672678,0.7123779965150703,0.26783469319343567,9.333523750305176,0.34278541803359985,8.439997673034668,9.590799331665039,9.44166374206543,1.4177937507629395,0.06507489085197449
go_stanford,long,no14vc_16_1,ddim3_cfg2.0_tts16,ddim,3,2.0,16,4,heuristic,35.10946366668577,0.6606928723218318,0.40311840176582336,9.78109073638916,0.31950289011001587,8.738327980041504,9.963334083557129,9.85448932647705,1.3290095329284668,0.04875144734978676
go_stanford,long,no14vc_16_1,ddim3_cfg2.0_tts32,ddim,3,2.0,32,4,heuristic,69.55203466668536,1.2693075722826876,0.38593998551368713,10.122336387634277,0.19496867060661316,8.868673324584961,10.092488288879395,10.039942741394043,0.8801560401916504,0.052386920899152756
go_stanford,long,no14vc_16_1,ddim2_cfg0.0_tts0,ddim,2,0.0,0,0,heuristic,7.2709809999954205,1.0998785225351453,0.012482903897762299,8.739054679870605,0.5607434511184692,7.909590244293213,8.991643905639648,8.838566780090332,1.3895035982131958,0.07537394016981125
go_stanford,long,no14vc_16_1,ddim2_cfg0.0_tts8,ddim,2,0.0,8,4,heuristic,7.039525000057741,0.5107295733496564,0.25302189588546753,9.68737506866455,0.43953341245651245,8.722319602966309,9.88605785369873,9.757391929626465,1.302932620048523,0.07136593014001846
go_stanford,long,no14vc_16_1,ddim2_cfg0.0_tts16,ddim,2,0.0,16,4,heuristic,15.537648666698564,1.612670929383659,0.2790101170539856,10.023037910461426,0.23814235627651215,8.613163948059082,9.841586112976074,9.820425987243652,0.5446561574935913,0.04465305432677269
go_stanford,long,no14vc_16_1,ddim2_cfg0.0_tts32,ddim,2,0.0,32,4,heuristic,25.761643999961354,0.7831196842887035,0.4104178249835968,10.379630088806152,0.15527954697608948,8.874885559082031,10.138079643249512,10.126986503601074,0.40419745445251465,0.03806235268712044
go_stanford,long,no14vc_16_1,ddim2_cfg0.5_tts0,ddim,2,0.5,0,0,heuristic,12.605507999978727,1.316905340446297,0.13775715231895447,8.147381782531738,0.7255160212516785,7.853515625,8.856689453125,8.46420669555664,1.994085669517517,0.09161458164453506
go_stanford,long,no14vc_16_1,ddim2_cfg0.5_tts8,ddim,2,0.5,8,4,heuristic,12.244515999933961,0.7689671797015206,0.060937292873859406,9.13976001739502,0.40681931376457214,8.10093879699707,9.223024368286133,9.122042655944824,1.061111330986023,0.06235082820057869
go_stanford,long,no14vc_16_1,ddim2_cfg0.5_tts16,ddim,2,0.5,16,4,heuristic,23.631360999994893,0.3466564178499685,0.391379177570343,10.181208610534668,0.281042218208313,8.860275268554688,10.09546184539795,10.057389259338379,0.7607504725456238,0.05812269449234009
go_stanford,long,no14vc_16_1,ddim2_cfg0.5_tts32,ddim,2,0.5,32,4,heuristic,46.53189133326426,0.2041419147567322,0.48807746171951294,10.423203468322754,0.1864936649799347,9.00011157989502,10.25203800201416,10.227126121520996,0.5565475225448608,0.05234198644757271
go_stanford,long,no14vc_16_1,ddim2_cfg1.0_tts0,ddim,2,1.0,0,0,heuristic,11.89403333341943,0.3459475968839535,0.39483463764190674,8.374245643615723,0.6256812214851379,8.074345588684082,9.11136245727539,8.726805686950684,2.096876859664917,0.08943764120340347
go_stanford,long,no14vc_16_1,ddim2_cfg1.0_tts8,ddim,2,1.0,8,4,heuristic,12.507696333310983,0.9518828451303133,0.21019025146961212,9.45019245147705,0.35264793038368225,8.351317405700684,9.533041954040527,9.436779975891113,1.0770914554595947,0.06132661923766136
go_stanford,long,no14vc_16_1,ddim2_cfg1.0_tts16,ddim,2,1.0,16,4,heuristic,23.655228999890216,0.5639854374401435,0.3864206373691559,9.763367652893066,0.3325039744377136,8.723952293395996,9.933377265930176,9.812874794006348,1.2523789405822754,0.06497031450271606
go_stanford,long,no14vc_16_1,ddim2_cfg1.0_tts32,ddim,2,1.0,32,4,heuristic,47.28102699997786,0.7315676736714999,0.37145763635635376,10.141331672668457,0.2425292730331421,8.831157684326172,10.063462257385254,10.02223014831543,0.776087760925293,0.05408244952559471
go_stanford,long,no14vc_16_1,ddim2_cfg2.0_tts0,ddim,2,2.0,0,0,heuristic,12.439090333373315,1.6038404512801834,0.28396737575531006,8.660066604614258,0.6129962205886841,8.264628410339355,9.304701805114746,9.01184368133545,2.0886919498443604,0.1019008532166481
go_stanford,long,no14vc_16_1,ddim2_cfg2.0_tts8,ddim,2,2.0,8,4,heuristic,11.772848333369742,0.0958105901007869,0.5470178127288818,8.878209114074707,0.37255480885505676,8.376351356506348,9.514680862426758,9.220478057861328,2.085853338241577,0.06665896624326706
go_stanford,long,no14vc_16_1,ddim2_cfg2.0_tts16,ddim,2,2.0,16,4,heuristic,24.376203666633955,0.5477509182604636,0.8197520971298218,10.039509773254395,0.21683141589164734,9.192988395690918,10.450753211975098,10.272780418395996,1.7766590118408203,0.06232551857829094
go_stanford,long,no14vc_16_1,ddim2_cfg2.0_tts32,ddim,2,2.0,32,4,heuristic,46.72186266664843,0.903039428078235,0.6568648815155029,10.342154502868652,0.21239930391311646,9.166552543640137,10.440069198608398,10.356072425842285,1.1582152843475342,0.047970231622457504
