dataset_name,suite_name,config_name,num_cases,latency_ms_mean,latency_ms_std,latency_ms_ci95,latency_std_ms_mean,latency_std_ms_std,latency_std_ms_ci95,mse_vs_baseline_mean,mse_vs_baseline_std,mse_vs_baseline_ci95,diversity_mean,diversity_std,diversity_ci95,path_length_mean_mean,path_length_mean_std,path_length_mean_ci95,endpoint_norm_mean_mean,endpoint_norm_mean_std,endpoint_norm_mean_ci95,forward_progress_mean_mean,forward_progress_mean_std,forward_progress_mean_ci95,lateral_abs_mean_mean,lateral_abs_mean_std,lateral_abs_mean_ci95,smoothness_mean_mean,smoothness_mean_std,smoothness_mean_ci95,verifier_score_mean_mean,verifier_score_mean_std,verifier_score_mean_ci95
go_stanford,long,ddim10_cfg0.0_tts0,4,31.796523749998563,1.432154424246586,1.4035113357616542,1.123601064002866,1.4472300912968865,1.4182854894709487,0.14245477598160505,0.12111121074040028,0.11868898652559227,0.7966312617063522,0.12751805347064468,0.12496769240123179,8.012810587882996,0.2586069216778186,0.2534347832442623,9.034357786178589,0.36741504872108127,0.36006674774665964,8.655038237571716,0.5240748153089917,0.5135933190028118,1.7574788331985474,0.17727549134086637,0.17372998151404903,0.07866387441754341,0.009667944228016078,0.009474585343455756,8.42229974269867,0.582917032500094,0.571258691850092
go_stanford,long,ddim10_cfg0.0_tts16,4,62.23936808332079,2.8924545860594684,2.834605494338279,0.8548021872711916,0.5004891308881529,0.49047934827038986,0.2618632586672902,0.17892797198803786,0.1753494125482771,0.25986530631780624,0.05107198637328833,0.05005054664582256,8.799460887908936,0.2170449481012157,0.21270404913919136,10.042009115219116,0.26379528210551717,0.25851937646340684,9.99665641784668,0.2857863647816549,0.28007063748602185,0.7987546622753143,0.22963251423963665,0.2250398639548439,0.046324596740305424,0.010995094484382345,0.0107751925946947,10.109580278396606,0.3528146394142836,0.3457583466259979
go_stanford,long,ddim10_cfg0.0_tts32,4,125.31033091665714,7.210494587916592,7.0662846961582595,2.0174219163461604,1.4019332722233115,1.3738946067788453,0.31637953966856003,0.2013197884979528,0.19729339272799373,0.21202852576971054,0.02206937487417136,0.021627987376687932,8.92582368850708,0.2496284640113866,0.24463589473115888,10.182714700698853,0.285440388700249,0.279731580926244,10.159986972808838,0.28495742033671906,0.27925827192998465,0.5378850996494293,0.10302840593349011,0.1009678378148203,0.04195251269266009,0.01050619032175684,0.010296066515321703,10.364728689193726,0.2781081525476049,0.2725459894966528
go_stanford,long,ddim10_cfg0.0_tts8,4,32.0206362500149,1.3214834432515694,1.295053774386538,1.6316946813529847,1.5814903275611225,1.5498605210099001,0.14117591083049774,0.09061825306529386,0.08880588800398799,0.4202050194144249,0.10474591217363574,0.10265099393016303,8.459632158279419,0.08077465988298978,0.07915916668532998,9.626904010772705,0.09098674154668616,0.08916700671575244,9.51096248626709,0.12523885478643637,0.12273407769070764,1.2279195040464401,0.3465603394819666,0.33962913269232725,0.062117958441376686,0.01646722169657458,0.01613787726264309,9.470237255096436,0.23004429341320176,0.22544340754493772
go_stanford,long,ddim10_cfg0.5_tts0,4,60.41018116668321,2.240714044389741,2.195899763501946,2.1445134023820374,1.3896413311547715,1.3618485045316762,0.16094643995165825,0.107763940899115,0.10560866208113269,0.6154021620750427,0.048074717467286816,0.047113223117941076,8.262951016426086,0.32896254408306175,0.3223832932014005,9.372067213058472,0.383364857718082,0.37569756056372033,9.112345218658447,0.4484959771716715,0.43952605762823804,1.6777364611625671,0.34984587428766556,0.34284895680191224,0.06960093695670366,0.01084123581179704,0.0106244110955611,8.911870241165161,0.5451695300212733,0.5342661394208479
go_stanford,long,ddim10_cfg0.5_tts16,4,122.627318833338,5.400224252010648,5.292219766970435,1.7117816714421386,1.0282860671338194,1.007720345791143,0.23487187922000885,0.1326645277443323,0.13001123718944566,0.22174091637134552,0.04708276547159183,0.046141110162159986,8.811832427978516,0.28523277998934404,0.27952812438955715,10.053101062774658,0.34091350490551287,0.3340952348074026,10.015872716903687,0.36410987466733813,0.3568276771739914,0.6741582900285721,0.2379006947199112,0.23314268082551298,0.04618977755308151,0.00871735390694183,0.008543006828802992,10.17230772972107,0.44618776514119934,0.4372640098383753
go_stanford,long,ddim10_cfg0.5_tts32,4,240.31421241669668,7.971644875854114,7.812211978337031,4.940808478149002,3.367874107286344,3.300516625140617,0.31847385317087173,0.16786810197889954,0.16451073993932155,0.18943724408745766,0.03507644707733173,0.034374918135785096,8.983258247375488,0.17586545154290043,0.17234814251204242,10.246865034103394,0.20925603729474593,0.205070916548851,10.227674961090088,0.21397126756141818,0.20969184221018983,0.4987199306488037,0.11449520203793397,0.11220529799717528,0.03881275234743953,0.005896593077135184,0.0057786612155924805,10.44651985168457,0.24301409640492344,0.23815381447682496
go_stanford,long,ddim10_cfg0.5_tts8,4,59.785532500020125,2.063184685653151,2.0219209919400876,0.7447681994666047,0.5193893517797742,0.5090015647441787,0.1370785585604608,0.09740930434343142,0.0954611182565628,0.39778827130794525,0.09294483472356797,0.09108593802909662,8.39082384109497,0.5029737665405577,0.49291429120974656,9.552737474441528,0.5557176682320514,0.5446033148674103,9.463061809539795,0.5652630571380353,0.5539577959952745,1.0569937080144882,0.2783336657733741,0.2727669924579066,0.0580728342756629,0.011251489019879202,0.011026459239481617,9.48293662071228,0.5874161212403473,0.5756677988155403
go_stanford,long,ddim10_cfg1.0_tts0,4,59.00713683334403,3.2264591038732644,3.161929921795799,1.3031360554892388,0.3967215392235538,0.3887871084390827,0.21228079870343208,0.21628654464028296,0.2119608137474773,0.5578499287366867,0.08123155937971735,0.079606928192123,8.261961817741394,0.32006699276036527,0.31366565290515797,9.397373914718628,0.37601506983467575,0.36849476843798223,9.160908460617065,0.4416887808478342,0.4328550052308775,1.5452989041805267,0.2739459043840383,0.26846698629635757,0.06634679716080427,0.012393527741142928,0.01214565718632007,9.008350372314453,0.5361162522844494,0.5253939272387603
go_stanford,long,ddim10_cfg1.0_tts16,4,118.01874666662115,6.840940119554769,6.704121317163674,2.3981006957600877,1.629704934051312,1.5971108353702856,0.2792886272072792,0.15439959484328677,0.15131160294642104,0.27645495906472206,0.07862376703164783,0.07705129169101488,8.85735297203064,0.2417769022919198,0.23694136424608142,10.101146697998047,0.30172959383659487,0.295695001959863,10.050737857818604,0.31297590264286573,0.30671638459000844,0.7608907073736191,0.25729502447779024,0.2521491239882344,0.04802315775305033,0.012769237063299556,0.012513852322033564,10.17636489868164,0.37926143246548616,0.37167620381617644
go_stanford,long,ddim10_cfg1.0_tts32,4,234.2422345000159,9.245886345714682,9.060968618800388,6.101230251588018,6.273559990876724,6.14808879105919,0.45916032046079636,0.21239078362208455,0.20814296794964285,0.22387992590665817,0.05791659557833891,0.056758263666772134,9.096117734909058,0.1707502773982778,0.16733527185031224,10.377145051956177,0.20155552216282074,0.19752441171956434,10.329390048980713,0.23016317710371292,0.22555991356163865,0.8072250783443451,0.2918826405597603,0.2860449877485651,0.041218653321266174,0.007684615665369959,0.00753092335206256,10.439964294433594,0.32820946702342607,0.32164527768295753
go_stanford,long,ddim10_cfg1.0_tts8,4,58.981220249989974,2.5974539319354615,2.545504853296752,0.8977013929334171,0.8559843931688057,0.8388647053054296,0.1772671788930893,0.04512616800492908,0.044223644644830494,0.39964959025382996,0.07041429834980249,0.06900601238280644,8.612918615341187,0.342434673567258,0.33558598009591284,9.828441858291626,0.38898790553640744,0.38120814742567927,9.727602243423462,0.4050537448097266,0.39695266991353206,1.0659150630235672,0.3719426813850797,0.3645038277573781,0.04687874857336283,0.010272396200346616,0.010066948276339683,9.746957063674927,0.4602072569135973,0.45100311177532537
go_stanford,long,ddim10_cfg2.0_tts0,4,58.62434199999218,0.9760983222563419,0.956576355811215,2.190420365173024,2.9631507070629928,2.903887692921733,0.5568155348300934,0.44657594747697554,0.437644428527436,0.438846692442894,0.03220109706707776,0.0315570751257362,8.54835057258606,0.473377675917605,0.4639101223992529,9.690787076950073,0.5598753489423934,0.5486778419635455,9.36482048034668,0.6755806525116492,0.6620690394614163,2.076880782842636,0.6605389017855101,0.6473281237497999,0.07148617599159479,0.017061587192294614,0.016720355448448722,9.02404499053955,0.8754524204452157,0.8579433720363113
go_stanford,long,ddim10_cfg2.0_tts16,4,115.0581473333432,1.9860686400082417,1.9463472672080768,1.083628739405822,0.9285198395785668,0.9099494427869954,0.4127175956964493,0.16110645755302808,0.1578843284019675,0.25462646409869194,0.06896209294511023,0.06758285108620803,8.980978727340698,0.27083104944729586,0.26541442845834995,10.242774724960327,0.3134436715417203,0.3071747981108859,10.161246061325073,0.36673174758907884,0.35939711263729723,1.0569337606430054,0.3970227021623383,0.38908224811909153,0.045423910953104496,0.007288199876434838,0.007142435878906141,10.183688879013062,0.5048428073495811,0.49474595120258946
go_stanford,long,ddim10_cfg2.0_tts32,4,231.952619916683,4.394842999377562,4.306946139390011,5.70048245907052,3.787347747311786,3.71160079236555,0.45374928414821625,0.16673877018781383,0.16340399478405754,0.2196054942905903,0.07694473767123956,0.07540584291781477,9.113232135772705,0.21735816069907585,0.21301099748509433,10.389626026153564,0.2637072542246859,0.2584331091401922,10.333090782165527,0.3148240513907269,0.30852757036291234,0.8336653560400009,0.44310594428226907,0.4342438253966237,0.04559616278856993,0.015944837101573982,0.0156259403595425,10.433496236801147,0.47151852648180764,0.4620881559521715
go_stanford,long,ddim10_cfg2.0_tts8,4,58.37804399998466,0.7902948080310722,0.7744889118704508,0.5455337721964919,0.2669343197308711,0.2615956333362537,0.5237829238176346,0.2540995540991364,0.2490175630171537,0.29934731125831604,0.03921252425599452,0.038428273770874634,8.899938106536865,0.205359298144775,0.2012521121818795,10.126171112060547,0.2516771426348067,0.2466435997821106,9.955261468887329,0.36613702413698157,0.35881428365424195,1.5064451843500137,0.8315847497768261,0.8149530547812895,0.059785231947898865,0.021465213334202544,0.021035909067518493,9.817302227020264,0.6350941108743375,0.6223922286568507
go_stanford,long,ddim2_cfg0.0_tts0,4,7.126256499996467,0.3309608311938679,0.3243416145699905,0.4103865463212334,0.4611572223160149,0.4519340778696946,0.06461693346500397,0.03647025810091531,0.035740852938897005,0.5947997272014618,0.032726272859484845,0.032071747402295146,8.046119809150696,0.2415390957333754,0.23670831381870788,9.116460084915161,0.2536997225352774,0.24862572808457184,8.930238723754883,0.2200447073806138,0.21564381323300152,1.3920981585979462,0.151610469866588,0.14857826046925623,0.07995748147368431,0.004310626357109674,0.004224413829967481,8.827637195587158,0.16937275404943897,0.16598529896845018
go_stanford,long,ddim2_cfg0.0_tts16,4,14.416628833326211,0.9142362177969714,0.895951493441032,0.8757902311415974,0.5250805226110431,0.5145789121588222,0.22871947474777699,0.13286871766606057,0.13021134331273934,0.28161364421248436,0.049955498880452365,0.04895638890284332,8.740081310272217,0.13118064741721652,0.12855703446887218,9.961963415145874,0.11906946617952459,0.11668807685593409,9.92810845375061,0.11080104067798184,0.1085850198644222,0.6706892848014832,0.11391766297313692,0.11163930971367418,0.05704743415117264,0.013365161644517459,0.01309785841162711,10.083754062652588,0.09171950441819442,0.08988511432983053
go_stanford,long,ddim2_cfg0.0_tts32,4,26.769577916676703,1.290814276194444,1.2649979906705553,0.4718115501837993,0.3226076638750527,0.31615551059755165,0.3905950300395489,0.15657266999497277,0.15344121659507332,0.23320016637444496,0.11584318733761227,0.11352632359086003,9.11557126045227,0.19747646999797375,0.19352694059801426,10.38864541053772,0.19824034640186955,0.19427553947383217,10.368655681610107,0.1904869046637294,0.1866771665704548,0.5121049731969833,0.07857605926503082,0.0770045380797302,0.05903184227645397,0.024271433768001775,0.02378600509264174,10.579580307006836,0.15975928817974583,0.1565641024161509
go_stanford,long,ddim2_cfg0.0_tts8,4,7.040538500016662,0.24541460701479886,0.24050631487450289,0.29423892741777113,0.15895608091973604,0.1557769593013413,0.1747727100737393,0.11002752794780717,0.10782697738885103,0.3819779232144356,0.050919369439492795,0.04990098205070294,8.533374547958374,0.26144304089603715,0.2562141800781164,9.70675778388977,0.2800452162891428,0.27444431196335994,9.630140781402588,0.2653150136727268,0.2600087133992723,0.9866119474172592,0.21276257833633458,0.20850732676960787,0.07812060229480267,0.014119472939081825,0.013837083480300189,9.671298027038574,0.2551524390785805,0.25004939029700884
go_stanford,long,ddim2_cfg0.5_tts0,4,12.489555833326449,0.5009637132391915,0.4909444389744077,0.5038575557856655,0.5495410251337137,0.5385502046310394,0.14873648434877396,0.10276644902233775,0.10071112004189099,0.6475229412317276,0.09549289637832475,0.09358303845075826,8.147971510887146,0.4310280580951372,0.4224074969332345,9.241552829742432,0.48893088853594324,0.4791522707652244,8.986488342285156,0.5136123681292413,0.5033401207666565,1.6447348594665527,0.27209379898080005,0.26665192300118407,0.07894285395741463,0.008945088364406347,0.00876618659711822,8.796083688735962,0.5548797128972793,0.5437821186393338
go_stanford,long,ddim2_cfg0.5_tts16,4,25.123421999969274,1.440300976815144,1.4114949572788411,0.6709489198097276,0.223807976233114,0.2193318167084517,0.31915545649826527,0.1960772570837404,0.1921557119420656,0.2899571359157562,0.05920496496825592,0.0580208656688908,8.954083681106567,0.17934299795141753,0.17575613799238918,10.211132526397705,0.21324700611703934,0.20898206599469854,10.160483121871948,0.22578256373061747,0.22126691245600513,0.813589945435524,0.11081121506818183,0.10859499076681818,0.053774463944137096,0.010287014337867183,0.010081274051109838,10.26680326461792,0.25585631980945267,0.2507391934132636
go_stanford,long,ddim2_cfg0.5_tts32,4,50.31697399997863,2.9673996876518487,2.9080516938988117,1.5598152585148246,1.4651942805844191,1.4358903949727306,0.4762110263109207,0.09289450323129167,0.09103661316666584,0.4310341291129589,0.46475610444378035,0.45546098235490473,9.191781759262085,0.2085062558810814,0.20433613076345977,10.497880697250366,0.22956786314533426,0.22497650588242757,10.43500804901123,0.1547699555984223,0.15167455648645384,0.6139657348394394,0.37556729683284423,0.36805595089618737,0.0925670936703682,0.06105943470251749,0.05983824600846714,10.6060152053833,0.14219198060793717,0.1393481409957784
go_stanford,long,ddim2_cfg0.5_tts8,4,13.279559166657387,0.7786292093179944,0.7630566251316345,0.9395775393965573,0.18381302463626983,0.18013676414354443,0.16625771299004555,0.09721532555502146,0.09527101904392103,0.3810979947447777,0.06314660732337622,0.061883675176908695,8.537698984146118,0.3429965710482261,0.3361366396272616,9.727571249008179,0.3871280215686659,0.37938546113729255,9.64330792427063,0.4111818301378859,0.4029581935351282,1.0170612186193466,0.16773480640517457,0.16438011027707108,0.06527956575155258,0.0063027465252294594,0.00617669159472487,9.676356077194214,0.45186624148148086,0.44282891665185126
go_stanford,long,ddim2_cfg1.0_tts0,4,12.488622333336252,0.6874565831328516,0.6737074514701946,0.23186240211871328,0.10937134551713813,0.10718391860679537,0.31715936213731766,0.13709029757366128,0.13434849162218807,0.5178812071681023,0.07288500296695695,0.07142730290761781,8.415305137634277,0.3375258196549411,0.3307753032618423,9.547219276428223,0.4091393299845279,0.4009565433848373,9.312548398971558,0.5107910009312235,0.500575180912599,1.6189165264368057,0.5065924637296287,0.49646061445503614,0.07310288958251476,0.01267298636286091,0.012419526635603691,9.131951570510864,0.6619853979050814,0.6487456899469798
go_stanford,long,ddim2_cfg1.0_tts16,4,24.873534583292667,1.4444970189832738,1.4156070786036083,0.5009323820162299,0.08406712769231117,0.08238578513846495,0.3449194021522999,0.1761419066464208,0.17261906851349237,0.2517515532672405,0.055559523646476955,0.054448333173547414,8.911829710006714,0.2307926896756181,0.22617683588210574,10.1573646068573,0.25895854464128026,0.25377937374845466,10.092291116714478,0.2837675174052992,0.2780921670571932,0.9176227897405624,0.30222163560521126,0.296177202893107,0.059886927716434,0.0064597049681958145,0.006330510868831898,10.16110372543335,0.3523613151874622,0.34531408888371296
go_stanford,long,ddim2_cfg1.0_tts32,4,50.405015500018635,3.484955171627063,3.415256068194522,2.319856235221686,1.8229313690537334,1.7864727416726587,0.3800048716366291,0.17368689736909174,0.1702131594217099,0.20329127833247185,0.056115063612326634,0.0549927623400801,9.086747169494629,0.19038896608131173,0.1865811867596855,10.35915231704712,0.22677953331369738,0.22224394264742342,10.330790281295776,0.24161945771216142,0.2367870685579182,0.6211591735482216,0.19118779330496474,0.18736403743886546,0.05028722062706947,0.012194324096798291,0.011950437614862326,10.504848718643188,0.3049943618566213,0.29889447461948887
go_stanford,long,ddim2_cfg1.0_tts8,4,12.890238333303234,0.71469558462839,0.7004016729358222,0.5362168002851967,0.2993440997131063,0.2933572177188442,0.2474350929260254,0.07225464148601315,0.0708095486562929,0.342840101569891,0.06986958510747142,0.06847219340532198,8.62971305847168,0.2760702269727007,0.2705488224332467,9.849745750427246,0.30601086496405283,0.29989064766477175,9.759573221206665,0.33076159492854157,0.32414636302997074,1.0505372732877731,0.20808029408944817,0.2039186882076592,0.06655626930296421,0.011102142524186098,0.010880099673702376,9.781499862670898,0.3792545348046251,0.3716694441085326
go_stanford,long,ddim2_cfg2.0_tts0,4,12.692092166683247,0.3670374128814821,0.35969666462385247,0.8203297980946458,0.7084121953779455,0.6942439514703866,0.4541209042072296,0.3736751060261475,0.36620160390562456,0.48683810234069824,0.08481321532759407,0.08311695102104219,8.644603729248047,0.264243494960591,0.2589586250613792,9.781668663024902,0.3423009676385665,0.33545494828579514,9.507917642593384,0.4288479470299016,0.4202709880893036,1.9681241512298584,0.6490764171182464,0.6360948887758814,0.08778495155274868,0.01784017423955375,0.017483370754762674,9.202115774154663,0.6163036855419066,0.6039776118310685
go_stanford,long,ddim2_cfg2.0_tts16,4,25.107948416660975,1.0627472938961604,1.0414923480182372,0.6532399904322712,0.23008322751600424,0.22548156296568414,0.5319370180368423,0.21491619455075486,0.21061787065973978,0.21993202716112137,0.031204968830641958,0.030580869454029116,9.173667669296265,0.06249951946177634,0.06124952907254082,10.446924209594727,0.09492632176069098,0.09302779532547716,10.350691795349121,0.15204582232332514,0.14900490587685863,1.1421258673071861,0.6054768606370102,0.59336732342427,0.05122475232928991,0.011550066899598978,0.011319065561606998,10.341848611831665,0.35275734448563595,0.34570219759592324
go_stanford,long,ddim2_cfg2.0_tts32,4,49.20693074998894,2.837272980242782,2.7805275206379263,0.7692772501370326,0.1413167907264299,0.1384904549119013,0.5043446235358715,0.20244226771308602,0.1983934223588243,0.1703677922487259,0.05973277370204875,0.05853811822800777,9.25330400466919,0.10955148738369097,0.10736045763601715,10.551142692565918,0.13933006822739802,0.13654346686285004,10.510947227478027,0.17313397490323582,0.1696712954051711,0.7212689369916916,0.393974756324532,0.38609526119804133,0.04629879165440798,0.008876369561260665,0.008698842170035451,10.650654315948486,0.31094711859471263,0.3047281762228184
go_stanford,long,ddim2_cfg2.0_tts8,4,12.536826666670702,0.8374719721315131,0.8207225326888828,0.3311076547950436,0.2754795069326465,0.26996991679399357,0.4700336903333664,0.1739689932007294,0.1704896133367148,0.30547428131103516,0.05125791785243319,0.05023275949538452,8.875413656234741,0.3360336478987801,0.32931297494080447,10.099504470825195,0.3961081470056306,0.38818598406551796,9.927612781524658,0.4971735644772741,0.48723009318772864,1.5367680490016937,0.6696637109598148,0.6562704367406185,0.06280522141605616,0.011473816543956178,0.011244340213077055,9.778659343719482,0.6973489552539324,0.6834019761488537
go_stanford,long,ddim3_cfg0.0_tts0,4,10.159397583350938,0.38158334603317506,0.37395167911251154,0.5265809436720879,0.2793063054808604,0.27372017937124316,0.06485147215425968,0.04674867134857184,0.0458136979216004,0.5732212215662003,0.04485851330323694,0.043961343037172196,7.975057482719421,0.5153035596591392,0.5049974884659564,9.087593793869019,0.5811756641417597,0.5695521508589245,8.92478895187378,0.5523214183770206,0.5412749900094802,1.2970772683620453,0.20458030095750387,0.2004886949383538,0.07098989747464657,0.006088076713782611,0.005966315179506959,8.859141826629639,0.5222090579398219,0.5117648767810254
go_stanford,long,ddim3_cfg0.0_tts16,4,20.328497166644866,1.2224076370508674,1.19795948430985,1.2278659725411438,1.4501596177631937,1.4211564254079299,0.2371074128895998,0.13053100789951871,0.12792038774152834,0.282007597386837,0.07938998701188846,0.07780218727165068,8.855330228805542,0.20057546783724786,0.1965639584805029,10.091155052185059,0.24427866332469272,0.23939309005819887,10.029322147369385,0.26705872100740824,0.2617175465872601,0.8509475737810135,0.15629430160469993,0.15316841557260594,0.054298095405101776,0.015023359245323756,0.01472289206041728,10.122204542160034,0.30961484984672877,0.3034225528497942
go_stanford,long,ddim3_cfg0.0_tts32,4,39.73080741666497,3.3341792320053525,3.2674956473652452,1.6270352970117925,2.2111937624316615,2.1669698871830283,0.30686051584780216,0.1359410915527269,0.13322226972167237,0.19495387375354767,0.02895186855522064,0.028372831184116227,8.905818462371826,0.1356315560991997,0.1329189249772157,10.175392389297485,0.1546503919978091,0.15155738415785291,10.158013343811035,0.15845369108856894,0.15528461726679754,0.4522412344813347,0.0842262030810597,0.0825416790194385,0.04635579325258732,0.00458366175599868,0.004491988520878706,10.392685174942017,0.17500240411997908,0.1715023560375795
go_stanford,long,ddim3_cfg0.0_tts8,4,10.24303449998835,0.4174329594829909,0.4090843002933311,0.45743245912464076,0.44835622140823045,0.43938909698006584,0.13582037389278412,0.07790211623770199,0.07634407391294795,0.3766581565141678,0.06418917986516051,0.0629053962678573,8.600168943405151,0.3105600392353783,0.30434883845067073,9.804315567016602,0.3596622478046458,0.35246900284855287,9.734038352966309,0.3759989598553571,0.3684789806582499,0.925507128238678,0.1417561853024363,0.13892106159638756,0.05983395874500275,0.0034002823655464795,0.00333227671823555,9.800191164016724,0.4242814474583571,0.41579581850918995
go_stanford,long,ddim3_cfg0.5_tts0,4,18.52788141667361,1.2082807987667892,1.1841151827914533,0.3408340449499022,0.3171789701857393,0.31083539078202455,0.18749835062772036,0.21786492559840734,0.2135076270864392,0.5406569242477417,0.07419002748569553,0.07270622693598162,8.141504526138306,0.3284452694149844,0.32187636402668474,9.261702299118042,0.3787870850997525,0.37121134339775747,9.047178268432617,0.44593707216015244,0.4370183307169494,1.531585305929184,0.5065767184256031,0.4964451840570911,0.07559453044086695,0.016527264244088284,0.01619671895920652,8.898164749145508,0.5754360213368825,0.5639273009101449
go_stanford,long,ddim3_cfg0.5_tts16,4,36.51977583332193,2.894479063103552,2.836589481841481,1.5072220084333416,0.6209212856843358,0.6085028599706491,0.22679856792092323,0.14659774267410597,0.14366578782062384,0.24822938442230225,0.03190473472099223,0.03126664002657238,8.72832179069519,0.23615068355475174,0.2314276698836567,9.972203969955444,0.27152898943462,0.2660984096459276,9.942724704742432,0.27563710572705463,0.2701243636125135,0.6001805067062378,0.06816509940613052,0.06680179741800792,0.04849995672702789,0.007121009118914535,0.0069785889365362435,10.125305891036987,0.2948279112633869,0.2889313530381192
go_stanford,long,ddim3_cfg0.5_tts32,4,72.27201258330258,3.4295972573810936,3.3610053122334715,2.444587275932228,2.306697805519423,2.2605638494090345,0.35097505152225494,0.17919056383718535,0.17560675256044164,0.20611322298645973,0.058865822110126385,0.057688505667923856,9.003908634185791,0.12181045962911341,0.11937425043653115,10.276366472244263,0.14943811051213202,0.14644934830188938,10.253191947937012,0.16514555205450612,0.161842641013416,0.5528310984373093,0.18295529886961864,0.17929619289222626,0.04818072821944952,0.0036362526422369177,0.003563527589392179,10.45194149017334,0.22508578831108259,0.22058407254486093
go_stanford,long,ddim3_cfg0.5_tts8,4,18.859325000012937,1.1176711170830949,1.095317694741433,0.8183155929628203,0.2336956828140286,0.22902176915774802,0.17634779401123524,0.09831802416717461,0.09635166368383112,0.3169678896665573,0.08968449531155402,0.08789080540532294,8.56730055809021,0.31460420748898665,0.30831212333920693,9.786372900009155,0.35112895181231685,0.3441063727760705,9.727956295013428,0.37038528054429143,0.3629775749334056,0.8641265109181404,0.2520007820836705,0.24696076644199708,0.05798380356281996,0.00794706160791518,0.007788120375756876,9.816724300384521,0.416256422264765,0.4079312938194697
go_stanford,long,ddim3_cfg1.0_tts0,4,18.233880083367165,0.9525227980086827,0.933472342048509,0.5976931251279233,0.3376607290382397,0.3309075144574749,0.15118832141160965,0.09357039020072341,0.09169898239670894,0.524101972579956,0.09191292666089404,0.09007466812767616,8.309797763824463,0.24259194498049774,0.23774010608088778,9.45328950881958,0.28237389867689894,0.27672642070336095,9.27228307723999,0.32494186016017046,0.318443022956967,1.527626097202301,0.2970511686421212,0.2911101452692788,0.07323083281517029,0.011195482913001513,0.010971573254741481,9.124861717224121,0.3976518712214924,0.38969883379706255
go_stanford,long,ddim3_cfg1.0_tts16,4,38.408515583322846,3.1728130260098877,3.10935676548969,2.7125988212394283,3.4874138843401714,3.417665606653368,0.3101930655539036,0.16743625029511644,0.1640875252892141,0.2261270247399807,0.03858095429235853,0.037809335206511356,8.936196327209473,0.15006923040093606,0.14706784579291735,10.1888427734375,0.18516151718750098,0.18145828684375095,10.150173664093018,0.2059394974953081,0.20182070754540193,0.6828506588935852,0.20870152480383225,0.2045274943077556,0.049430093728005886,0.007730759648533317,0.00757614445556265,10.302833795547485,0.27759866981499826,0.2720466964186983
go_stanford,long,ddim3_cfg1.0_tts32,4,74.4959379166706,4.0379756912909714,3.9572161774651518,0.8292264874503135,0.7501599221010121,0.7351567236589919,0.3966273032128811,0.2131611720198385,0.20889794857944172,0.1947772242128849,0.05921572562113209,0.05803141110870944,9.087072849273682,0.16657016100175076,0.16323875778171573,10.37425422668457,0.1982102742521026,0.19424606876706055,10.34769892692566,0.21087544927990673,0.2066579402943086,0.5627279058098793,0.18478975949009593,0.181093964300294,0.04172179661691189,0.006866399756213098,0.006729071761088836,10.54407024383545,0.26882574141471505,0.2634492265864207
go_stanford,long,ddim3_cfg1.0_tts8,4,18.36084541668015,0.7826965419270661,0.7670426110885247,0.22541307730889165,0.22025036875588677,0.21584536138076904,0.2842947170138359,0.07559717955463591,0.07408523596354319,0.31855618208646774,0.06081323161749623,0.059596966985146306,8.784075021743774,0.21943796447973613,0.2150492051901414,10.024874210357666,0.24746256423496116,0.24251331295026193,9.932864904403687,0.2718234240899488,0.26638695560814984,1.0759795755147934,0.2897539518487069,0.28395887281173277,0.053117142990231514,0.00839293196785603,0.00822507332849891,9.94785189628601,0.35322581644862705,0.3461613001196545
go_stanford,long,ddim3_cfg2.0_tts0,4,18.743939750009986,0.5372114171256726,0.5264671887831591,0.6575085984581062,0.4085817820679497,0.40041014642659073,0.4800874777138233,0.3448642156693425,0.3379669313559556,0.4725886210799217,0.11818130915471477,0.11581768297162047,8.551354050636292,0.49546802922649247,0.4855586686419626,9.684970140457153,0.589244126114669,0.5774592435923757,9.382845878601074,0.6983662708099215,0.684398945393723,1.9839539229869843,0.6369806840092955,0.6242410703291096,0.07890889141708612,0.015281545948924613,0.014975915029946121,9.073018193244934,0.8666675946988107,0.8493342428048345
go_stanford,long,ddim3_cfg2.0_tts16,4,36.599985916666355,2.5012988333326227,2.45127285666597,0.5575978770124373,0.34940590671230576,0.34241778857805966,0.45767392218112946,0.10157203396879086,0.09954059328941504,0.25271668285131454,0.07930583213876219,0.07771971549598694,9.082951784133911,0.2422421447269106,0.2373973018323724,10.361470460891724,0.27975722273984305,0.2741620782850462,10.29020071029663,0.31084260727925067,0.30462575513366563,0.995215654373169,0.3922574808736865,0.38441233125621277,0.054757831152528524,0.020984392247436624,0.02056470440248789,10.33293890953064,0.42088089483558966,0.41246327693887785
go_stanford,long,ddim3_cfg2.0_tts32,4,72.58635408333211,4.044667502764139,3.9637741527088566,0.8201921123685876,0.5902324579792355,0.5784278088196508,0.5158907026052475,0.2346019079889908,0.229909869829211,0.25290871784090996,0.1338093906746466,0.13113320286115365,9.258094787597656,0.3480384806228753,0.3410777110104178,10.535642147064209,0.3707993697059581,0.3633833823118389,10.502136707305908,0.38827264729014893,0.38050719434434593,0.6690794080495834,0.3120583070429005,0.3058171409020425,0.08145774807780981,0.0716330363621092,0.07020037563486702,10.654310941696167,0.4578886212861708,0.4487308488604474
go_stanford,long,ddim3_cfg2.0_tts8,4,19.895438249989184,1.5911110393780212,1.5592888185904608,1.9214457454924256,0.8360548553344147,0.8193337582277264,0.3709249794483185,0.08816195894885544,0.08639871976987833,0.33857258409261703,0.0976400840639738,0.09568728238269432,8.785546064376831,0.33414730447340807,0.3274643583839399,9.999134063720703,0.4112756324508748,0.4030501198018573,9.862588882446289,0.4907381618345888,0.480923398597897,1.3498867601156235,0.6351356980694982,0.6224329841081082,0.0632122429087758,0.025962745983498535,0.025443491063828563,9.779038906097412,0.6839375827849444,0.6702588311292456
go_stanford,long,ddim5_cfg0.0_tts0,4,15.64679991668072,0.47082781146213243,0.4614112552328898,0.41573530938931846,0.27908938411548023,0.27350759643317063,0.058603473007678986,0.03895906065875163,0.0381798794455766,0.5862820893526077,0.0724355781434966,0.07098686658062667,8.088141560554504,0.3722393610622999,0.36479457384105385,9.208555459976196,0.4175091364897992,0.4091589537600032,8.99266242980957,0.4524315104022329,0.44338288019418826,1.5062071979045868,0.3032420269411664,0.2971771864023431,0.07609854266047478,0.007861226384809591,0.007704001857113399,8.852954864501953,0.5066835404323965,0.49654986962374853
go_stanford,long,ddim5_cfg0.0_tts16,4,30.8732205833356,0.854571849191896,0.837480412208058,0.7426467551781362,0.375473363227004,0.36796389596246387,0.17373490519821644,0.10086238794744048,0.09884514018849168,0.24477484822273254,0.03342568128110574,0.03275716765548363,8.625314950942993,0.17309709030996717,0.16963514850376782,9.868773221969604,0.20389113218629085,0.19981330954256502,9.838298559188843,0.20710163476343818,0.2029596020681694,0.6458813697099686,0.07275755406408174,0.0713024029828001,0.043753945268690586,0.008298702625124615,0.008132728572622122,10.006166934967041,0.22544024788750983,0.22093144292975964
go_stanford,long,ddim5_cfg0.0_tts32,4,62.815648916644776,2.8313779113854434,2.7747503531577347,2.6307876036423226,2.612493609839707,2.560243737642913,0.32646993547677994,0.15688794719653015,0.15375018825259953,0.18950700759887695,0.03086592692151181,0.030248608383081573,8.92629361152649,0.1527541002914996,0.14969901828566962,10.193498611450195,0.17604353582854443,0.17252266511197353,10.174339771270752,0.18010417961917854,0.17650209602679498,0.49137765169143677,0.06188855271624342,0.06065078166191855,0.043570561334490776,0.0036270911904154432,0.003554549366607134,10.395517826080322,0.1927097008605776,0.18885550684336605
go_stanford,long,ddim5_cfg0.0_tts8,4,15.940404333330585,0.8931326412839368,0.875269988458258,0.5012324072794343,0.21912130108830474,0.21473887506653863,0.14062491350341588,0.10117187302705795,0.09914843556651678,0.3281855434179306,0.0903059094987273,0.08849979130875275,8.511464834213257,0.21259388707500662,0.2083420093335065,9.709057331085205,0.2483719294622325,0.24340449087298785,9.652254104614258,0.24424638580452662,0.2393614580884361,0.8141979426145554,0.2891430611099505,0.2833601998877515,0.05872580874711275,0.007627761426654409,0.00747520619812132,9.75776481628418,0.23801623398330346,0.23325590930363738
go_stanford,long,ddim5_cfg0.5_tts0,4,29.998955250003217,1.5193255820852796,1.4889390704435739,1.7804652524579385,1.5374090047694458,1.5066608246740567,0.1816828716546297,0.34867514337236655,0.3417016405049192,0.6760028377175331,0.19531321572722274,0.19140695141267827,8.056806206703186,0.2502640440696517,0.24525876318825865,9.109898328781128,0.28303677888592116,0.27737604330820276,8.81325387954712,0.36363601181388094,0.3563632915776033,1.57494455575943,0.5008731714547524,0.49085570802565737,0.07430426683276892,0.015391623214974637,0.015083790750675145,8.6460520029068,0.4521976225336177,0.4431536700829454
go_stanford,long,ddim5_cfg0.5_tts16,4,60.36906841664328,3.316369954723763,3.2500425556292876,1.7635111849069702,1.2705780498438353,1.2451664888469585,0.29654936864972115,0.12508955943200736,0.12258776824336722,0.21178945899009705,0.02178280522571905,0.021347149121204667,8.855279922485352,0.20667912826680063,0.2025455457014646,10.116811990737915,0.2503804122172796,0.24537280397293398,10.084918975830078,0.24969418723670206,0.244700303491968,0.6403223648667336,0.15344532631801777,0.15037641979165742,0.042751521803438663,0.007018316914877474,0.006877950576579924,10.254274606704712,0.24725734706018615,0.2423122001189824
go_stanford,long,ddim5_cfg0.5_tts32,4,121.9118934166469,6.208372906859492,6.084205448722302,1.6909478635406274,1.0857026751178889,1.063988621615531,0.3280669040977955,0.1854774604620116,0.18176791125277136,0.21425433829426765,0.06877756686046411,0.06740201552325484,8.942342042922974,0.19699499332476295,0.19305509345826768,10.207655906677246,0.23203663665519167,0.22739590392208783,10.180806875228882,0.24665934195833383,0.24172615511916715,0.5900296047329903,0.1770742694224965,0.17353278403404657,0.04286344535648823,0.008141951966703495,0.007979112927369424,10.367405652999878,0.3061567949012287,0.3000336590032041
go_stanford,long,ddim5_cfg0.5_tts8,4,30.129387499992312,1.481775192788409,1.4521396889326408,0.6576619934456766,0.35169620215335784,0.34466227811029065,0.186393141746521,0.07122986286132903,0.06980526560410244,0.3425164632499218,0.10432569418066863,0.10223918029705525,8.613193988800049,0.20957149620252846,0.20538006627847788,9.832714796066284,0.24557679626507267,0.2406652603397712,9.762097597122192,0.27296735476925243,0.2675080076738674,0.9221949726343155,0.2830241872183359,0.27736370347396916,0.046867056749761105,0.01029205099119306,0.010086209971369199,9.83186650276184,0.36255214828449667,0.3553011053188067
go_stanford,long,ddim5_cfg1.0_tts0,4,30.839116583318095,1.4424369207397623,1.413588182324967,0.7040172105171357,0.2683177313885524,0.26295137676078134,0.257415059953928,0.18436723370544297,0.1806798890313341,0.5519255101680756,0.03566542636514587,0.03495211783784295,8.433340549468994,0.201504489966887,0.19747440016754925,9.566215991973877,0.23706340494639883,0.23232213684747086,9.303518533706665,0.3191785979470561,0.312795025988115,1.665449470281601,0.3098099266939312,0.30361372816005255,0.06903635337948799,0.007183019471860673,0.007039359082423459,9.107344150543213,0.4270969500843048,0.4185550110826187
go_stanford,long,ddim5_cfg1.0_tts16,4,60.73881075001471,3.8129401754953354,3.7366813719854286,0.6050049376896739,0.16094103899901002,0.15772221821902982,0.31961242109537125,0.13448950468283843,0.13179971458918166,0.25970909371972084,0.04191805037023268,0.04107968936282803,8.879115581512451,0.19782597653628625,0.19386945700556052,10.134674072265625,0.2307497796751014,0.22613478408159937,10.081911325454712,0.2527265320808953,0.2476720014392774,0.8299178928136826,0.1842778680503861,0.18059231068937837,0.053051951341331005,0.0062744976131093476,0.006149007660847161,10.183011293411255,0.31631785091198744,0.3099914938937477
go_stanford,long,ddim5_cfg1.0_tts32,4,121.41133533333459,8.20559452930909,8.041482638722908,2.258053349658726,2.473622863770989,2.4241504064955692,0.3790758475661278,0.17720491434392618,0.17366081605704767,0.19773954898118973,0.07608045947747075,0.07455885028792134,9.053892612457275,0.12858383552101066,0.12601215881059044,10.333655834197998,0.15392831774885996,0.15084975139388276,10.314162731170654,0.16583689339399235,0.16252015552611251,0.46969645470380783,0.17414079869303925,0.17065798271917845,0.03889481257647276,0.005690346892825277,0.005576539954968772,10.543402910232544,0.22779958178096835,0.22324359014534897
go_stanford,long,ddim5_cfg1.0_tts8,4,30.541525916646606,1.7044558526235234,1.670366735571053,0.7220860276199897,0.37044991256405796,0.3630409143127768,0.19995100237429142,0.09038554467700112,0.0885778337834611,0.32935137301683426,0.07624237239384497,0.07471752494596808,8.446974277496338,0.3975766539365625,0.38962512085783124,9.634100914001465,0.4614699054962482,0.45224050738632326,9.549333333969116,0.4992331595987222,0.4892484964067478,1.1007364392280579,0.26614997480545666,0.2608269753093475,0.055679951794445515,0.017766868516883003,0.017411531146545343,9.554938077926636,0.5859928474011917,0.5742729904531679
go_stanford,long,ddim5_cfg2.0_tts0,4,30.34691425003189,1.952733366206142,1.9136786988820191,0.35429623856999803,0.18422510022188168,0.18054059821744406,0.4193061403930187,0.2593843069305344,0.2541966207919237,0.42084794491529465,0.03820668809870354,0.03744255433672947,8.557880878448486,0.36910055546915393,0.36171854435977085,9.719340324401855,0.43880275524497864,0.43002670014007904,9.469330787658691,0.5431410645810525,0.5322782432894314,1.7918985486030579,0.5865345415476173,0.574803850716665,0.06844986416399479,0.011487791319867437,0.011258035493470087,9.229474782943726,0.7241562038508874,0.7096730797738696
go_stanford,long,ddim5_cfg2.0_tts16,4,60.465019416653824,3.2340484031373906,3.169367435074643,0.4725217257747551,0.3815263158504394,0.3738957895334306,0.37698694691061974,0.1128228705426024,0.11056641313175035,0.2359616719186306,0.0747417545536066,0.07324691946253446,9.002671957015991,0.19185017157370982,0.18801316814223562,10.261895179748535,0.25663438842164077,0.2515017006532079,10.189666271209717,0.3143258377732324,0.30803932101776776,0.9299108982086182,0.41694436698868753,0.40860547964891375,0.04922350961714983,0.013400217153860871,0.013132212810783653,10.255758285522461,0.46332539333227796,0.4540588854656324
go_stanford,long,ddim5_cfg2.0_tts32,4,122.15023633327367,5.480239990066854,5.370635190265517,2.7661908426717368,2.3568035260778992,2.3096674555563412,0.48671941459178925,0.17047949819409589,0.16706990823021398,0.17685913667082787,0.061430035692621295,0.06020143497876887,9.163572788238525,0.15862147547699312,0.15544904596745326,10.452511072158813,0.19933082636108548,0.19534420983386377,10.40088176727295,0.24556364356526006,0.24065237069395484,0.8356813341379166,0.5529569273733584,0.5418977888258912,0.04222327144816518,0.010675149773003644,0.010461646777543571,10.501288890838623,0.43416180050842773,0.42547856449825916
go_stanford,long,ddim5_cfg2.0_tts8,4,31.244896250010846,1.8064359097261726,1.770307191531649,1.2636931707692245,1.1059345084041368,1.083815818236054,0.4568368196487427,0.13836560435449755,0.1355982922674076,0.29385771602392197,0.052927526168082356,0.051868975644720705,8.782505750656128,0.33254774130242293,0.3258967864763745,9.99962592124939,0.42586846217386876,0.41735109293039135,9.850723505020142,0.5436916407900578,0.5328178079742567,1.3984129056334496,0.7736260590916096,0.7581535379097775,0.05443422496318817,0.01733512880519746,0.01698842622909351,9.751582622528076,0.804465814896503,0.788376498598573
go_stanford,long,ddpm10_cfg0.0_tts0,4,32.63352775005046,1.1870798817658226,1.163338284130506,1.252602900276559,0.874521587819836,0.8570311560634393,0.0,0.0,0.0,0.5615876615047455,0.05915866900973584,0.05797549562954112,8.010826110839844,0.3215392449714616,0.31510846007203236,9.114866256713867,0.3371388822591963,0.33039610461401236,8.96353816986084,0.3339734793829553,0.32729400979529616,1.3058415055274963,0.2104587592410746,0.2062495840562531,0.06630404572933912,0.008579033369137597,0.008407452701754844,8.894925117492676,0.32504606139001857,0.3185451401622182
go_stanford,medium,ddim10_cfg0.0_tts0,4,30.951676416653605,1.535361605443251,1.504654373334386,0.9977873158878781,0.8552450030275628,0.8381401029670115,0.03273562039248645,0.021107437361532408,0.02068528861430176,0.595832958817482,0.06794804398127371,0.06658908310164824,8.3282151222229,0.24213945584556154,0.2372966667286503,9.436118125915527,0.24536514400964482,0.24045784112945193,9.210444211959839,0.2222832504016397,0.2178375853936069,1.6009854674339294,0.3347563083703013,0.32806118220289526,0.07337269559502602,0.010245435312807787,0.010040526606551631,9.035754680633545,0.22535553785122975,0.22084842709420516
go_stanford,medium,ddim10_cfg0.0_tts16,4,61.499869916692276,3.503768279296334,3.4336929137104075,0.6158374852303607,0.4661084096979277,0.4567862415039692,0.20501097664237022,0.08779139303317514,0.08603556517251164,0.32733476161956787,0.08623472603681756,0.0845100315160812,8.838866949081421,0.11799628950810206,0.11563636371794002,10.086868286132812,0.1428851327636261,0.14002743010835358,10.03354287147522,0.16002402744338262,0.15682354689451497,0.7667049169540405,0.26507924860979676,0.2597776636376008,0.05421667452901602,0.014814933454167982,0.014518634785084621,10.156517505645752,0.23861146777190018,0.23383923841646218
go_stanford,medium,ddim10_cfg0.0_tts32,4,122.21160958332196,4.479569569791215,4.38997817839539,2.879732965248848,2.8261604690148787,2.7696372596345813,0.3056116998195648,0.125037483145316,0.12253673348240966,0.1828133389353752,0.05032256479465001,0.04931611349875701,9.00678014755249,0.0868300067163454,0.08509340658201849,10.28236985206604,0.11266255736219069,0.11040930621494688,10.26352596282959,0.12403148469952133,0.1215508550055309,0.47283749282360077,0.18199150330247338,0.1783516732364239,0.04039641376584768,0.005672369195345649,0.005558921811438736,10.491550922393799,0.17558620520227156,0.17207448109822612
go_stanford,medium,ddim10_cfg0.0_tts8,4,30.60509816665065,1.728139580464189,1.6935767888549051,0.6686470039025451,0.14692258879823808,0.1439841370222733,0.08378351386636496,0.0518213185086518,0.05078489213847876,0.3160868473351002,0.07907718011116353,0.07749563650894026,8.548892498016357,0.24323538899000835,0.23837068121020819,9.740913152694702,0.28610393781547916,0.28038185905916957,9.689433574676514,0.293076762631478,0.28721522737884847,0.8584102988243103,0.18674057955499776,0.1830057679638978,0.05950737185776234,0.004137813011714367,0.00405505675148008,9.778911590576172,0.32353118914649803,0.3170605653635681
go_stanford,medium,ddim10_cfg0.5_tts0,4,57.30955324997922,2.7238611064153417,2.669383884287035,0.4239540569979481,0.3612061651625077,0.3539820418592575,0.09278613305650651,0.0968940608035593,0.09495617958748812,0.6023008227348328,0.05715425845199252,0.056011173282952666,8.363581418991089,0.13674626945418436,0.13401134406510068,9.494237899780273,0.17329482606635419,0.1698289295450271,9.297154903411865,0.21206512599857186,0.20782382347860043,1.49854576587677,0.18253736625900968,0.17888661893382948,0.07258037198334932,0.007434806586248815,0.007286110454523838,9.15918755531311,0.27638313585157787,0.2708554731345463
go_stanford,medium,ddim10_cfg0.5_tts16,4,115.04275033333519,6.650689931121283,6.517676132498857,2.728410841023459,2.1366426299536183,2.093909777354546,0.3050478659570217,0.16463830574414526,0.16134553962926235,0.23896874859929085,0.0406590281780509,0.03984584761448988,8.992971181869507,0.10288013800496795,0.10082253524486859,10.263722658157349,0.12415378686378803,0.12167071112651226,10.222135066986084,0.1345650158843966,0.13187371556670865,0.7744291573762894,0.14623401804489278,0.14330933768399493,0.04730380792170763,0.016129919892105417,0.015807321494263307,10.343461990356445,0.1857944764510923,0.18207858692207043
go_stanford,medium,ddim10_cfg0.5_tts32,4,221.32986391666995,4.594498074706192,4.5026081132120686,2.833208876230394,1.7455723834296124,1.71066093576102,0.33493074402213097,0.11022723992971656,0.10802269513112223,0.1707756593823433,0.009812589129648183,0.009616337347055219,9.08868408203125,0.11834358743734343,0.11597671568859655,10.376316547393799,0.13562829047961095,0.13291572467001872,10.361793041229248,0.14131984807821216,0.1384934511166479,0.4519408419728279,0.11217059177638719,0.10992717994085945,0.04175462760031223,0.0032824265949896224,0.00321677806308983,10.596944808959961,0.17822007291766306,0.1746556714593098
go_stanford,medium,ddim10_cfg0.5_tts8,4,57.58287899998511,2.9487949582604642,2.889819059095255,1.2891433674416348,0.6958349329616885,0.6819182343024548,0.28497110307216644,0.2011146452493849,0.1970923523443972,0.32931889593601227,0.017746023827377153,0.01739110335082961,8.85997486114502,0.23405712254266986,0.22937598009181645,10.099432468414307,0.2693079542170295,0.26392179513268893,10.034714937210083,0.2603723307828479,0.2551648841671909,0.8982632458209991,0.13548025081088563,0.1327706457946679,0.052314347587525845,0.004799302793764513,0.004703316737889223,10.111469984054565,0.2298695077778716,0.22527211762231417
go_stanford,medium,ddim10_cfg1.0_tts0,4,57.46146408332228,2.7777868611363914,2.7222311239136636,2.9705932845152243,2.3013424416076482,2.2553155927754953,0.17088107950985432,0.11366884534801731,0.11139546844105697,0.5662850141525269,0.04995628494579831,0.04895715924688234,8.494758129119873,0.2235795083451432,0.21910791817824032,9.656325340270996,0.2573146705760621,0.2521683771645409,9.460690975189209,0.2850693608548981,0.27936797363780014,1.4668861031532288,0.2327034007990622,0.22804933278308095,0.06927943974733353,0.00480103691774967,0.004705016179394677,9.334804773330688,0.33999404821905105,0.33319416725467005
go_stanford,medium,ddim10_cfg1.0_tts16,4,112.81243741666458,3.1586357777295433,3.0954630621749524,2.0279957603729395,1.8088377343188298,1.772660979632453,0.3311992287635803,0.13128777201263825,0.1286620165723855,0.2003258615732193,0.07910506663344671,0.07752296530077778,9.043870687484741,0.154899800066464,0.15180180406513472,10.327687978744507,0.19620042985442512,0.19227642125733663,10.302048444747925,0.2120652282121914,0.20782392364794758,0.5562838986515999,0.24975891375480244,0.2447637354797064,0.04422785295173526,0.01574641596704512,0.015431487647704217,10.50040340423584,0.2971369933725159,0.2911942535050656
go_stanford,medium,ddim10_cfg1.0_tts32,4,226.9304391666651,4.8929434727402255,4.795084603285421,3.963415544543165,3.266554989654882,3.201223889861784,0.4044531285762787,0.1623292565699166,0.15908267143851826,0.1605904269963503,0.03671128508515648,0.03597705938345335,9.17908787727356,0.11616276871823263,0.11383951334386797,10.48705244064331,0.13994754203329549,0.13714859119262957,10.474016189575195,0.1439047614984668,0.14102666626849744,0.42147357016801834,0.05378075488648829,0.05270513978875853,0.035442103166133165,0.007312129518945372,0.007165886928566464,10.721060991287231,0.16328828395302547,0.16002251827396496
go_stanford,medium,ddim10_cfg1.0_tts8,4,56.22223583335995,1.4426155515194852,1.4137632404890954,0.5927015545126586,0.2595636122427905,0.2543723399979347,0.19132203981280327,0.11339634150724552,0.1111284146771006,0.28102827072143555,0.03555118632052745,0.0348401625941169,8.854701519012451,0.18675140199406212,0.18301637395418088,10.094163179397583,0.20491165049991186,0.20081341748991363,10.046011686325073,0.20474162287382106,0.20064679041634462,0.8435520231723785,0.09678587495275327,0.09485015745369821,0.054478395730257034,0.006990158762039305,0.0068503555867985184,10.14164686203003,0.22124237830952037,0.21681753074332996
go_stanford,medium,ddim10_cfg2.0_tts0,4,57.70505933334865,2.1738328597186323,2.1303562025242595,0.8357663940851949,0.6034075269933158,0.5913393764534495,0.30344369541853666,0.24831827357657363,0.24335190810504215,0.528567485511303,0.06403935599900958,0.06275856887902938,8.719629287719727,0.2241812433936324,0.21969761852575975,9.911802768707275,0.26655451314063494,0.26122342287782224,9.710625410079956,0.2860582372231098,0.2803370724786476,1.5065330266952515,0.3323321659923495,0.3256855226725025,0.07401229441165924,0.008630171289903685,0.008457567864105611,9.570188283920288,0.3533732671953902,0.3463058018514824
go_stanford,medium,ddim10_cfg2.0_tts16,4,114.08485975000342,1.4035960587401657,1.3755241375653624,3.443739514479499,3.5338092918511705,3.4631331060141473,0.45586104691028595,0.20026464693480425,0.19625935399610817,0.18370040506124496,0.03457529739063439,0.0338837914428217,9.244941234588623,0.19445766118870056,0.19056850796492655,10.556615591049194,0.23005316463633887,0.2254521013436121,10.526245832443237,0.2430199717410146,0.2381595723061943,0.6741866171360016,0.2047986626954057,0.20070268944149758,0.04346284084022045,0.00940622848790295,0.00921810391814489,10.683423519134521,0.3074532319617686,0.30130416732253323
go_stanford,medium,ddim10_cfg2.0_tts32,4,226.32629316666453,6.51299959252223,6.382739600671785,4.057042362727657,3.451209939852308,3.382185741055262,0.5251174420118332,0.2259228757081996,0.2214044181940356,0.12500198371708393,0.01904028248603227,0.018659476836311622,9.36343502998352,0.1668016371373425,0.16346560439459565,10.689195156097412,0.19926272909502657,0.19527747451312605,10.680036783218384,0.19993508489274,0.1959363831948852,0.3891887962818146,0.069394357568456,0.06800647041708688,0.03959346190094948,0.008414558152182743,0.008246266989139089,10.937434673309326,0.20588126083538735,0.2017636356186796
go_stanford,medium,ddim10_cfg2.0_tts8,4,56.872876416671645,1.4718101284279317,1.442373925859373,0.7984804803865684,0.4877874983144306,0.47803174834814194,0.46645206212997437,0.25197028015268286,0.2469308745496292,0.2454902082681656,0.055961054961330525,0.054841833862103916,9.143362522125244,0.1662041661105916,0.16288008278837976,10.431310415267944,0.20425087871889672,0.2001658611445188,10.362586259841919,0.22657015266660768,0.22203874961327552,0.936790332198143,0.4595781360474144,0.4503865733264661,0.04868787620216608,0.009789475845022093,0.00959368632812165,10.42671251296997,0.34176844634522036,0.33493307741831596
go_stanford,medium,ddim2_cfg0.0_tts0,4,6.986851999982945,0.13924978460449117,0.13646478891240135,0.15940704827898688,0.14040168853033183,0.13759365475972518,0.052261373813962564,0.03603218218764601,0.035311538543893094,0.5974614322185516,0.057024618429255935,0.055884126060670815,8.160184383392334,0.08922823105882789,0.08744366643765134,9.255581855773926,0.07227723598586791,0.07083169126615055,9.067259311676025,0.08673518242120586,0.08500047877278173,1.3500206768512726,0.27273869172496873,0.26728391789046935,0.08153379242867231,0.01581650166644113,0.01550017163311231,8.979599475860596,0.14619616919109704,0.1432722458072751
go_stanford,medium,ddim2_cfg0.0_tts16,4,13.928984583335097,0.48521002006805464,0.47550581966669353,0.30279598818860193,0.1425663214580286,0.13971499502886803,0.23508496582508087,0.16022523573690323,0.15702073102216516,0.3312961161136627,0.058938485675417394,0.05775971596190905,8.844460725784302,0.14588436154954057,0.14296667431854976,10.105855464935303,0.17782145495747997,0.17426502585833037,10.073153257369995,0.18418830828850613,0.180504542122736,0.6098955869674683,0.06725614797960368,0.0659110250200116,0.0590045852586627,0.007224687213594572,0.007080193469322681,10.250798463821411,0.206043643296057,0.20192277043013587
go_stanford,medium,ddim2_cfg0.0_tts32,4,26.83317308335139,1.0717652812171754,1.050329975592832,0.76931907352917,0.827004939916762,0.8104648411184268,0.35780997946858406,0.1952193247570929,0.19131493826195103,0.20274541899561882,0.061138214883528344,0.059915450585857774,9.099905490875244,0.040136600465513955,0.03933386845620367,10.380234718322754,0.039084044746507174,0.03830236385157703,10.360901832580566,0.019085810637395843,0.018704094424647925,0.48406247049570084,0.2684099778029589,0.2630417782468997,0.04896568786352873,0.004284163757191306,0.004198480482047479,10.583384275436401,0.0764522918988648,0.0749232460608875
go_stanford,medium,ddim2_cfg0.0_tts8,4,6.934036333348104,0.19201665753187175,0.1881763243812343,0.23921580462698583,0.2186685210845858,0.21429515066289406,0.1260991506278515,0.05192021836082947,0.05088181399361288,0.39677171409130096,0.11649576030961777,0.11416584510342541,8.575811386108398,0.1801065562744714,0.17650442514898196,9.775604486465454,0.21897574232172307,0.2145962274752886,9.704947471618652,0.2596213568663846,0.2544289297290569,0.9390725642442703,0.373258631333897,0.365793458707219,0.06486074160784483,0.010021357297196864,0.009820930151252927,9.765583992004395,0.37989084649996074,0.3722930295699615
go_stanford,medium,ddim2_cfg0.5_tts0,4,12.574646833333722,0.14779282536310026,0.14483696885583824,0.5340693669830555,0.3573607976471071,0.35021358169416494,0.11134493257850409,0.08665777111226902,0.08492461569002364,0.5435908287763596,0.049612078531428995,0.04861983696080041,8.354568243026733,0.2210659477382388,0.216644628783474,9.499372482299805,0.26496687836152805,0.2596675407942975,9.329421758651733,0.31513840774173874,0.30883563958690397,1.3395942449569702,0.3158521720872587,0.3095351286455135,0.08004443347454071,0.006876209197306728,0.006738685013360593,9.24658751487732,0.4215584097239563,0.41312724152947716
go_stanford,medium,ddim2_cfg0.5_tts16,4,26.11422608333669,2.2390979058149125,2.1943159476986143,1.8988734437753778,1.8145672886106712,1.7782759428384578,0.2642473913729191,0.15628246372933238,0.15315681445474574,0.2528102248907089,0.07816708442856277,0.07660374273999151,8.986511945724487,0.0703643593732098,0.0689570721857456,10.248313188552856,0.07569032530406627,0.07417651879798495,10.207671642303467,0.08193887212932478,0.08030009468673828,0.6920462250709534,0.163489430154876,0.16021964155177848,0.05158534366637468,0.007466106532166136,0.007316784401522813,10.35687518119812,0.10620732809240503,0.10408318153055693
go_stanford,medium,ddim2_cfg0.5_tts32,4,49.238647416653215,2.1574673441114904,2.1143179972292607,0.9774212164855336,0.7132876073854084,0.6990218552377002,0.3788517266511917,0.13868595784569665,0.13591223868878272,0.18938863091170788,0.05515416533190601,0.054051082025267885,9.15543818473816,0.12569136652954782,0.12317753919895687,10.448601961135864,0.15300786833460775,0.1499477109679156,10.42845344543457,0.16202073143978957,0.15878031681099378,0.5221817418932915,0.1702406004591843,0.1668357884500006,0.04420356638729572,0.009221470291015273,0.009037040885194967,10.638502359390259,0.21540365786556961,0.2110955847082582
go_stanford,medium,ddim2_cfg0.5_tts8,4,12.626655999999533,0.4751853030285042,0.4656815969679341,0.621176556009033,0.22535438464655017,0.22084729695361915,0.21592469327151775,0.07348627709653321,0.07201655155460254,0.3633846789598465,0.07263705702571867,0.0711843158852043,8.822416067123413,0.1490835422975747,0.1461018714516232,10.046893835067749,0.1688475308583033,0.16547058024113726,9.982826232910156,0.19461345327481316,0.19072118420931689,0.8479718714952469,0.19965602286243336,0.1956629024051847,0.06667686253786087,0.009743400346715392,0.009548532339781084,10.074646234512329,0.2534445269033171,0.24837563636525076
go_stanford,medium,ddim2_cfg1.0_tts0,4,12.357876000010037,0.33788000782062627,0.33112240766421375,0.3393877673675775,0.20998295495188588,0.20578329585284816,0.15643530897796154,0.12403062270196827,0.1215500102479289,0.5237552970647812,0.12383264883384422,0.12135599585716733,8.48755693435669,0.30175835711675647,0.2957231899744213,9.675476789474487,0.35292649971921425,0.34586796972482997,9.512264966964722,0.42309510597779443,0.41463320385823854,1.2495839446783066,0.3454944981460646,0.3385846081831433,0.0771824549883604,0.00977230197520112,0.009576855935697098,9.462592124938965,0.5339768125285903,0.5232972762780185
go_stanford,medium,ddim2_cfg1.0_tts16,4,24.864639916643227,1.0068651792655285,0.9867278756802179,0.6513300398222006,0.34721036003903394,0.34026615283825323,0.29801325127482414,0.11508917081490772,0.11278738739860956,0.23140675574541092,0.056448870234244615,0.05531989282955972,9.009115219116211,0.16887309133703582,0.1654956295102951,10.281172752380371,0.19256376129972716,0.18871248607373262,10.250179052352905,0.20294137319366248,0.19888254572978922,0.6352215185761452,0.1634453751406929,0.16017646763787904,0.054022413678467274,0.008514285663040333,0.008343999949779525,10.419185400009155,0.2581193303502582,0.252956943743253
go_stanford,medium,ddim2_cfg1.0_tts32,4,50.4389158333538,1.8992913756089618,1.8613055480967826,2.8006746994386313,2.1397142180705986,2.0969199337091866,0.44316913187503815,0.1697567412767562,0.16636160645122106,0.1529960334300995,0.02631571389830632,0.025789399620340193,9.230777263641357,0.12734718478717663,0.1248002410914331,10.543047428131104,0.1409807120818508,0.1381610978402138,10.532466411590576,0.14053710665733543,0.1377263645241887,0.35496658086776733,0.1079994704735825,0.10583948106411085,0.04491124860942364,0.006073938239698257,0.0059524594749042915,10.801251411437988,0.1451943609642618,0.14229047374497655
go_stanford,medium,ddim2_cfg1.0_tts8,4,12.746488166660203,0.5558369968278738,0.5447202568913163,0.5981682421187358,0.2997411562601225,0.29374633313492005,0.24700755439698696,0.15935876060108453,0.15617158538906284,0.28688863664865494,0.07436863922198596,0.07288126643754624,8.907622814178467,0.1067082868273522,0.10457412109080516,10.152535438537598,0.10244293675745417,0.10039407802230509,10.104849576950073,0.08590843661600533,0.08419026788368522,0.7245758101344109,0.31538624140371196,0.30907851657563773,0.060427640564739704,0.008597017561731804,0.008425077210497168,10.24114203453064,0.12891403726161224,0.12633575651638
go_stanford,medium,ddim2_cfg2.0_tts0,4,12.765772416656773,0.4742675224744994,0.4647821720250094,0.6651780230219381,0.6087916985173768,0.5966158645470293,0.3081653704866767,0.3159011490121482,0.30958312603190524,0.6202146783471107,0.20045432777170433,0.19644524121627024,8.63243818283081,0.21514084501723715,0.2108380281168924,9.771980285644531,0.15264601228746585,0.14959309204171653,9.527201175689697,0.06240305253764344,0.06115499148689057,1.3150216788053513,0.5138888226912164,0.5036110462373921,0.0783034898340702,0.013831049596834118,0.013554428604897436,9.451221704483032,0.2418464029740548,0.2370094749145737
go_stanford,medium,ddim2_cfg2.0_tts16,4,25.236255416662818,0.6022340974868169,0.5901894155370805,0.7911922899372175,0.19718436853145052,0.19324068116082152,0.4988756775856018,0.26387753096048244,0.2585999803412728,0.17599485628306866,0.052612693326122874,0.05156043945960041,9.276516675949097,0.2206904243182469,0.21627661583188196,10.596734523773193,0.25817072158918947,0.25300730715740566,10.57685112953186,0.25935563525547645,0.2541685225503669,0.5322631150484085,0.15722936785181676,0.15408478049478042,0.042698934674263,0.005261995594062448,0.0051567556821811985,10.783970355987549,0.2702453842532135,0.2648404765681492
go_stanford,medium,ddim2_cfg2.0_tts32,4,49.61886516668794,1.4377094383545594,1.4089552495874682,0.6682092594733211,0.15339328426280383,0.15032541857754775,0.504974864423275,0.20998392046874914,0.20578424205937415,0.13936923816800117,0.03987513373806351,0.03907763106330224,9.327367782592773,0.18263765800818693,0.17898490484802318,10.65406608581543,0.2070451037344159,0.20290420165972758,10.642929077148438,0.20961199806279668,0.20541975810154073,0.39524897933006287,0.12848312561928837,0.1259134631069026,0.04289190378040075,0.0050519521252730525,0.004950913082767592,10.897948026657104,0.23548658089529842,0.23077684927739245
go_stanford,medium,ddim2_cfg2.0_tts8,4,13.19100516667504,0.13740182180540522,0.13465378536929712,0.7749277676736863,0.4646273455467304,0.4553347986357958,0.44040636718273163,0.21235374005437557,0.20810666525328805,0.22823655605316162,0.04816082642573795,0.047197609897223186,9.14122986793518,0.16648238284333144,0.1631527351864648,10.433274745941162,0.2021107982465597,0.1980685822816285,10.385749101638794,0.2091225886380929,0.20494013686533105,0.803678572177887,0.1824802810976561,0.17883067547570297,0.049423698335886,0.0061404034430851085,0.006017595374223406,10.496513605117798,0.24980308726134742,0.24480702551612046
go_stanford,medium,ddim3_cfg0.0_tts0,4,10.15511733333104,1.043145748770825,1.0222828337954086,0.741697651882006,0.5038597440970369,0.4937825492150962,0.029507965315133333,0.025289710578057744,0.02478391636649659,0.6237401962280273,0.09825960401052583,0.09629441193031531,8.154939651489258,0.12065676686704135,0.11824363152970052,9.24813961982727,0.16260489508560383,0.15935279718389175,9.02576494216919,0.21586837725644742,0.21155100971131846,1.5523530542850494,0.22217381379913764,0.21773033752315488,0.0857483446598053,0.010395962926090444,0.010188043667568635,8.8668212890625,0.2811661768341545,0.2755428532974714
go_stanford,medium,ddim3_cfg0.0_tts16,4,19.376793250017954,0.8919476589326636,0.8741087057540103,0.5051684184056566,0.2085235078125806,0.204353037656329,0.26799777150154114,0.14436955559148934,0.14148216447965956,0.2385522834956646,0.03100572264368888,0.0303856081908151,8.868459224700928,0.14146439561971555,0.13863510770732124,10.124628067016602,0.1774960508943324,0.17394612987644575,10.095715999603271,0.18221055615456522,0.17856634503147392,0.5936163142323494,0.16521073115487753,0.16190651653177998,0.04558484070003033,0.008724756700544314,0.008550261566533428,10.280694246292114,0.19803634053480035,0.19407561372410434
go_stanford,medium,ddim3_cfg0.0_tts32,4,39.50511399999831,2.0036081978517295,1.9635360338946948,2.447025337989561,1.6531350602775765,1.620072359072025,0.32569585368037224,0.14885335825992912,0.14587629109473055,0.20232372358441353,0.02371969223518459,0.0232452983904809,9.065011978149414,0.03198833029371261,0.03134856368783836,10.340871095657349,0.04987746280788351,0.048879913551725836,10.321735858917236,0.049146630412671435,0.048163697804418,0.5137947499752045,0.06180425527172885,0.060568170166294275,0.0487732607871294,0.011708653985607493,0.011474480905895342,10.53385853767395,0.05255687564196669,0.05150573812912736
go_stanford,medium,ddim3_cfg0.0_tts8,4,9.95928599996887,0.33953244132832006,0.3327417925017537,0.23172180523746433,0.17521339431561272,0.17170912642930047,0.16565938480198383,0.14030827298418294,0.1375021075244993,0.36362043768167496,0.09511086735825744,0.09320865001109228,8.682934284210205,0.2152503365788145,0.2109453298472382,9.884305477142334,0.27284437572221754,0.2673874882077732,9.812325477600098,0.29087008543842413,0.28505268372965564,0.9438492655754089,0.2097299805737709,0.20553538096229548,0.060432568192481995,0.0148559562693607,0.014558837143973486,9.871362209320068,0.334847041628167,0.32815010079560364
go_stanford,medium,ddim3_cfg0.5_tts0,4,18.09495258334929,0.7652287088009482,0.7499241346249292,0.3360393087122464,0.21336284554543986,0.20909558863453107,0.04919088562019169,0.036507699503465996,0.03577754551339667,0.4859248772263527,0.13121560054469647,0.12859128853380253,8.44447112083435,0.09066264731031827,0.0888493943641119,9.611123323440552,0.1394346813207474,0.13664598769433245,9.477912425994873,0.2028561392715486,0.19879901648611764,1.1976636797189713,0.27705916184632706,0.2715179786094005,0.07174013089388609,0.00952060858014128,0.009330196408538454,9.446472644805908,0.3008713751803997,0.2948539476767917
go_stanford,medium,ddim3_cfg0.5_tts16,4,36.04305283333058,1.365724780264311,1.338410284659025,0.8321740534016968,0.7511374484243355,0.7361146994558487,0.2836131751537323,0.14910481792511368,0.1461227215666114,0.23173418641090393,0.08298503268141527,0.08132533202778697,8.977260828018188,0.18301599176082814,0.17935567192561158,10.238585472106934,0.20231796014710735,0.19827160094416518,10.20689058303833,0.20985971589654193,0.2056625215786111,0.6235806420445442,0.1280969021358558,0.1255349640931387,0.04967204108834267,0.010228002630367215,0.01002344257775987,10.380376100540161,0.2341252071626723,0.22944270301941885
go_stanford,medium,ddim3_cfg0.5_tts32,4,71.90399241666039,2.1597162553877167,2.1165219302799625,0.6905270814961811,0.5626441749943747,0.5513912914944872,0.38981199264526367,0.1525275612141048,0.1494770099898227,0.1709749549627304,0.012999957044429926,0.012739957903541328,9.184218168258667,0.10849174812506933,0.10632191316256794,10.473128318786621,0.12267033501011611,0.12021692830991379,10.458374500274658,0.12370887691362197,0.12123469937534953,0.46469368785619736,0.03019789353357844,0.02959393566290687,0.048631882295012474,0.00474564965367702,0.004650736660603479,10.687560796737671,0.1213120348686746,0.11888579417130112
go_stanford,medium,ddim3_cfg0.5_tts8,4,18.313153000017714,0.9165540115218489,0.898222931291412,0.5302276877060319,0.6888878930009821,0.6751101351409624,0.12600698322057724,0.05494796886637474,0.05384900948904724,0.3367399573326111,0.04866868826190511,0.04769531449666701,8.673134088516235,0.2575369292245033,0.2523861906400132,9.883599042892456,0.3036306918503295,0.2975580780133229,9.832206964492798,0.29976862826323364,0.29377325569796897,0.8200858682394028,0.1729728760885872,0.16951341856681545,0.05779543612152338,0.005065013713254104,0.004963713438989022,9.935378789901733,0.2962993218642919,0.29037333542700605
go_stanford,medium,ddim3_cfg1.0_tts0,4,18.289026999989726,0.39491325105915354,0.38701498603797047,0.6692043478416956,0.5826160773569201,0.5709637558097816,0.15369131322950125,0.0969959829439596,0.0950560632850804,0.6715061143040657,0.18795459078808419,0.18419549897232249,8.391639232635498,0.2339205981569205,0.2292421861937821,9.493329763412476,0.34665677681921697,0.3397236412828326,9.265496730804443,0.45780149592754626,0.44864546600899535,1.3879575431346893,0.23369946113164203,0.22902547190900918,0.07333085872232914,0.013535314118300057,0.013264607835934056,9.163521766662598,0.5362743656883983,0.5255488783746303
go_stanford,medium,ddim3_cfg1.0_tts16,4,36.261496333348,1.3241547675067808,1.2976716721566453,0.6476272474419251,0.29958296739143603,0.2935913080436073,0.408205546438694,0.16213308547126978,0.1588904237618444,0.19975637272000313,0.006547207382757911,0.0064162632351027525,9.117979526519775,0.05398369637674931,0.05290402244921432,10.415818214416504,0.05163218102770437,0.050599537407150286,10.38289499282837,0.04853975500881699,0.04756895990864065,0.6848977506160736,0.06957869328595871,0.06818711942023954,0.046230305917561054,0.00903121306273701,0.008850588801482269,10.536083936691284,0.05154007132389978,0.050509269897421785
go_stanford,medium,ddim3_cfg1.0_tts32,4,71.82846733331871,2.9852797926055743,2.925574196753463,0.5735914434379944,0.13618675342688982,0.13346301835835203,0.436684712767601,0.20774385254196479,0.20358897549112548,0.16645742766559124,0.04976890671240707,0.04877352857815893,9.244377136230469,0.13821807534646313,0.13545371383953386,10.551291704177856,0.16838859637201686,0.16502082444457652,10.531079530715942,0.1768835082590149,0.17334583809383458,0.519152082502842,0.16993861571578242,0.16653984340146677,0.040709488093853,0.010255080592686282,0.010049978980832555,10.74275541305542,0.22443655722883654,0.2199478260842598
go_stanford,medium,ddim3_cfg1.0_tts8,4,18.805145499991717,0.8262179584857156,0.8096935993160013,1.1253898172371153,0.8280772263455797,0.8115156818186681,0.16155951470136642,0.06342091228790744,0.062152494042149294,0.33431942015886307,0.08575346553753023,0.08403839622677962,8.802721977233887,0.20896136566153584,0.2047821383483051,10.03751516342163,0.22793248106974912,0.22337383144835413,9.967490196228027,0.23311151950823333,0.22844928911806867,0.959260568022728,0.2886130412886734,0.2828407804628999,0.05645999498665333,0.014410856560900449,0.01412263942968244,10.022431135177612,0.2679511548827514,0.2625921317850964
go_stanford,medium,ddim3_cfg2.0_tts0,4,18.94792999999595,0.9962957341804102,0.9763698194968019,0.8974735296392973,0.4660691856939731,0.4567478019800936,0.27826728112995625,0.22515927765569374,0.22065609210257986,0.4460214078426361,0.09910136282564751,0.09711933556913456,8.823494672775269,0.25126457499630667,0.24623928349638052,10.048862218856812,0.30812040589418543,0.3019579977763017,9.91923213005066,0.36064145999668495,0.35342863079675124,1.2422140389680862,0.27505091013745864,0.26954989193470946,0.061277128756046295,0.008399362050141555,0.008231374809138723,9.873940229415894,0.4500563119704702,0.4410551857310608
go_stanford,medium,ddim3_cfg2.0_tts16,4,36.0444389999941,0.9926566985871175,0.9728035646153751,0.6161623242206236,0.07393089658966336,0.07245227865787009,0.4710769057273865,0.2434418423469961,0.23857300550005617,0.16180768609046936,0.06272139252679378,0.0614669646762579,9.272187232971191,0.2409038487096194,0.236085771735427,10.586219310760498,0.28484297722764507,0.27914611768309217,10.56389045715332,0.29330201366466735,0.287435973391374,0.5549440830945969,0.18574775999983487,0.18203280479983816,0.044459992088377476,0.008238573801854769,0.008073802325817673,10.762595415115356,0.3499935923619408,0.34299372051470195
go_stanford,medium,ddim3_cfg2.0_tts32,4,73.69369025000576,2.634858627751603,2.582161455196571,3.1593181047732806,3.2712366579146774,3.2058119247563837,0.5311107859015465,0.23589043039260418,0.2311726217847521,0.13094128668308258,0.022236094434073216,0.021791372545391752,9.375739097595215,0.17872746807928697,0.17515291871770122,10.706369638442993,0.21056675297257907,0.20635541791312748,10.693588972091675,0.21412734320798021,0.2098447963438206,0.42596136778593063,0.13582444283411707,0.13310795397743472,0.03613031096756458,0.003914882220303297,0.003836584575897231,10.93875241279602,0.2417278248362243,0.2368932683394998
go_stanford,medium,ddim3_cfg2.0_tts8,4,18.234613666673262,0.4475442502940859,0.4385933652882042,0.42416883495492214,0.4225829109405216,0.41413125272171114,0.3299130070954561,0.24402048757551825,0.2391400778240079,0.2656501829624176,0.020487991740764884,0.020078231905949585,8.993804693222046,0.32548253872006033,0.31897288794565914,10.261860132217407,0.3698834901230953,0.36248582032063337,10.221860885620117,0.36325202417319574,0.3559869836897318,0.68486038595438,0.19584284215651357,0.19192598531338328,0.050497797317802906,0.003564369047293438,0.003493081666347569,10.373943328857422,0.3336253882913193,0.32695288052549293
go_stanford,medium,ddim5_cfg0.0_tts0,4,15.506836666673962,0.31171800010958794,0.3054836401073962,0.6156866639022702,0.3895495261615768,0.3817585356383452,0.048844873206689954,0.04885600312932728,0.047878883066740735,0.4778827801346779,0.0967291152204328,0.09479453291602415,8.190773606300354,0.22690691903814436,0.22236878065738147,9.325613498687744,0.2409314269209541,0.23611279838253502,9.198615789413452,0.22198807303368523,0.21754831157301152,1.226814091205597,0.2206252523754624,0.21621274732795315,0.07036475464701653,0.007816891174558466,0.007660553351067296,9.157321453094482,0.21837268524880316,0.21400523154382708
go_stanford,medium,ddim5_cfg0.0_tts16,4,30.553480083341356,0.8035732445249371,0.7875017796344383,0.6730123404591859,0.3578015432915993,0.3506455124257673,0.26243267953395844,0.09174390415328346,0.08990902607021778,0.24085406586527824,0.035390534450933556,0.034682723761914884,8.881729364395142,0.10042631667724629,0.09841779034370136,10.131467819213867,0.12474587275507337,0.1222509552999719,10.10634970664978,0.11998543710929378,0.1175857283671079,0.5747097730636597,0.11421216008550682,0.11192791688379668,0.05150309298187494,0.005949389853201877,0.005830402056137839,10.296738624572754,0.08280821775462689,0.08115205339953435
go_stanford,medium,ddim5_cfg0.0_tts32,4,60.162482249997616,0.7930262371629533,0.7771657124196942,0.8246914805330103,0.21997650652537948,0.2155769763948719,0.32585907727479935,0.1372310557114767,0.13448643459724716,0.17276126146316528,0.03215358513923969,0.03151051343645489,9.08989143371582,0.09635963566342394,0.09443244295015546,10.363160610198975,0.1088991452989133,0.10672116239293503,10.347248792648315,0.1102844447105169,0.10807875581630656,0.4644819647073746,0.12573923134325335,0.12322444671638828,0.04772684071213007,0.010998268640128423,0.010778303267325854,10.576549530029297,0.1288217751498057,0.1262453396468096
go_stanford,medium,ddim5_cfg0.0_tts8,4,15.541554166664657,0.31275453006501636,0.30649943946371605,0.3927172131687055,0.3042107192382937,0.2981265048535278,0.10728951916098595,0.06774892202343365,0.06639394358296498,0.3954140394926071,0.10103050862760242,0.09900989845505037,8.528949975967407,0.1384085999777373,0.13564042797818254,9.69797682762146,0.13473258412904518,0.13203793244646428,9.601520538330078,0.13879203315619978,0.13601619249307578,1.0451393127441406,0.29054187882909777,0.2847310412525158,0.06545247230678797,0.013682380233115528,0.013408732628453216,9.623976230621338,0.1652920443661515,0.16198620347882847
go_stanford,medium,ddim5_cfg0.5_tts0,4,30.157662249990835,2.282120507817401,2.236478097661053,1.8805997422760874,1.7817823046354673,1.7461466585427579,0.08578176688752137,0.09676511981246753,0.09482981741621818,0.5717619806528091,0.057523525846457715,0.05637305532952856,8.411602973937988,0.28167703308294245,0.2760434924212836,9.550976753234863,0.30791808379456054,0.3017597221186693,9.357383251190186,0.33299507697150116,0.32633517543207113,1.4858130514621735,0.24789856088435808,0.2429405896666709,0.0726490207016468,0.005914834533731553,0.005796537843056921,9.223920345306396,0.3759983528690828,0.3684783858117011
go_stanford,medium,ddim5_cfg0.5_tts16,4,57.90428950000622,1.2128373104007883,1.1885805641927725,1.696576118763865,1.4399900427300014,1.4111902418754014,0.24171875417232513,0.10545058810986555,0.10334157634766823,0.25552910566329956,0.06576366314230676,0.06444838987946062,8.901299953460693,0.14076760659817575,0.13795225446621223,10.168040037155151,0.17269276779314216,0.16923891243727932,10.13006591796875,0.19414718134062825,0.19026423771381568,0.6605290621519089,0.19990184762422655,0.195903810671742,0.05167585518211126,0.007797030845110891,0.007641090228208673,10.290965795516968,0.2554425960096512,0.2503337440894582
go_stanford,medium,ddim5_cfg0.5_tts32,4,116.81252791666452,4.732111067229068,4.637468845884487,1.5352306621759946,1.6973982403442638,1.6634502755373786,0.39108143001794815,0.11524229228954608,0.11293744644375515,0.16127516701817513,0.04222269837575053,0.041378244408235516,9.151961326599121,0.11242635480359021,0.11017782770751841,10.45620083808899,0.12363585987971128,0.12116314268211704,10.441569089889526,0.1252398531911986,0.12273505612737462,0.43583977967500687,0.14056899853111032,0.13775761856048813,0.035955130122601986,0.005804375025841298,0.0056882875253244725,10.683517456054688,0.1488201623484096,0.14584375910144143
go_stanford,medium,ddim5_cfg0.5_tts8,4,28.986546000027143,0.5720363128580189,0.5605955866008585,0.4675430214157804,0.43643879773141164,0.4277100217767834,0.1559722125530243,0.07093461257785709,0.06951592032629994,0.3510456904768944,0.07410556613751161,0.07262345481476137,8.592431783676147,0.1659427169227374,0.16262386258428266,9.794837713241577,0.18149712295267859,0.17786718049362502,9.725242853164673,0.19910707359034416,0.19512493211853726,0.9301761165261269,0.3839356437214771,0.37625693084704753,0.061549616046249866,0.007447725973186209,0.007298771453722485,9.789514064788818,0.2763968770377128,0.27086893949695856
go_stanford,medium,ddim5_cfg1.0_tts0,4,29.152892833328302,0.9737574838608003,0.9542823341835843,0.6376044719477021,0.1958589725485195,0.1919417930975491,0.13391785323619843,0.12906368503587978,0.1264824113351622,0.5062999427318573,0.056661035398700266,0.05552781469072626,8.495969772338867,0.1963877227365718,0.19245996828184034,9.675758600234985,0.24681517467791414,0.24187887118435586,9.543070793151855,0.3005382161574158,0.2945274518342675,1.2175098061561584,0.3810504938484451,0.3734294839714762,0.06432392448186874,0.015244068987915365,0.014939187608157057,9.505969762802124,0.4242404441439615,0.4157556352610823
go_stanford,medium,ddim5_cfg1.0_tts16,4,60.260276583325854,1.2159481808217805,1.1916292172053449,2.697313496583965,2.8944521241676404,2.8365630816842877,0.3491326943039894,0.11753961074347366,0.11518881852860419,0.17545273900032043,0.015747176172002105,0.015432232648562062,9.08563756942749,0.0989201020551933,0.09694170001408943,10.374290943145752,0.1159383304313485,0.11361956382272154,10.35230541229248,0.1164817504087393,0.11415211540056451,0.5437004491686821,0.10478569167738772,0.10268997784383996,0.04717355128377676,0.007268970299067948,0.007123590893086589,10.554585218429565,0.12364249889181861,0.12116964891398223
go_stanford,medium,ddim5_cfg1.0_tts32,4,117.2679718333427,4.314553674407326,4.228262600919179,1.667425478450201,1.061024286037416,1.0398038003166676,0.4197269231081009,0.15260435704860623,0.1495522699076341,0.1507179494947195,0.03987860082381911,0.039081028807342724,9.20814561843872,0.09817725630743042,0.0962137111812818,10.512290239334106,0.12521628755140224,0.12271196180037419,10.499515056610107,0.13009720537733763,0.12749526126979088,0.3918050304055214,0.11130262204274835,0.10907656960189338,0.0376065643504262,0.0036191746451025614,0.00354679115220051,10.756314277648926,0.16436898197839223,0.16108160233882438
go_stanford,medium,ddim5_cfg1.0_tts8,4,30.080550666639283,1.2639632886595182,1.2386840228863278,1.1252419956507944,0.64968980680612,0.6366960106699976,0.24686595611274242,0.19145267373172223,0.1876236202570878,0.2704920247197151,0.046779018662789794,0.045843438289533994,8.812041997909546,0.259561502075612,0.2543702720340998,10.060852527618408,0.29418756343167785,0.2883038121630443,10.019741296768188,0.3016465038133196,0.2956135737370532,0.7227232158184052,0.159422475041685,0.1562340255408513,0.04961367882788181,0.008691180884812785,0.00851735726711653,10.158980131149292,0.33426114922242434,0.3275759262379758
go_stanford,medium,ddim5_cfg2.0_tts0,4,29.633574083334224,0.9730448336303512,0.9535839369577441,0.55123024170414,0.1592334634382807,0.1560487941695151,0.32941599003970623,0.29772186098731246,0.2917674237675662,0.4373035728931427,0.14072546663660437,0.1379109573038723,8.786890268325806,0.2584537055949545,0.2532846314830554,10.012441396713257,0.3121962259865054,0.3059523014667753,9.875733852386475,0.3362074246343232,0.3294832761416367,1.2261030822992325,0.44080209835946355,0.4319860563922743,0.061442011035978794,0.014624877470373984,0.014332379920966504,9.836193084716797,0.4161133832310553,0.40779111556643416
go_stanford,medium,ddim5_cfg2.0_tts16,4,59.27459824998967,1.47017167401337,1.4407682405331024,0.9894448372264808,0.7784738041830569,0.7629043280993958,0.47770194709300995,0.23905245615825543,0.2342714070350903,0.15343366004526615,0.05677735753190753,0.055641810381269384,9.267164707183838,0.14712798215483558,0.14418542251173885,10.58993148803711,0.17500422129518942,0.17150413686928562,10.57461953163147,0.18355346019308963,0.17988239098922784,0.4613102525472641,0.14970329199167018,0.14670922615183676,0.04219071380794048,0.008743396138382072,0.00856852821561443,10.806796550750732,0.23511099699370144,0.23040877705382742
go_stanford,medium,ddim5_cfg2.0_tts32,4,117.04809858330616,4.325121107726674,4.23861868557214,1.628290247696277,1.7733642817494477,1.7378969961144588,0.5572088658809662,0.2070993567793248,0.2029573696437383,0.11810185573995113,0.027367040625296976,0.026819699812791035,9.369201183319092,0.17238459599129222,0.16893690407146636,10.706762313842773,0.1949738533677959,0.19107437630044,10.697032928466797,0.19576093068142228,0.19184571206779383,0.3603593334555626,0.03979471329568775,0.03899881902977399,0.03643375961109996,0.00819488463905295,0.008030986946271891,10.965413570404053,0.20484603143713254,0.2007491108083899
go_stanford,medium,ddim5_cfg2.0_tts8,4,29.755551416675036,1.0233306123896722,1.0028640001418787,0.8233668698297004,0.511060476333715,0.5008392668070407,0.3770942762494087,0.2230937238327991,0.2186318493561431,0.25383083149790764,0.1147204764278927,0.11242606689933483,9.103110551834106,0.2426199530488783,0.23776755398790073,10.391876220703125,0.27937213581467385,0.2737846930983804,10.348400592803955,0.2984162794126338,0.29244795382438116,0.6846897676587105,0.29891932348118033,0.2929409370115567,0.04370126128196716,0.0029047059112139004,0.0028466117929896225,10.501779794692993,0.3823215880971327,0.37467515633519
go_stanford,medium,ddpm10_cfg0.0_tts0,4,32.65390833331594,2.3698979061370222,2.322499948014282,1.1350116442780975,0.12231351754043525,0.11986724718962655,0.0,0.0,0.0,0.5646762400865555,0.03928593316810885,0.03850021450474667,8.16034209728241,0.36672187141131923,0.35938743398309286,9.260385274887085,0.38369358898288586,0.37601971720322813,9.081620693206787,0.37177077678015763,0.36433536124455446,1.4353954195976257,0.17704345446553396,0.1735025853762233,0.07374056428670883,0.007293007647604765,0.007147147494652669,8.965483903884888,0.3283861728072853,0.3218184493511396
go_stanford,short,ddim10_cfg0.0_tts0,4,29.539878333328794,1.3852189510998927,1.3575145720778947,0.33005498258776683,0.07241433643301004,0.07096604970434983,0.08661149628460407,0.08477608021557174,0.0830805586112603,0.6354374289512634,0.08958653164342385,0.08779480101055537,8.131582498550415,0.13364951246418144,0.1309765222148978,9.21883487701416,0.1752943588536848,0.1717884716766111,8.964849472045898,0.2721567303381754,0.2667135957314119,1.5739311277866364,0.43499658733074836,0.4262966555841334,0.07402283977717161,0.012302764866697942,0.012056709569363982,8.799805164337158,0.4192724971622756,0.4108870472190301
go_stanford,short,ddim10_cfg0.0_tts16,4,60.18613016668913,3.6648258652947105,3.5915293479888164,0.8145872675133148,0.7043323913663241,0.6902457435389976,0.1400427743792534,0.0808248726836018,0.07920837522992977,0.26114458590745926,0.01177475174751995,0.011539256712569551,8.815611600875854,0.10924901238884843,0.10706403214107146,10.052492380142212,0.11928230201067172,0.11689665597045829,10.011477708816528,0.10869152906573128,0.10651769848441665,0.6819660365581512,0.13915279176835874,0.13636973593299156,0.0466908710077405,0.004477549618282223,0.004387998625916579,10.164906978607178,0.06625723163179714,0.0649320869991612
go_stanford,short,ddim10_cfg0.0_tts32,4,121.07630791665731,3.63771948320003,3.564965093536029,1.7732116739636679,1.6333761040239887,1.600708581943509,0.22231584787368774,0.04424201591075046,0.04335717559253545,0.22294658794999123,0.021658164295742164,0.02122500100982732,9.001238822937012,0.057981077307746785,0.05682145576159185,10.273239850997925,0.06435735709086192,0.06307020994904468,10.244001865386963,0.06599630061211346,0.06467637459987119,0.6242891699075699,0.10509397776999918,0.10299209821459919,0.03953870665282011,0.006306310106418585,0.006180183904290213,10.419037580490112,0.08112080418688214,0.0794983881031445
go_stanford,short,ddim10_cfg0.0_tts8,4,30.610814416651994,1.8238987035982293,1.7874207295262647,1.2621436961069539,0.5543952448096816,0.543307339913488,0.03636407433077693,0.02577155786368111,0.02525612670640749,0.3687233626842499,0.08729735528929498,0.08555140818350908,8.56728982925415,0.1397015245832606,0.1369074940915954,9.764046430587769,0.1588851447132044,0.1557074418189403,9.684429407119751,0.15085591247911093,0.1478387942295287,0.9894591569900513,0.21598892181700324,0.21166914338066317,0.05546178109943867,0.010303348437407716,0.010097281468659562,9.728707313537598,0.15029889868994112,0.1472929207161423
go_stanford,short,ddim10_cfg0.5_tts0,4,58.31598583332228,2.7581326633783503,2.7029700101107834,1.20070492526074,0.6224401870440242,0.6099913833031436,0.09851848869584501,0.058421237596502154,0.05725281284457211,0.6272229850292206,0.08891261089194794,0.08713435867410897,8.453053712844849,0.1799155751879312,0.17631726368417255,9.580994367599487,0.2161167948735765,0.21179445897610497,9.295114994049072,0.2739450035267052,0.2684661034561711,1.7766914069652557,0.27193616830920636,0.26649744494302224,0.07207426894456148,0.010103806139213472,0.009901730016429203,9.059210300445557,0.353553878662309,0.34648280108906276
go_stanford,short,ddim10_cfg0.5_tts16,4,116.26061983331701,5.142230329254506,5.039385722669416,0.6297535090920324,0.2249142758758587,0.2204159903583415,0.18115412257611752,0.06266964180422026,0.06141624896813585,0.24984775111079216,0.03669514987899681,0.03596124688141687,8.977707624435425,0.06822678032566536,0.06686224471915204,10.246465921401978,0.0702139927929244,0.0688097129370659,10.209230422973633,0.062386626474948706,0.06113889394544973,0.6909434795379639,0.21806687109953854,0.21370553367754777,0.040266516618430614,0.003831685170221313,0.003755051466816887,10.360833644866943,0.07906904496444514,0.07748766406515624
go_stanford,short,ddim10_cfg0.5_tts32,4,232.9545563333492,9.977208260642994,9.777664095430135,2.987369930692859,2.8454095807174977,2.7885013891031476,0.2315157689154148,0.06588408294178182,0.06456640128294618,0.17950120940804482,0.02607323043377455,0.02555176582509906,9.051133394241333,0.05326193161132696,0.05219669297910042,10.330319166183472,0.049986464766849904,0.04898673547151291,10.310686588287354,0.04437682772137329,0.043489291166945825,0.5167396366596222,0.18652304784447474,0.18279258688758523,0.041593690402805805,0.00866831073413868,0.008494944519455906,10.523064613342285,0.07407575090267036,0.07259423588461696
go_stanford,short,ddim10_cfg0.5_tts8,4,58.99193599999345,2.832936911245948,2.776278173021029,1.5650332090434145,0.627154738959317,0.6146116441801306,0.13253457099199295,0.06672032098895381,0.06538591456917472,0.2908089756965637,0.003168190512937013,0.003104826702678273,8.751004457473755,0.16427394736212503,0.1609884684148825,9.984393119812012,0.1894651411012694,0.18567583827924403,9.929816484451294,0.1863713379926462,0.18264391123279328,0.8722755759954453,0.07993224333631622,0.0783335984695899,0.05139973945915699,0.004784261746537292,0.004688576511606546,10.016178846359253,0.1777406459983262,0.17418583307835966
go_stanford,short,ddim10_cfg1.0_tts0,4,59.44836300001081,2.421121860200403,2.372699422996395,2.079825458701277,1.445536971212919,1.4166262317886604,0.13679576228605583,0.09680961130879832,0.09487341908262235,0.5138723626732826,0.07103987928378432,0.06961908169810863,8.581583738327026,0.19865485217609022,0.1946817551325684,9.748183727264404,0.24454781501224374,0.23965685871199885,9.517060279846191,0.2813121185689151,0.27568587619753676,1.6080492436885834,0.1131368400931019,0.11087410329123987,0.06533343903720379,0.005724574031670401,0.005610082551036993,9.342078685760498,0.3192047029942507,0.3128206089343657
go_stanford,short,ddim10_cfg1.0_tts16,4,118.69677550001256,3.3474295265143237,3.2804809359840372,3.455598878616448,3.866154420729628,3.788831332315035,0.22491585463285446,0.1390843592760667,0.13630267209054536,0.21067316830158234,0.023252741288613078,0.022787686462840816,9.09238576889038,0.12706086723745436,0.12451964989270527,10.365442037582397,0.1416778873279724,0.13884432958141296,10.329330921173096,0.14903727626382948,0.1460565307385529,0.6933252066373825,0.20240156047864288,0.19835352926907002,0.048039146699011326,0.005889116786300384,0.005771334450574376,10.478476762771606,0.19356800706121924,0.18969664691999485
go_stanford,short,ddim10_cfg1.0_tts32,4,233.21396583332898,11.409989999544514,11.181790199553623,3.220944121277341,2.210312505961806,2.16610625584257,0.26856090500950813,0.09336253018132547,0.09149527957769896,0.1784752644598484,0.032167979305270586,0.031524619719165176,9.177956104278564,0.05411402623566439,0.0530317457109511,10.47287631034851,0.07452334365889035,0.07303287678571255,10.444120407104492,0.08707580912813545,0.08533429294557274,0.6208614110946655,0.16399503273132035,0.16071513207669394,0.04007220920175314,0.0038480100318402585,0.003771049831203453,10.620190143585205,0.1365904672323734,0.1338586578877259
go_stanford,short,ddim10_cfg1.0_tts8,4,58.420999666670546,2.3251653073238328,2.278662001177356,1.2341588998757493,0.5324446229689644,0.5217957305095852,0.12079853378236294,0.07606933758203034,0.07454795083038973,0.2991987392306328,0.01700532595796611,0.016665219438806788,8.787911176681519,0.11212478706102044,0.10988229131980003,10.031388998031616,0.12371505885482231,0.12124075767772587,9.97112774848938,0.13422397263681513,0.13153949318407882,0.8427726328372955,0.2597262812382301,0.25453175561346547,0.045541830360889435,0.005218149868440141,0.005113786871071338,10.068851947784424,0.192819299887077,0.18896291388933545
go_stanford,short,ddim10_cfg2.0_tts0,4,58.20106349998847,2.865055102070031,2.8077540000286305,0.756546495641766,0.6153567794120401,0.6030496438237993,0.38072337582707405,0.2002654561403806,0.196260147017573,0.49437060952186584,0.09975749593367828,0.0977623460150047,8.878150463104248,0.14773741907872626,0.14478267069715173,10.06691026687622,0.19142860829437716,0.1876000361284896,9.769925355911255,0.23143477874310553,0.2268060831682434,1.965575098991394,0.12155854800428276,0.1191273770441971,0.07013130560517311,0.007174447542368035,0.007030958591520674,9.468253135681152,0.26987024288621253,0.26447283802848826
go_stanford,short,ddim10_cfg2.0_tts16,4,116.69860008333899,5.054922016819575,4.953823576483184,1.2449279335515269,0.5472756195959444,0.5363301072040255,0.29579089768230915,0.18348653219336772,0.17981680154950036,0.21034158766269684,0.031996896756850565,0.031356958821713556,9.215392351150513,0.1640132865312416,0.16073302080061674,10.519347429275513,0.19415364893947418,0.1902705759606847,10.470260620117188,0.1927558386730935,0.18890072189963164,0.9045055955648422,0.11028495922766333,0.10807926004311007,0.03748101647943258,0.0025368009463442847,0.002486064927417399,10.547581672668457,0.18447301660025886,0.18078355626825368
go_stanford,short,ddim10_cfg2.0_tts32,4,232.81246199999828,6.959201911533055,6.820017873302393,4.67852517652385,3.1054262141568683,3.0433176898737306,0.35532184690237045,0.12031297013317988,0.11790671073051627,0.13147680088877678,0.01714901157635001,0.01680603134482301,9.296601057052612,0.075527751361105,0.0740171963338829,10.617676496505737,0.09071226950775203,0.088898024117597,10.594264030456543,0.07741612137146137,0.07586779894403214,0.5813188850879669,0.24499908098854,0.2400990993687692,0.038033280055969954,0.006073967265773888,0.00595248792045841,10.784834146499634,0.06396132981546983,0.06268210321916043
go_stanford,short,ddim10_cfg2.0_tts8,4,58.892374416653105,2.9688879696618606,2.9095102102686234,1.7662551991653672,2.1904512069655353,2.1466421828262248,0.2557728048413992,0.22991964208981214,0.2253212492480159,0.2585861459374428,0.017234236557624148,0.016889551826471665,9.04741382598877,0.33738736765359134,0.3306396203005195,10.313095808029175,0.38585147023298666,0.3781344408283269,10.240184545516968,0.3741142539746987,0.3666319688952047,0.9744222462177277,0.2621513792800318,0.25690835169443116,0.04618113208562136,0.007225135884557761,0.007080633166866606,10.291179895401001,0.36094427228201503,0.3537253868363747
go_stanford,short,ddim2_cfg0.0_tts0,4,6.872652416660685,0.5751992618192325,0.5636952765828479,0.7698549327628956,0.8608996730369904,0.8436816795762506,0.034524773829616606,0.03770892825974211,0.03695474969454727,0.6377437561750412,0.09797661371482465,0.09601708144052816,8.125362515449524,0.16040922813114378,0.1572010435685209,9.232185125350952,0.1727446870342346,0.1692897932935499,9.033406972885132,0.15985786002478927,0.15666070282429348,1.4710326492786407,0.19634728485600483,0.19242033915888473,0.08188917115330696,0.005729098319751363,0.0056145163533563355,8.904118776321411,0.16563758560716832,0.16232483389502494
go_stanford,short,ddim2_cfg0.0_tts16,4,13.234408999977632,0.3993706502639191,0.3913832372586407,0.5658643822849917,0.4734443479487548,0.46397546098977965,0.20511263981461525,0.15400292021753942,0.15092286181318862,0.382539801299572,0.28897519654941134,0.2831956926184231,8.904968500137329,0.16340327561126453,0.16013521009903922,10.186607122421265,0.23460094540830423,0.22990892650013814,10.14984655380249,0.2244361651680206,0.21994744186466017,0.6413215771317482,0.2248390287617489,0.22034224818651393,0.07212394289672375,0.04705418411129963,0.046113100429073635,10.314775943756104,0.22953142590107684,0.2249407973830553
go_stanford,short,ddim2_cfg0.0_tts32,4,25.88452400000089,0.10440073885528345,0.10231272407817778,1.3708374400755268,0.4901346995274883,0.4803320055369385,0.2251388356089592,0.05098296501171519,0.04996330571148089,0.20563092827796936,0.03580365701906174,0.03508758387868051,9.05692172050476,0.054827011765801625,0.053730471530485595,10.3287193775177,0.06473574440828837,0.06344102952012261,10.302742958068848,0.05463447463239605,0.053541785139748124,0.6033316850662231,0.1262126783785,0.12368842481093,0.05007529444992542,0.004768490206015166,0.004673120401894863,10.483219385147095,0.029880963395508407,0.029283344127598237
go_stanford,short,ddim2_cfg0.0_tts8,4,6.700997500028431,0.17747436759307145,0.17392488024121003,0.13924221032694473,0.06003425571232688,0.058833570598080344,0.13967012148350477,0.13938716760690734,0.13659942425476918,0.33819080144166946,0.07753503717155945,0.07598433642812825,8.61619758605957,0.21107714628170826,0.20685560335607409,9.812835216522217,0.20967399071983986,0.20548051090544306,9.756121397018433,0.20846118991897863,0.20429196612059905,0.8008381873369217,0.18583114013945146,0.18211451733666242,0.06473248545080423,0.010433067198953956,0.010224405854974878,9.864897012710571,0.21864925515629569,0.21427627005316977
go_stanford,short,ddim2_cfg0.5_tts0,4,11.964325416670363,0.20846266838966718,0.20429341502187384,0.378872818381653,0.23631774657865276,0.2315913916470797,0.029329300625249743,0.02363224530382986,0.023159600397753263,0.7182887047529221,0.12274457700404637,0.12028968546396544,8.299839735031128,0.1251210184226921,0.12261859805423826,9.41403603553772,0.1278223105799795,0.12526586436837991,9.190181970596313,0.12345870935881152,0.12098953517163528,1.53756782412529,0.08640466049574767,0.08467656728583271,0.09526313096284866,0.015950309796319447,0.015631303600393057,9.034788608551025,0.13637683338716372,0.13364929671942044
go_stanford,short,ddim2_cfg0.5_tts16,4,23.657508916680097,0.3002091722880395,0.2942049888422787,0.5796964001487984,0.4781537002866114,0.46859062628087916,0.18680458888411522,0.06445594429896964,0.06316682541299025,0.21965454518795013,0.043197091705180615,0.042333149871077,8.974231958389282,0.12733477740776322,0.12478808185960795,10.245905876159668,0.13694359529013383,0.13420472338433115,10.219161987304688,0.1372410117365381,0.13449619150180733,0.5863110348582268,0.1434918986558782,0.14062206068276062,0.05043393652886152,0.007132468287045789,0.006989818921304874,10.406049489974976,0.14802555807900053,0.1450650469174205
go_stanford,short,ddim2_cfg0.5_tts32,4,48.08098283334061,1.8895727424023638,1.8517812875543165,2.442730854764375,1.7578370738134739,1.7226803323372044,0.32011061161756516,0.09053269030662664,0.08872203650049411,0.1680828034877777,0.01089612689756282,0.010678204359611563,9.197745561599731,0.09490514715661988,0.09300704421348747,10.48690915107727,0.10689119640754678,0.10475337247939584,10.471498012542725,0.10230987903863185,0.10026368145785922,0.4659563973546028,0.11022980197321663,0.1080252059337523,0.049268072471022606,0.00543057679943291,0.005321965263444251,10.70009469985962,0.07722691337906713,0.07568237511148579
go_stanford,short,ddim2_cfg0.5_tts8,4,12.056929250007896,0.39081947865915556,0.38300308908597247,0.4460264733038719,0.3017793660049345,0.2957437786848358,0.11740934662520885,0.060108043581367475,0.05890588270974013,0.3232378922402859,0.06904579692547716,0.06766488098696762,8.807898759841919,0.07513987002347686,0.07363707262300732,10.044175863265991,0.10740012866425493,0.10525212609096983,9.97802734375,0.11532871014205143,0.1130221359392104,0.8945518583059311,0.17535198380786127,0.17184494413170404,0.06831860262900591,0.019663688636033298,0.019270414863312633,10.053953409194946,0.14938321382729547,0.14639554955074957
go_stanford,short,ddim2_cfg1.0_tts0,4,11.872019916656503,0.09353716331995549,0.09166642005355638,0.3111410694536638,0.13990468140735432,0.13710658777920723,0.03953680954873562,0.032897782644516274,0.03223982699162595,0.4544525220990181,0.08872483989849028,0.08695034310052048,8.445473670959473,0.09082083723032443,0.08900442048571794,9.63070797920227,0.07539900972072656,0.07389102952631203,9.529632568359375,0.03381924734717536,0.03314286240023186,1.068533718585968,0.2406304169638557,0.23581780862457857,0.06452796421945095,0.00752463089229377,0.007374138274447895,9.545199871063232,0.05680210557734335,0.055666063465796486
go_stanford,short,ddim2_cfg1.0_tts16,4,23.484738916655107,0.1689628501664601,0.1655835931631309,0.4751941194811947,0.23852347150261588,0.23375300207256355,0.24071276187896729,0.09061402523585266,0.0888017447311356,0.23711932450532913,0.03922900269043912,0.03844442263663034,9.1297447681427,0.10121716675019675,0.09919282341519281,10.401330947875977,0.11528701044145935,0.11298127023263016,10.366053104400635,0.10351626786391174,0.10144594250663351,0.6785659268498421,0.2719547497180783,0.26651565472371674,0.050481672398746014,0.005136124625451814,0.005033402132942778,10.51973581314087,0.1018279177794023,0.09979135942381424
go_stanford,short,ddim2_cfg1.0_tts32,4,46.90551191666258,1.963684708355844,1.924411014188727,1.5902949153864845,1.1286052733135843,1.1060331678473125,0.3200441487133503,0.10025861085209675,0.09825343863505481,0.14604716561734676,0.02939447956845926,0.028806589977090073,9.25972843170166,0.04833253636688212,0.047365885639544476,10.564289331436157,0.05820095676531538,0.05703693763000907,10.550267457962036,0.05856085560284248,0.05738963849078563,0.4494459331035614,0.12197282263654795,0.11953336618381699,0.0454969285055995,0.008987741015930611,0.008807986195611999,10.785451412200928,0.0774487046334995,0.0758997305408295
go_stanford,short,ddim2_cfg1.0_tts8,4,11.935284333323654,0.2657560938804395,0.26044097200283073,0.4035776036384033,0.19450531419513747,0.1906152079112347,0.13449890911579132,0.03599467894373939,0.0352747853648646,0.3550492562353611,0.13122533787894977,0.12860083112137077,8.800024509429932,0.08799600563342022,0.08623608552075182,10.023062229156494,0.0785297940001453,0.07695919812014239,9.959505081176758,0.062197015031066095,0.06095307473044477,0.8190901726484299,0.303639936890619,0.2975671381528066,0.06143147125840187,0.009531598941442393,0.009340966962613545,10.062317848205566,0.11444246681542801,0.11215361747911945
go_stanford,short,ddim2_cfg2.0_tts0,4,11.735951250026725,0.3785530163988388,0.37098195607086204,0.436163017920058,0.15569293783855773,0.15257907908178656,0.26358380261808634,0.2038442376580324,0.19976735290487174,0.5382669866085052,0.029193915253314193,0.02861003694824791,8.873928308486938,0.03794043291272026,0.03718162425446585,10.068189144134521,0.038967024445442096,0.038187683956533255,9.817923307418823,0.035019310316531264,0.03431892411020064,1.7990742921829224,0.19009368427514306,0.1862918105896402,0.07701216451823711,0.006587094517410284,0.006455352627062078,9.573751211166382,0.09062752440973487,0.08881497392154017
go_stanford,short,ddim2_cfg2.0_tts16,4,23.456681333338263,0.44497372538427044,0.436074250876585,0.7271375902569778,0.22908564339377815,0.2245039305259026,0.36733491718769073,0.26291204530610063,0.2576538043999786,0.33391137048602104,0.27248141718704194,0.2670317888433011,9.275716781616211,0.24294804651188762,0.23808908558164987,10.587052822113037,0.2883889976118794,0.2826212176596418,10.556658506393433,0.28903660210509136,0.2832558700629895,0.6351791322231293,0.10422379893203987,0.10213932295339907,0.06239799130707979,0.0352055841808107,0.034501472497194485,10.724472045898438,0.28941735023725235,0.2836290032325073
go_stanford,short,ddim2_cfg2.0_tts32,4,46.72235916665576,1.758855021131612,1.7236779207089798,0.898424488733067,0.4693557621082362,0.4599686468660715,0.3881130889058113,0.2081281398789246,0.2039655770813461,0.15787063539028168,0.02574021936885554,0.02522541498147843,9.390683889389038,0.1607000661676548,0.15748606484430172,10.713225364685059,0.18954890969048482,0.18575793149667513,10.684996128082275,0.19074424921863306,0.1869293642342604,0.6487806439399719,0.11543942464725933,0.11313063615431414,0.045114727690815926,0.00806420078155493,0.007902916765923832,10.850468397140503,0.1969345676142907,0.1929958762620049
go_stanford,short,ddim2_cfg2.0_tts8,4,11.908485749993739,0.160429103603796,0.1572205215317201,0.2399068782491401,0.1479342618180076,0.14497557658164745,0.22431443072855473,0.16740488388687136,0.16405678620913391,0.30950527638196945,0.05423423259480567,0.053149547942909554,9.025964736938477,0.14745332996697996,0.14450426336764036,10.290043115615845,0.17629260506055053,0.17276675295933952,10.20645809173584,0.18352239322564232,0.17985194536112947,1.0398373454809189,0.3613199893387222,0.35409358955194775,0.05364043824374676,0.005152037244899852,0.005048996500001855,10.233503341674805,0.24614106987052295,0.2412182484731125
go_stanford,short,ddim3_cfg0.0_tts0,4,9.695086416674789,0.6612276279916738,0.6480030754318403,0.4010072272955434,0.44727482567744464,0.4383293291638957,0.02582258067559451,0.024094391956379455,0.023612504117251864,0.6205326914787292,0.054325758662733266,0.0532392434894786,8.130496740341187,0.07497458665188274,0.07347509491884509,9.225996732711792,0.09339233420625734,0.09152448752213219,9.040740966796875,0.12949542011205387,0.1269055117098128,1.3938909769058228,0.11836306002425301,0.11599579882376794,0.08325867354869843,0.008254294728858557,0.008089208834281386,8.937559843063354,0.17000744153015265,0.1666072926995496
go_stanford,short,ddim3_cfg0.0_tts16,4,19.509579666674885,1.188313674304494,1.164547400818404,0.9427556565920471,0.7570819620500041,0.741940322809004,0.12580088526010513,0.03370680059918518,0.03303266458720148,0.25769077613949776,0.05510937038277332,0.05400718297511785,8.851898193359375,0.11754766530512313,0.11519671199902067,10.107826232910156,0.12951709341926326,0.126926751550878,10.072573184967041,0.13742159486920216,0.1346731629718181,0.65743188560009,0.17256620888573507,0.16911488470802036,0.0428192550316453,0.004010194998692447,0.003929991098718598,10.23574447631836,0.16753173011329725,0.1641810955110313
go_stanford,short,ddim3_cfg0.0_tts32,4,38.12316374998659,1.5518057825314377,1.520769666880809,1.2458262341139346,0.6519952144048365,0.6389553101167398,0.24739781394600868,0.04232223599808908,0.041475791278127304,0.20664015039801598,0.034935800704591506,0.03423708469049967,9.082118034362793,0.10663609071313881,0.10450336889887604,10.358287572860718,0.13149695092172733,0.12886701190329278,10.3365797996521,0.13056426283062852,0.12795297757401594,0.5786805301904678,0.06693727159450297,0.06559852616261291,0.0482711223885417,0.009980178088608535,0.009780574526836365,10.525983095169067,0.12015546734040278,0.11775235799359472
go_stanford,short,ddim3_cfg0.0_tts8,4,9.728473749997118,0.656170817047189,0.6430474007062452,0.2767975061249784,0.1593110503635604,0.1561248293562892,0.09444032702594995,0.08518468399823001,0.0834809903182654,0.4219306483864784,0.040796656320055205,0.0399807231936541,8.593870639801025,0.03389297190787358,0.03321511246971611,9.784217357635498,0.05096731363815489,0.04994796736539179,9.683637619018555,0.0684989328948412,0.06712895423694437,1.0634820014238358,0.09215943269600758,0.09031624404208743,0.05912552587687969,0.009878247956916879,0.009680682997778542,9.701102018356323,0.10066825967748323,0.09865489448393357
go_stanford,short,ddim3_cfg0.5_tts0,4,17.603608583328878,0.6049069709550967,0.5928088315359947,0.479449793663395,0.39462548651916307,0.3867329767887798,0.023428039043210447,0.02152528648748282,0.02109478075773316,0.5041743293404579,0.08471264046262687,0.08301838765337434,8.306321382522583,0.08604406119686599,0.08432317997292867,9.481048107147217,0.07548881076843997,0.07397903455307117,9.378511905670166,0.07806815871670024,0.07650679554236624,1.091860756278038,0.17475577490954178,0.17126065941135094,0.06514436844736338,0.008335818422544324,0.008169102054093437,9.386306047439575,0.11161573067796865,0.10938341606440928
go_stanford,short,ddim3_cfg0.5_tts16,4,35.28281733335348,1.9870427237860475,1.9473018693103266,0.7733800841462388,0.4334891944787407,0.42481941058916584,0.19491874426603317,0.07776603795835772,0.07621071719919056,0.22678329050540924,0.058050669626475856,0.05688965623394634,9.017382383346558,0.12225676358300244,0.11981162831134239,10.282861948013306,0.1404250965426776,0.13761659461182404,10.256850004196167,0.13410156874313778,0.13141953736827502,0.5769799575209618,0.17033122824868743,0.16692460368371367,0.04240221017971635,0.009574017184879578,0.009382536841181986,10.447678565979004,0.11509513677446345,0.11279323403897418
go_stanford,short,ddim3_cfg0.5_tts32,4,69.99156508333233,4.086216827919208,4.004492491360824,1.0708121079202797,0.6609501774032888,0.6477311738552229,0.27758029475808144,0.08936688741560796,0.0875795496672958,0.15299484878778458,0.019303001798196478,0.018916941762232548,9.144655227661133,0.04234932286563878,0.041502336408326,10.439836978912354,0.05214339440985317,0.0511005265216561,10.427270650863647,0.051188735551825286,0.05016496084078878,0.4336552992463112,0.06027945499364704,0.0590738658937741,0.038826385512948036,0.006816477040779574,0.0066801474999639825,10.669245481491089,0.04675254278986091,0.04581749193406369
go_stanford,short,ddim3_cfg0.5_tts8,4,17.789498416656595,0.7031149453183634,0.6890526464119962,0.4920877871847663,0.44977446756120626,0.44077897820998213,0.11027438379824162,0.054334931838933016,0.053248233202154355,0.3385654613375664,0.10636815526115027,0.10424079215592727,8.706233978271484,0.10288793414567791,0.10083017546276435,9.928675174713135,0.11649281176544488,0.11416295553013597,9.866157054901123,0.10908888944153448,0.10690711165270379,0.8007965832948685,0.2698690441757344,0.26447166329221966,0.057345849461853504,0.005053420071566814,0.004952351670135478,9.976476192474365,0.1325878051224545,0.1299360490200054
go_stanford,short,ddim3_cfg1.0_tts0,4,17.311809583333115,0.693132963652742,0.6792703043796872,0.25451720787725063,0.20867595329189295,0.2045024342260551,0.07725643640151247,0.06467564441845274,0.06338213153008368,0.5085020214319229,0.031648935322052714,0.03101595661561166,8.59586787223816,0.115438218433133,0.11312945406447034,9.7720308303833,0.09885267687686111,0.09687562333932388,9.583175659179688,0.08513099874281586,0.08342837876795954,1.463491290807724,0.277628447567951,0.272075878616592,0.06598172150552273,0.006829515952399038,0.006692925633351057,9.458983898162842,0.1535377264500645,0.1504669719210632
go_stanford,short,ddim3_cfg1.0_tts16,4,34.60110300000944,0.8253760452154425,0.8088685243111337,0.5621825429063438,0.31202402746982255,0.3057835469204261,0.2267308048903942,0.05972723485763249,0.058532690160479836,0.23328058421611786,0.03280076281242555,0.032144747556177036,9.031900882720947,0.010667026139135817,0.010453685616353101,10.312177896499634,0.013692686136272583,0.013418832413547131,10.287357091903687,0.01785523564481888,0.0174981309319225,0.5781612247228622,0.09215431631529106,0.09031122998898523,0.04714945238083601,0.006165748422818973,0.006042433454362593,10.4775550365448,0.04766709083896614,0.04671374902218682
go_stanford,short,ddim3_cfg1.0_tts32,4,68.50830366665643,0.9547737871524815,0.9356783114094319,1.0757954873817774,0.814874434858445,0.7985769461612761,0.2567581385374069,0.13847149474017273,0.13570206484536929,0.16073520481586456,0.025418418643881144,0.02491005027100352,9.156141519546509,0.09978192300226434,0.09778628454221905,10.450810194015503,0.1216378397107377,0.11920508291652294,10.427263021469116,0.12537703674013137,0.12286949600532875,0.5759535878896713,0.07018032509047797,0.06877671858866842,0.041970343329012394,0.009988710407606844,0.009788936199454706,10.618881225585938,0.14765577798508994,0.14470266242538815
go_stanford,short,ddim3_cfg1.0_tts8,4,17.388977499990688,0.4987672558346375,0.48879191071794476,0.3923724701756554,0.24251365349147147,0.23766338042164203,0.13325631991028786,0.06607992989794556,0.06475833129998665,0.26283739507198334,0.06193404332699062,0.06069536246045081,8.799949169158936,0.11617266988662414,0.11384921648889165,10.048235654830933,0.13493894803400605,0.13224016907332592,10.007709741592407,0.167222166822098,0.16387772348565605,0.6975150108337402,0.27923960297760325,0.27365481091805116,0.04538562800735235,0.008492843134937776,0.00832298627223902,10.156444787979126,0.2591105483196102,0.253928337353218
go_stanford,short,ddim3_cfg2.0_tts0,4,17.012992333349075,0.04734940354325656,0.046402415472391434,0.3811426497478486,0.2036114519532656,0.1995392229142003,0.23947696201503277,0.12091527669549837,0.1184969711615884,0.466304212808609,0.023650753017066296,0.02317773795672497,8.841084957122803,0.10940548529712027,0.10721737559117786,10.036304950714111,0.14444706156883516,0.14155812033745846,9.807004451751709,0.17413445640781883,0.17065176727966244,1.7405422925949097,0.17739809492982397,0.17385013303122748,0.0685322592034936,0.007014639772794008,0.006874346977338128,9.584857940673828,0.22659086425611158,0.22205904697098935
go_stanford,short,ddim3_cfg2.0_tts16,4,34.579581166648644,0.500464242058005,0.4904549572168449,1.164307777962414,0.37785285033296934,0.37029579332630996,0.3343983367085457,0.20727274653666283,0.20312729160592957,0.17033707723021507,0.013389935763865483,0.013122137048588174,9.230087757110596,0.21996666235039702,0.21556732910338908,10.53755784034729,0.24454047739914933,0.23964966785116634,10.506778001785278,0.23119833803857992,0.22657437127780833,0.6690258830785751,0.2030250468735334,0.19896454593606272,0.04096700996160507,0.006776006228129598,0.006640486103567006,10.666064500808716,0.1615816051693652,0.1583499730659779
go_stanford,short,ddim3_cfg2.0_tts32,4,69.93439133333368,3.113537192653244,3.0512664488001793,2.1695707867215774,1.4813115478786636,1.4516853169210904,0.3732708916068077,0.14151900311681434,0.13868862305447804,0.14706981554627419,0.023536657276779706,0.02306592413124411,9.343892812728882,0.11031619069243316,0.1081098668785845,10.663232564926147,0.12600528488472307,0.1234851791870286,10.64270567893982,0.12650743689333818,0.12397728815547142,0.5410196930170059,0.10063808105024445,0.09862531942923956,0.04054393619298935,0.005657274704978467,0.005544129210878898,10.846688747406006,0.13147678516168076,0.12884724945844714
go_stanford,short,ddim3_cfg2.0_tts8,4,17.344894083322515,0.26364554193415174,0.2583726310954687,0.5777438820645,0.49652898597511935,0.48659840625561696,0.30367486365139484,0.14994076772545542,0.14694195237094632,0.23794832080602646,0.022983025408164964,0.022523364900001664,9.190467357635498,0.06037546292488099,0.05916795366638337,10.480435609817505,0.08569653385921037,0.08398260318202616,10.388877630233765,0.12193562938874343,0.11949691680096856,1.1604844331741333,0.39716323420712435,0.3892199695229819,0.050883565098047256,0.0027008079121731772,0.0026467917539297137,10.374207019805908,0.24362978515033382,0.23875718944732713
go_stanford,short,ddim5_cfg0.0_tts0,4,15.755778916656027,0.7736959113324656,0.7582219931058163,0.32107614136753915,0.3771120411395518,0.3695698003167608,0.02816485718358308,0.036621447048986226,0.0358890181080065,0.5884119048714638,0.15380044725855901,0.15072443831338783,8.190944194793701,0.1272270867807305,0.12468254504511589,9.312838554382324,0.1592332794769802,0.1560486138874406,9.131572723388672,0.251289354696927,0.24626356760298843,1.3691533505916595,0.4322188660440812,0.4235744887231996,0.07178974524140358,0.014336192707346545,0.014049468853199614,9.039782047271729,0.39561286556602887,0.3877006082547083
go_stanford,short,ddim5_cfg0.0_tts16,4,31.686778833327857,1.8771549755425816,1.83961187603173,0.7730344070048256,0.2999998092769198,0.2939998130913814,0.1654869019985199,0.015806535420868684,0.015490404712451309,0.2363201007246971,0.0607025017870177,0.059488451751277344,8.937805652618408,0.15007612498652692,0.14707460248679638,10.194098949432373,0.1704865770980867,0.16707684555612498,10.159623861312866,0.17383426956132322,0.17035758417009675,0.678462490439415,0.13124440038483914,0.12861951237714236,0.04339716164395213,0.013862814434109956,0.013585558145427756,10.314868688583374,0.19149821603613748,0.18766825171541474
go_stanford,short,ddim5_cfg0.0_tts32,4,62.747617499979924,3.1047806973374343,3.0426850833906856,0.5650850916625716,0.4760671231517441,0.4665457806887092,0.21807871013879776,0.049788840681729306,0.04879306386809472,0.20076216012239456,0.031068802476058994,0.030447426426537815,8.994507789611816,0.08719343472171764,0.08544956602728329,10.268295049667358,0.10350308629982531,0.1014330245738288,10.242810010910034,0.10777281002395053,0.10561735382347152,0.54546307772398,0.07062581702484609,0.06921330068434917,0.04249538388103247,0.009710983304446981,0.009516763638358041,10.445095777511597,0.11565318724899158,0.11334012350401175
go_stanford,short,ddim5_cfg0.0_tts8,4,16.461068416684082,1.2760935855153792,1.2505717138050716,0.7272949564654185,0.6672069003134343,0.6538627623071657,0.0864776885136962,0.0458901876334987,0.04497238388082872,0.3614361435174942,0.05765830852112984,0.05650514235070724,8.60228681564331,0.07144879736459969,0.0700198214173077,9.810667037963867,0.07268226723707592,0.0712286218923344,9.745873928070068,0.07298883661426118,0.07152905988197596,0.8455162644386292,0.14542768528653796,0.1425191315808072,0.05167057178914547,0.0037763552163765477,0.0037008281120490165,9.841380596160889,0.08079166452444456,0.07917583123395566
go_stanford,short,ddim5_cfg0.5_tts0,4,30.359839583335695,1.2534330044278026,1.2283643443392465,2.166705869101537,2.3305006717405576,2.2838906583057463,0.027501536766067147,0.025061444619135582,0.02456021572675287,0.5227553248405457,0.06336199661013713,0.06209475667793438,8.331561088562012,0.11236327896874694,0.110116013389372,9.478687286376953,0.13227523654365816,0.129629731812785,9.322275876998901,0.15242394404922632,0.1493754651682418,1.286249190568924,0.14959417795758342,0.14660229439843175,0.0628795474767685,0.00873804320008998,0.00856328233608818,9.260899782180786,0.17710988384894713,0.1735676861719682
go_stanford,short,ddim5_cfg0.5_tts16,4,59.3845453333491,3.3128744868290867,3.246616997092505,0.5544244357170941,0.3351771839758461,0.3284736402963292,0.1597706601023674,0.048528353709467606,0.04755778663527825,0.21860290318727493,0.036730392125818155,0.035995784283301795,8.893014192581177,0.03082830078364391,0.03021173476797103,10.155699014663696,0.03340207972046581,0.0327340381260565,10.129403591156006,0.026394391604155607,0.025866503772072495,0.5501298680901527,0.20109814385586033,0.19707618097874313,0.04460079409182072,0.0052766233872756545,0.005171090919530141,10.329872131347656,0.05999119861892539,0.058791374646546886
go_stanford,short,ddim5_cfg0.5_tts32,4,118.07206183333581,5.418159189912903,5.309796006114645,1.6753192579442477,1.27053832692691,1.2451275603883718,0.22952374443411827,0.08482976522792898,0.0831331699233704,0.19485120102763176,0.023156255078996418,0.022693129977416487,9.053150653839111,0.07667760383469409,0.07514405175800021,10.334802865982056,0.09200507234651747,0.09016497089958712,10.31211233139038,0.10265639622917097,0.10060326830458755,0.5263126865029335,0.16404171361982975,0.16076087934743316,0.03918307460844517,0.006886986167471817,0.006749246444122381,10.52158808708191,0.15796346930630667,0.15480419992018055
go_stanford,short,ddim5_cfg0.5_tts8,4,30.437525083309918,2.4920014247306708,2.4421613962360573,0.7620808890032346,0.6964810878297643,0.682551466073169,0.10428693145513535,0.009533536019841657,0.009342865299444824,0.2583116292953491,0.051825823791948396,0.05078930731610943,8.733668088912964,0.1119107761620305,0.1096725606387899,9.97376799583435,0.1240223924743639,0.12154194462487662,9.930206060409546,0.12442923755321626,0.12194065280215194,0.7495909780263901,0.16226965363752355,0.15902426056477306,0.04759974405169487,0.006544914154738911,0.006414015871644132,10.060434341430664,0.13729667007989077,0.13455073667829295
go_stanford,short,ddim5_cfg1.0_tts0,4,30.106055416657302,2.2411043064286806,2.196282220300107,0.4401961259036305,0.1399214856638672,0.13712305595058985,0.10357631742954254,0.06458981391465715,0.063298017636364,0.5249951556324959,0.033906284473721404,0.033228158784246974,8.561479330062866,0.10687181243634819,0.10473437618762123,9.725306034088135,0.1403620681255741,0.13755482676306263,9.526656150817871,0.1935017370085694,0.189631702268398,1.4921782612800598,0.20088625106404787,0.19686852604276692,0.06511239986866713,0.011231198377199785,0.011006574409655788,9.392220258712769,0.2618281478781779,0.2565915849206143
go_stanford,short,ddim5_cfg1.0_tts16,4,60.86797958334955,2.2964658757054193,2.250536558191311,1.6851618743402215,0.7591134787398321,0.7439312091650355,0.23508736491203308,0.11108565759012318,0.10886394443832072,0.2059447132050991,0.041828591155821666,0.04099201933270523,9.10440731048584,0.1563611081001525,0.15323388593814943,10.396242141723633,0.17789369803855826,0.17433582407778708,10.358461618423462,0.17716161051487225,0.1736183783045748,0.7033883333206177,0.15578844210281312,0.15267267326075684,0.03929837513715029,0.0023575912085776803,0.002310439384406127,10.50606107711792,0.14201877410875668,0.13917839862658155
go_stanford,short,ddim5_cfg1.0_tts32,4,119.9359133333265,5.843878277343827,5.727000711796951,1.529152198036464,1.2834298998542997,1.2577613018572136,0.26467642188072205,0.08301710564217614,0.08135676352933262,0.16049083694815636,0.023779682656871474,0.023304089003734044,9.145033597946167,0.018299801945045074,0.017933805906144174,10.437991857528687,0.02792482893778311,0.027366332359027447,10.419450759887695,0.024710907263166756,0.02421668911790342,0.5322153940796852,0.08536551134700955,0.08365820112006936,0.042452252469956875,0.0017841297091957457,0.0017484471150118308,10.626299619674683,0.024502296502805967,0.024012250572749846
go_stanford,short,ddim5_cfg1.0_tts8,4,30.102760500019105,1.9568846136981077,1.9177469214241456,0.5215514530933332,0.19546955465772226,0.19156016356456781,0.18305462505668402,0.10267338713049297,0.1006199193878831,0.25021640583872795,0.025034350565323663,0.02453366355401719,8.952550411224365,0.12353851803211717,0.12106774767147482,10.222602844238281,0.13931837753393977,0.13653200998326098,10.168931722640991,0.12426630401398996,0.12178097793371015,0.8094028532505035,0.2591372690095701,0.2539545236293787,0.04941843170672655,0.003005120144000256,0.002945017741120251,10.277905941009521,0.13016481505873997,0.12756151875756516
go_stanford,short,ddim5_cfg2.0_tts0,4,29.383488083321176,1.6541652311073254,1.6210819264851788,0.27675256653375185,0.13799487147871944,0.13523497404914506,0.29061657935380936,0.21453470574707184,0.2102440116321304,0.3936154171824455,0.03908219895432475,0.03830055497523825,8.913002729415894,0.13306569337483432,0.13040437950733763,10.138242959976196,0.16570434161578437,0.1623902547834687,9.935978651046753,0.1735681144235055,0.1700967521350354,1.6507713496685028,0.12384651578208018,0.12136958546643857,0.06147848442196846,0.0038115819966033295,0.003735350356671263,9.747110366821289,0.16629234768707896,0.16296650073333738
go_stanford,short,ddim5_cfg2.0_tts16,4,60.383102166648925,3.8374038890356923,3.760655811254978,2.4113633956792597,2.442090178679912,2.393248375106314,0.3209921307861805,0.18478040225312886,0.18108479420806628,0.17451677843928337,0.014782775615561447,0.014487120103250218,9.247052669525146,0.14591067825023976,0.14299246468523497,10.555509328842163,0.17457736747377328,0.17108582012429782,10.505202293395996,0.18187425963790765,0.1782367744451495,0.842130109667778,0.2093600749531865,0.20517287345412277,0.03971500042825937,0.0028307427393844268,0.0027741278845967382,10.60402250289917,0.22003569085970237,0.2156349770425083
go_stanford,short,ddim5_cfg2.0_tts32,4,117.52647966667004,7.529065788984344,7.378484473204657,3.064869899997671,4.667437699319241,4.574088945332856,0.3351535815745592,0.17744972733421596,0.17390073278753165,0.14500200375914574,0.01353743016235035,0.013266681559103342,9.306199073791504,0.11547548851523896,0.11316597874493418,10.624211311340332,0.1430777130891126,0.14021615882733035,10.592721462249756,0.1507914338241869,0.14777560514770316,0.6617178693413734,0.171828702618817,0.16839212856644065,0.03983588237315416,0.00782443470851816,0.007667946014347797,10.754713773727417,0.18777416473319586,0.18401868143853195
go_stanford,short,ddim5_cfg2.0_tts8,4,29.9316805833314,1.8654016445129695,1.82809361162271,1.0134707990720813,0.7285687662871562,0.713997390961413,0.25399577990174294,0.15965141582853565,0.15645838751196492,0.2222146987915039,0.050001824571018,0.04900178807959764,9.136848211288452,0.11469592107969626,0.11240200265810232,10.426492929458618,0.13994995393230467,0.13715095485365858,10.368773460388184,0.1507866003129731,0.14777086830671365,0.9230596125125885,0.29319217811569964,0.28732833455338563,0.0460088886320591,0.005198005432732869,0.0050940453240782115,10.438206434249878,0.22379297086037692,0.21931711144316937
go_stanford,short,ddpm10_cfg0.0_tts0,4,37.03561475000091,13.220043651191341,12.955642778167514,9.5363341291262,18.350936455223408,17.98391772611894,0.0,0.0,0.0,0.5661220923066139,0.0876339788074862,0.08588129923133647,8.30439805984497,0.22998065655609676,0.2253810434249748,9.450848817825317,0.26044547223083747,0.2552365627862207,9.26492714881897,0.2709067011671818,0.26548856714383817,1.4233234524726868,0.2557246967522362,0.2506102028171915,0.06778928078711033,0.011291046480909468,0.011065225551291278,9.155085802078247,0.2852426609551062,0.27953780773600406
