trial_id,trial_path,timing_path,config_id,config_source,timestamp,timestamp_clock_valid,label,camera_status,tick,camera_ms,ui_ms,preprocess_ms,infer_ms,command_ms,total_ms,infer_fps,loop_fps
0428下午基线，后方走廊，失败,history-doc/毕设冲刺/video/0428下午基线，后方走廊，失败,history-doc/毕设冲刺/video/0428下午基线，后方走廊，失败/logs/timing_profile.csv,unknown,not_encoded_in_log,2026-04-28T15:29:08.035,True,navigate,"camera_fps=24.1, frame_age=0.039s, frames=415",5.0,0.8100719999220019,0.20483899993450905,2.1603850000246894,332.6458779999939,0.6915090000347845,336.52004299983673,3.0061998844309095,2.971591204748792
0428下午基线，后方走廊，失败,history-doc/毕设冲刺/video/0428下午基线，后方走廊，失败,history-doc/毕设冲刺/video/0428下午基线，后方走廊，失败/logs/timing_profile.csv,unknown,not_encoded_in_log,2026-04-28T15:29:09.636,True,navigate,"camera_fps=25.0, frame_age=0.039s, frames=454",10.0,0.7926319999569387,0.17677300002105767,2.0369260000734357,320.97845399994185,0.6634439998833841,324.6572529999412,3.1154739127760305,3.0801714446840993
0428下午基线，后方走廊，失败,history-doc/毕设冲刺/video/0428下午基线，后方走廊，失败,history-doc/毕设冲刺/video/0428下午基线，后方走廊，失败/logs/timing_profile.csv,unknown,not_encoded_in_log,2026-04-28T15:29:11.295,True,navigate,"camera_fps=23.1, frame_age=0.022s, frames=493",15.0,0.7983919999787759,0.18080500012729317,1.971387999901708,320.3275860000758,0.6746120000116207,323.9609110000856,3.121804189539153,3.0867921593162073
0428下午基线，后方走廊，失败,history-doc/毕设冲刺/video/0428下午基线，后方走廊，失败,history-doc/毕设冲刺/video/0428下午基线，后方走廊，失败/logs/timing_profile.csv,unknown,not_encoded_in_log,2026-04-28T15:29:12.979,True,navigate,"camera_fps=24.1, frame_age=0.029s, frames=534",20.0,0.7718640001712629,0.17555699992044538,2.1123520000401186,328.2651370000167,0.6737169999269099,332.00630700002876,3.0463180133562253,3.011990974014579
0428下午基线，后方走廊，失败,history-doc/毕设冲刺/video/0428下午基线，后方走廊，失败,history-doc/毕设冲刺/video/0428下午基线，后方走廊，失败/logs/timing_profile.csv,unknown,not_encoded_in_log,2026-04-28T15:29:14.679,True,navigate,"camera_fps=25.0, frame_age=0.006s, frames=577",25.0,0.8572099998218619,0.2033020000453689,2.066878000050565,346.20986999993875,0.7230620001337229,350.0684509999701,2.8884214075126655,2.856584182731981
0428下午基线，后方走廊，失败,history-doc/毕设冲刺/video/0428下午基线，后方走廊，失败,history-doc/毕设冲刺/video/0428下午基线，后方走廊，失败/logs/timing_profile.csv,unknown,not_encoded_in_log,2026-04-28T15:29:16.339,True,navigate,"camera_fps=25.1, frame_age=0.028s, frames=618",30.0,2.659184999856734,0.43956500007880095,3.527210000129344,324.2969859998084,0.6503550000616087,331.5953819999322,3.083593259175683,3.01572354225429
0428下午基线，后方走廊，失败,history-doc/毕设冲刺/video/0428下午基线，后方走廊，失败,history-doc/毕设冲刺/video/0428下午基线，后方走廊，失败/logs/timing_profile.csv,unknown,not_encoded_in_log,2026-04-28T15:29:18.063,True,navigate,"camera_fps=22.0, frame_age=0.032s, frames=655",35.0,0.8341689999724622,0.19549400008145312,2.02812499992433,333.9958710000701,0.6648519999998825,337.7257429999645,2.9940489893055897,2.9609824561111564
0428下午基线，后方走廊，失败,history-doc/毕设冲刺/video/0428下午基线，后方走廊，失败,history-doc/毕设冲刺/video/0428下午基线，后方走廊，失败/logs/timing_profile.csv,unknown,not_encoded_in_log,2026-04-28T15:29:20.052,True,navigate,"camera_fps=21.2, frame_age=0.022s, frames=699",40.0,0.834296999983053,0.6677960000160965,2.613646999861885,326.7901490000895,0.650515999950585,331.564372999992,3.060067762323295,3.0160055827229186
0428下午基线，后方走廊，失败,history-doc/毕设冲刺/video/0428下午基线，后方走廊，失败,history-doc/毕设冲刺/video/0428下午基线，后方走廊，失败/logs/timing_profile.csv,unknown,not_encoded_in_log,2026-04-28T15:29:21.706,True,navigate,"camera_fps=25.0, frame_age=0.035s, frames=740",45.0,1.0963529998662125,0.2431440000236762,2.27257999995345,328.25428899991493,0.7527899999786314,332.62946099989676,3.046418686703768,3.0063482560864037
0428下午基线，后方走廊，失败,history-doc/毕设冲刺/video/0428下午基线，后方走廊，失败,history-doc/毕设冲刺/video/0428下午基线，后方走廊，失败/logs/timing_profile.csv,unknown,not_encoded_in_log,2026-04-28T15:29:23.447,True,navigate,"camera_fps=22.9, frame_age=0.016s, frames=780",50.0,0.8081850000962731,0.24775099996077188,2.1832979998634983,342.4561259998882,0.6922130000930338,346.39518900007715,2.9200820895822623,2.886876122288688
0428下午基线，后方走廊，失败,history-doc/毕设冲刺/video/0428下午基线，后方走廊，失败,history-doc/毕设冲刺/video/0428下午基线，后方走廊，失败/logs/timing_profile.csv,unknown,not_encoded_in_log,2026-04-28T15:29:25.150,True,navigate,"camera_fps=24.1, frame_age=0.001s, frames=823",55.0,0.9638369999720453,0.22301400008473138,2.576365999857444,326.07572799997797,0.6607239999993908,330.5076369999824,3.066772268312064,3.0256486932556212
0428下午基线，后方走廊，失败,history-doc/毕设冲刺/video/0428下午基线，后方走廊，失败,history-doc/毕设冲刺/video/0428下午基线，后方走廊，失败/logs/timing_profile.csv,unknown,not_encoded_in_log,2026-04-28T15:29:26.800,True,navigate,"camera_fps=25.0, frame_age=0.010s, frames=864",60.0,0.7949679998091597,0.22064700010560045,2.041757999904803,314.04374799990364,0.8698500000718923,317.97906699989653,3.1842697279243617,3.144861104961747
0428下午基线，后方走廊，失败,history-doc/毕设冲刺/video/0428下午基线，后方走廊，失败,history-doc/毕设冲刺/video/0428下午基线，后方走廊，失败/logs/timing_profile.csv,unknown,not_encoded_in_log,2026-04-28T15:29:28.534,True,navigate,"camera_fps=25.0, frame_age=0.027s, frames=907",65.0,0.8630980000816635,0.21530300000449643,2.2421149999445333,328.1537740001568,0.6893319998653169,332.1735429999535,3.0473518186614617,3.010474557873322
0428下午基线，后方走廊，失败,history-doc/毕设冲刺/video/0428下午基线，后方走廊，失败,history-doc/毕设冲刺/video/0428下午基线，后方走廊，失败/logs/timing_profile.csv,unknown,not_encoded_in_log,2026-04-28T15:29:30.546,True,navigate,"camera_fps=20.0, frame_age=0.038s, frames=952",70.0,0.8494660000906151,0.21287000004122092,2.048061999857964,337.8744839999399,0.6884680001348897,341.68131800015544,2.959678955810637,2.926703765523244
0428下午基线，后方走廊，失败,history-doc/毕设冲刺/video/0428下午基线，后方走廊，失败,history-doc/毕设冲刺/video/0428下午基线，后方走廊，失败/logs/timing_profile.csv,unknown,not_encoded_in_log,2026-04-28T15:29:32.604,True,navigate,"camera_fps=22.1, frame_age=0.014s, frames=1001",75.0,0.9345240000584454,0.20333399993432977,2.209123000056934,330.463699999882,0.6708360001539404,334.4906690001608,3.0260509701984124,2.989620018367446
0428下午基线，后方走廊，失败,history-doc/毕设冲刺/video/0428下午基线，后方走廊，失败,history-doc/毕设冲刺/video/0428下午基线，后方走廊，失败/logs/timing_profile.csv,unknown,not_encoded_in_log,2026-04-28T15:29:34.324,True,navigate,"camera_fps=23.1, frame_age=0.017s, frames=1039",80.0,0.8180720001291775,0.21267900001475937,2.026428999897689,337.12466899987703,0.658707999946273,340.8482049999293,2.966261718451594,2.9338573163388304
0428下午基线，后方走廊，失败,history-doc/毕设冲刺/video/0428下午基线，后方走廊，失败,history-doc/毕设冲刺/video/0428下午基线，后方走廊，失败/logs/timing_profile.csv,unknown,not_encoded_in_log,2026-04-28T15:29:36.039,True,navigate,"camera_fps=23.1, frame_age=0.050s, frames=1078",85.0,1.0179509999943548,0.2344709998851613,2.2460200000296027,345.28369899999234,0.7061329999942245,349.4974899999761,2.8961691585678424,2.861250877653137
0428下午基线，后方走廊，失败,history-doc/毕设冲刺/video/0428下午基线，后方走廊，失败,history-doc/毕设冲刺/video/0428下午基线，后方走廊，失败/logs/timing_profile.csv,unknown,not_encoded_in_log,2026-04-28T15:29:37.825,True,navigate,"camera_fps=23.1, frame_age=0.041s, frames=1118",90.0,1.6173930000604742,0.2163269998618489,2.922104000163017,338.4585969999989,0.6567240000094898,343.88688900003217,2.9545711317830796,2.9079329046473372
0428下午基线，后方走廊，失败,history-doc/毕设冲刺/video/0428下午基线，后方走廊，失败,history-doc/毕设冲刺/video/0428下午基线，后方走廊，失败/logs/timing_profile.csv,unknown,not_encoded_in_log,2026-04-28T15:29:39.591,True,navigate,"camera_fps=25.0, frame_age=0.007s, frames=1163",95.0,0.9591969999291905,0.19475800013424305,2.141728999959014,345.9239420001268,0.6892689998494461,349.91795099995215,2.890808870348828,2.85781280195064
0428下午基线，后方走廊，失败,history-doc/毕设冲刺/video/0428下午基线，后方走廊，失败,history-doc/毕设冲刺/video/0428下午基线，后方走廊，失败/logs/timing_profile.csv,unknown,not_encoded_in_log,2026-04-28T15:29:41.390,True,navigate,"camera_fps=25.0, frame_age=0.004s, frames=1208",100.0,0.9077720001187117,0.25495199997749296,2.344741999877442,340.4864340000131,0.6512200000088342,344.65702500006046,2.936974575615431,2.9014351296040597
0428下午基线，后方走廊，失败,history-doc/毕设冲刺/video/0428下午基线，后方走廊，失败,history-doc/毕设冲刺/video/0428下午基线，后方走廊，失败/logs/timing_profile.csv,unknown,not_encoded_in_log,2026-04-28T15:29:43.211,True,navigate,"camera_fps=25.0, frame_age=0.026s, frames=1253",105.0,0.9855020000486547,0.2666639998096798,2.4694820001514017,354.11682999983896,0.6678600000213919,358.5175379998873,2.823926781453609,2.789263826754033
0428下午基线，后方走廊，失败,history-doc/毕设冲刺/video/0428下午基线，后方走廊，失败,history-doc/毕设冲刺/video/0428下午基线，后方走廊，失败/logs/timing_profile.csv,unknown,not_encoded_in_log,2026-04-28T15:29:44.944,True,navigate,"camera_fps=23.8, frame_age=0.000s, frames=1295",110.0,0.8054639999954816,0.19347800002833537,2.037245000110488,339.83531099988795,0.7542309999735153,343.6337289999756,2.9426018063212087,2.9100752213996754
0428下午基线，后方走廊，失败,history-doc/毕设冲刺/video/0428下午基线，后方走廊，失败,history-doc/毕设冲刺/video/0428下午基线，后方走廊，失败/logs/timing_profile.csv,unknown,not_encoded_in_log,2026-04-28T15:29:46.738,True,navigate,"camera_fps=21.4, frame_age=0.034s, frames=1333",115.0,0.8293369999137212,0.2072380000299745,2.2096029999829625,354.9426780000431,0.6695889999264182,358.87063699988175,2.8173563281671035,2.7865194220398966
0428下午基线，后方走廊，失败,history-doc/毕设冲刺/video/0428下午基线，后方走廊，失败,history-doc/毕设冲刺/video/0428下午基线，后方走廊，失败/logs/timing_profile.csv,unknown,not_encoded_in_log,2026-04-28T15:29:48.531,True,navigate,"camera_fps=21.0, frame_age=0.027s, frames=1371",120.0,0.8054329998685716,0.23232700004882645,2.44439300013255,359.06856299993706,0.6544830000621005,363.21681599997646,2.784983435044341,2.753176493899073
0428下午基线，后方走廊，失败,history-doc/毕设冲刺/video/0428下午基线，后方走廊，失败,history-doc/毕设冲刺/video/0428下午基线，后方走廊，失败/logs/timing_profile.csv,unknown,not_encoded_in_log,2026-04-28T15:29:50.290,True,navigate,"camera_fps=24.0, frame_age=0.031s, frames=1414",125.0,0.86780199990244,0.22746300010112463,2.2886770000241086,351.67857999999796,0.6423229999654723,355.71834899997157,2.84350556692991,2.8112128677401453
0428下午基线，后方走廊，失败,history-doc/毕设冲刺/video/0428下午基线，后方走廊，失败,history-doc/毕设冲刺/video/0428下午基线，后方走廊，失败/logs/timing_profile.csv,unknown,not_encoded_in_log,2026-04-28T15:29:52.087,True,navigate,"camera_fps=25.0, frame_age=0.027s, frames=1459",130.0,0.8816259999093745,0.25117600011981267,2.7571069999794418,350.42167799997515,0.6578120000995114,354.981399000053,2.8537047299912506,2.817049013883262
0428下午基线，后方走廊，失败,history-doc/毕设冲刺/video/0428下午基线，后方走廊，失败,history-doc/毕设冲刺/video/0428下午基线，后方走廊，失败/logs/timing_profile.csv,unknown,not_encoded_in_log,2026-04-28T15:29:53.882,True,navigate,"camera_fps=25.0, frame_age=0.022s, frames=1504",135.0,0.9103949998916505,0.21335100018404773,2.2904049999397103,338.2460790001005,0.6929490000402438,342.3697870000524,2.95642747125445,2.9208184774781163
0428下午基线，后方走廊，失败,history-doc/毕设冲刺/video/0428下午基线，后方走廊，失败,history-doc/毕设冲刺/video/0428下午基线，后方走廊，失败/logs/timing_profile.csv,unknown,not_encoded_in_log,2026-04-28T15:29:55.665,True,navigate,"camera_fps=25.0, frame_age=0.005s, frames=1549",140.0,0.7775269998546719,0.21373500021582004,2.0964469999853463,352.90293699995345,0.7958959999996296,356.7937739999252,2.8336403445691127,2.802739489507487
0428下午基线，后方走廊，失败,history-doc/毕设冲刺/video/0428下午基线，后方走廊，失败,history-doc/毕设冲刺/video/0428下午基线，后方走廊，失败/logs/timing_profile.csv,unknown,not_encoded_in_log,2026-04-28T15:29:57.501,True,navigate,"camera_fps=22.1, frame_age=0.001s, frames=1590",145.0,0.9361879999687517,0.22307900007945136,3.031323999948654,351.1569639999834,0.6308029999217979,355.9925659999408,2.84772937039075,2.8090474226368154
0428下午基线，后方走廊，失败,history-doc/毕设冲刺/video/0428下午基线，后方走廊，失败,history-doc/毕设冲刺/video/0428下午基线，后方走廊，失败/logs/timing_profile.csv,unknown,not_encoded_in_log,2026-04-28T15:29:59.264,True,navigate,"camera_fps=23.9, frame_age=0.004s, frames=1632",150.0,0.7503899998937413,0.1685170000200742,2.034174000073108,346.90179600011106,0.6573000000571483,350.520017000008,2.882660198160749,2.8529041181690262
0428下午基线，后方走廊，失败,history-doc/毕设冲刺/video/0428下午基线，后方走廊，失败,history-doc/毕设冲刺/video/0428下午基线，后方走廊，失败/logs/timing_profile.csv,unknown,not_encoded_in_log,2026-04-28T15:30:01.075,True,navigate,"camera_fps=23.1, frame_age=0.015s, frames=1675",155.0,0.8053999999901862,0.21613500007333641,2.048798000032548,348.46293099985814,1.1696030001075997,352.71189100012634,2.8697457061807445,2.835175182680875
0428下午基线，后方走廊，失败,history-doc/毕设冲刺/video/0428下午基线，后方走廊，失败,history-doc/毕设冲刺/video/0428下午基线，后方走廊，失败/logs/timing_profile.csv,unknown,not_encoded_in_log,2026-04-28T15:30:02.866,True,navigate,"camera_fps=23.1, frame_age=0.005s, frames=1717",160.0,0.7568549999632523,0.20986200001971156,2.023068999960742,350.98479900011625,0.6203069999628497,354.6035639999445,2.84912623808437,2.82005061855542
0428下午基线，后方走廊，失败,history-doc/毕设冲刺/video/0428下午基线，后方走廊，失败,history-doc/毕设冲刺/video/0428下午基线，后方走廊，失败/logs/timing_profile.csv,unknown,not_encoded_in_log,2026-04-28T15:30:04.627,True,navigate,"camera_fps=25.0, frame_age=0.008s, frames=1760",165.0,1.2684540001828282,0.299689000030412,3.871828999990612,336.0783329999322,0.6442430001243338,342.175349000172,2.975496786935687,2.9224782057561294
0428下午基线，后方走廊，失败,history-doc/毕设冲刺/video/0428下午基线，后方走廊，失败,history-doc/毕设冲刺/video/0428下午基线，后方走廊，失败/logs/timing_profile.csv,unknown,not_encoded_in_log,2026-04-28T15:30:06.392,True,navigate,"camera_fps=24.9, frame_age=0.014s, frames=1804",170.0,0.7605990001593455,0.2594000000044616,2.2807399998328037,362.41900000004534,0.6829639999068604,366.4100319999761,2.7592372364580084,2.7291829171316606
0428下午基线，后方走廊，失败,history-doc/毕设冲刺/video/0428下午基线，后方走廊，失败,history-doc/毕设冲刺/video/0428下午基线，后方走廊，失败/logs/timing_profile.csv,unknown,not_encoded_in_log,2026-04-28T15:30:08.216,True,navigate,"camera_fps=23.9, frame_age=0.038s, frames=1847",175.0,0.7582629998523771,0.20215000017742568,2.1143039998605673,347.23082999994404,0.663763999909861,350.9766709998985,2.8799286054183644,2.8491922188192653
0428下午基线，后方走廊，失败,history-doc/毕设冲刺/video/0428下午基线，后方走廊，失败,history-doc/毕设冲刺/video/0428下午基线，后方走廊，失败/logs/timing_profile.csv,unknown,not_encoded_in_log,2026-04-28T15:30:10.005,True,navigate,"camera_fps=24.0, frame_age=0.026s, frames=1890",180.0,0.7750639999812847,0.18237300014334323,3.55505099992115,369.5014859999901,0.6515400000353111,374.6887790000528,2.7063490618817885,2.6688816320273605
0428下午基线，后方走廊，失败,history-doc/毕设冲刺/video/0428下午基线，后方走廊，失败,history-doc/毕设冲刺/video/0428下午基线，后方走廊，失败/logs/timing_profile.csv,unknown,not_encoded_in_log,2026-04-28T15:30:11.797,True,navigate,"camera_fps=19.2, frame_age=0.020s, frames=1926",185.0,0.8906509999633272,0.23386299994854198,2.273635999927137,355.2926729998944,0.6372350001129234,359.34079499998006,2.814580980678701,2.7828735671385587
0428下午基线，后方走廊，失败,history-doc/毕设冲刺/video/0428下午基线，后方走廊，失败,history-doc/毕设冲刺/video/0428下午基线，后方走廊，失败/logs/timing_profile.csv,unknown,not_encoded_in_log,2026-04-28T15:30:13.507,True,navigate,"camera_fps=25.0, frame_age=0.048s, frames=1966",190.0,0.8015920000161714,0.18518899992159277,2.0187810000606987,339.096599999948,0.8679300001404044,342.9782210000667,2.9490121693940705,2.9156370252436687
0428下午基线，后方走廊，失败,history-doc/毕设冲刺/video/0428下午基线，后方走廊，失败,history-doc/毕设冲刺/video/0428下午基线，后方走廊，失败/logs/timing_profile.csv,unknown,not_encoded_in_log,2026-04-28T15:30:15.241,True,navigate,"camera_fps=24.0, frame_age=0.023s, frames=2009",195.0,0.7515429999784828,0.2819290000388719,2.0126040001287038,338.7830540000323,0.8607299998857343,342.6988530000017,2.9517415000335427,2.9180138516541665
0428下午基线，后方走廊，失败,history-doc/毕设冲刺/video/0428下午基线，后方走廊，失败,history-doc/毕设冲刺/video/0428下午基线，后方走廊，失败/logs/timing_profile.csv,unknown,not_encoded_in_log,2026-04-28T15:30:16.997,True,navigate,"camera_fps=24.1, frame_age=0.024s, frames=2052",200.0,1.2657339998440875,0.23460000011255033,2.2897649998867564,358.9393430002019,0.675443999853087,363.4160859999156,2.785986043328322,2.7516668593481914
0428下午基线，后方走廊，失败,history-doc/毕设冲刺/video/0428下午基线，后方走廊，失败,history-doc/毕设冲刺/video/0428下午基线，后方走廊，失败/logs/timing_profile.csv,unknown,not_encoded_in_log,2026-04-28T15:30:18.759,True,navigate,"camera_fps=25.0, frame_age=0.027s, frames=2096",205.0,1.3609689999611874,0.28551199989124143,2.6412960000925523,329.7645749998992,0.9005710001019906,334.9632909998945,3.032466419415444,2.9854017645184734
0428下午基线，后方走廊，失败,history-doc/毕设冲刺/video/0428下午基线，后方走廊，失败,history-doc/毕设冲刺/video/0428下午基线，后方走廊，失败/logs/timing_profile.csv,unknown,not_encoded_in_log,2026-04-28T15:30:20.608,True,navigate,"camera_fps=25.0, frame_age=0.035s, frames=2142",210.0,0.7694309999806137,0.19242200005464838,1.9927639998513769,360.7489660000738,0.7117329998891364,364.42245199987156,2.7720107172803248,2.744068030145279
0428下午基线，后方走廊，失败,history-doc/毕设冲刺/video/0428下午基线，后方走廊，失败,history-doc/毕设冲刺/video/0428下午基线，后方走廊，失败/logs/timing_profile.csv,unknown,not_encoded_in_log,2026-04-28T15:30:22.363,True,navigate,"camera_fps=25.0, frame_age=0.029s, frames=2186",215.0,0.8260409999820695,0.20439000013539044,1.9999009998628026,356.1288580001474,0.6633159998727933,359.8290659999748,2.8079723884650374,2.7790973395130623
0428下午基线，后方走廊，失败,history-doc/毕设冲刺/video/0428下午基线，后方走廊，失败,history-doc/毕设冲刺/video/0428下午基线，后方走廊，失败/logs/timing_profile.csv,unknown,not_encoded_in_log,2026-04-28T15:30:24.046,True,navigate,"camera_fps=23.1, frame_age=0.033s, frames=2226",220.0,0.7720870000866853,0.184069999932035,2.0582060001288482,305.60083799991844,0.6815560000177356,309.3041490001269,3.2722423359332113,3.233063647004585
0428下午基线，后方走廊，失败,history-doc/毕设冲刺/video/0428下午基线，后方走廊，失败,history-doc/毕设冲刺/video/0428下午基线，后方走廊，失败/logs/timing_profile.csv,unknown,not_encoded_in_log,2026-04-28T15:30:25.701,True,navigate,"camera_fps=19.0, frame_age=0.046s, frames=2261",225.0,0.742325999908644,0.2728409999690484,2.0844779999151797,330.71359500013386,0.7102289998783817,334.5309899998483,3.023764414642813,2.989259679650168
0428下午基线，后方走廊，失败,history-doc/毕设冲刺/video/0428下午基线，后方走廊，失败,history-doc/毕设冲刺/video/0428下午基线，后方走廊，失败/logs/timing_profile.csv,unknown,not_encoded_in_log,2026-04-28T15:30:27.385,True,navigate,"camera_fps=23.1, frame_age=0.010s, frames=2301",230.0,0.9558039998864842,0.22762300000067626,2.901528000165854,335.5553740000232,0.6783240000913793,340.3335650000372,2.9801340627610715,2.9382937883305478
0428下午基线，后方走廊，失败,history-doc/毕设冲刺/video/0428下午基线，后方走廊，失败,history-doc/毕设冲刺/video/0428下午基线，后方走廊，失败/logs/timing_profile.csv,unknown,not_encoded_in_log,2026-04-28T15:30:29.068,True,navigate,"camera_fps=21.0, frame_age=0.016s, frames=2334",235.0,1.2525499998901068,0.21594300005745026,2.017308999938905,322.72880999994413,0.6721489999108599,326.8947929998376,3.09857678959673,3.0590881880473906
0428下午基线，后方走廊，失败,history-doc/毕设冲刺/video/0428下午基线，后方走廊，失败,history-doc/毕设冲刺/video/0428下午基线，后方走廊，失败/logs/timing_profile.csv,unknown,not_encoded_in_log,2026-04-28T15:30:30.735,True,navigate,"camera_fps=24.1, frame_age=0.006s, frames=2376",240.0,0.7685030000175175,0.23658400004933355,2.4109519999910844,335.1297279998562,0.7089820001056069,339.2689900001642,2.9839191108716836,2.9475137117586727
0428下午基线，后方走廊，失败,history-doc/毕设冲刺/video/0428下午基线，后方走廊，失败,history-doc/毕设冲刺/video/0428下午基线，后方走廊，失败/logs/timing_profile.csv,unknown,not_encoded_in_log,2026-04-28T15:30:32.422,True,navigate,"camera_fps=25.0, frame_age=0.013s, frames=2418",245.0,0.7692070000757667,0.20954299998265924,2.1797130000322795,335.96722499987663,0.6781009999485832,339.81198199990104,2.976480815949732,2.9428038237930387
0428下午基线，后方走廊，失败,history-doc/毕设冲刺/video/0428下午基线，后方走廊，失败,history-doc/毕设冲刺/video/0428下午基线，后方走廊，失败/logs/timing_profile.csv,unknown,not_encoded_in_log,2026-04-28T15:30:34.128,True,navigate,"camera_fps=25.1, frame_age=0.037s, frames=2460",250.0,0.8855949999997392,0.20979800001441617,2.1982099999604543,338.7697420000677,0.644180000108463,342.71715800014135,2.9518574890900386,2.917857996475296
0428下午基线，后方走廊，失败,history-doc/毕设冲刺/video/0428下午基线，后方走廊，失败,history-doc/毕设冲刺/video/0428下午基线，后方走廊，失败/logs/timing_profile.csv,unknown,not_encoded_in_log,2026-04-28T15:30:35.845,True,navigate,"camera_fps=24.0, frame_age=0.036s, frames=2500",255.0,1.0148149999622547,0.1947900000232039,2.0239969999238383,335.85960699997486,0.6741960000908875,339.77521299993896,2.977434556457618,2.9431222812600506
0428下午基线，后方走廊，失败,history-doc/毕设冲刺/video/0428下午基线，后方走廊，失败,history-doc/毕设冲刺/video/0428下午基线，后方走廊，失败/logs/timing_profile.csv,unknown,not_encoded_in_log,2026-04-28T15:30:37.550,True,navigate,"camera_fps=17.4, frame_age=0.021s, frames=2535",260.0,0.9524449999389617,0.243430999944394,2.0523180000964203,331.9717449999189,0.6638600000314909,335.89112799995746,3.0123045562213266,2.9771551453425906
0428下午基线，后方走廊，失败,history-doc/毕设冲刺/video/0428下午基线，后方走廊，失败,history-doc/毕设冲刺/video/0428下午基线，后方走廊，失败/logs/timing_profile.csv,unknown,not_encoded_in_log,2026-04-28T15:30:39.283,True,navigate,"camera_fps=21.0, frame_age=0.031s, frames=2571",265.0,0.9482849998221354,0.21443800005727098,2.149185000007492,338.0844739999702,0.6358910000017204,342.0406569998704,2.957840649021014,2.923629046825211
0428下午基线，后方走廊，失败,history-doc/毕设冲刺/video/0428下午基线，后方走廊，失败,history-doc/毕设冲刺/video/0428下午基线，后方走廊，失败/logs/timing_profile.csv,unknown,not_encoded_in_log,2026-04-28T15:30:41.036,True,navigate,"camera_fps=17.4, frame_age=0.027s, frames=2598",270.0,1.6738100000566192,0.26557599994703196,2.3653840000861237,320.5679449999934,0.6465479998496448,325.5328309999186,3.1194634884658243,3.071886779985795
0428下午基线，后方走廊，失败,history-doc/毕设冲刺/video/0428下午基线，后方走廊，失败,history-doc/毕设冲刺/video/0428下午基线，后方走廊，失败/logs/timing_profile.csv,unknown,not_encoded_in_log,2026-04-28T15:30:42.755,True,navigate,"camera_fps=18.3, frame_age=0.030s, frames=2634",275.0,0.9043790000760055,0.20909399995616695,2.1790420000797894,329.4620380002016,0.6879249999656167,333.4508300001744,3.0352510597879205,2.9989429026146883
0428下午基线，后方走廊，失败,history-doc/毕设冲刺/video/0428下午基线，后方走廊，失败,history-doc/毕设冲刺/video/0428下午基线，后方走廊，失败/logs/timing_profile.csv,unknown,not_encoded_in_log,2026-04-28T15:30:44.500,True,navigate,"camera_fps=25.1, frame_age=0.012s, frames=2678",280.0,0.9204440000303293,0.22570299984181474,2.25261200012028,325.236182000026,0.6941330000245216,329.3386739999278,3.074688658102376,3.0363880070769316
0428下午基线，后方走廊，失败,history-doc/毕设冲刺/video/0428下午基线，后方走廊，失败,history-doc/毕设冲刺/video/0428下午基线，后方走廊，失败/logs/timing_profile.csv,unknown,not_encoded_in_log,2026-04-28T15:30:46.203,True,navigate,"camera_fps=24.1, frame_age=0.037s, frames=2719",285.0,1.3341840001430683,0.262855999835665,2.2842610001134744,322.36736000004385,0.6562109999777022,326.91712800010464,3.1020510265054875,3.0588791909357527
0428下午基线，后方走廊，失败,history-doc/毕设冲刺/video/0428下午基线，后方走廊，失败,history-doc/毕设冲刺/video/0428下午基线，后方走廊，失败/logs/timing_profile.csv,unknown,not_encoded_in_log,2026-04-28T15:30:47.912,True,navigate,"camera_fps=24.9, frame_age=0.026s, frames=2760",290.0,0.8962509998582391,0.19968600008724025,2.0344609999938257,335.90251999999055,0.6474760000401147,339.6890340000027,2.9770541763129024,2.943868950447167
0428下午基线，后方走廊，失败,history-doc/毕设冲刺/video/0428下午基线，后方走廊，失败,history-doc/毕设冲刺/video/0428下午基线，后方走廊，失败/logs/timing_profile.csv,unknown,not_encoded_in_log,2026-04-28T15:30:49.628,True,navigate,"camera_fps=18.0, frame_age=0.020s, frames=2795",295.0,0.9123470001668466,0.20675899986599688,2.108382999949754,340.416801000174,0.6905479999659292,344.34309400012353,2.9375753401768465,2.904080312409696
0428下午基线，后方走廊，失败,history-doc/毕设冲刺/video/0428下午基线，后方走廊，失败,history-doc/毕设冲刺/video/0428下午基线，后方走廊，失败/logs/timing_profile.csv,unknown,not_encoded_in_log,2026-04-28T15:30:51.322,True,navigate,"camera_fps=18.3, frame_age=0.037s, frames=2825",300.0,0.9927020000759512,0.21463000007315713,2.308037999910084,347.12641099986286,0.6972050000513264,351.35069800003293,2.8807949159489197,2.8461591386959655
0428下午基线，后方走廊，失败,history-doc/毕设冲刺/video/0428下午基线，后方走廊，失败,history-doc/毕设冲刺/video/0428下午基线，后方走廊，失败/logs/timing_profile.csv,unknown,not_encoded_in_log,2026-04-28T15:30:53.321,True,navigate,"camera_fps=17.3, frame_age=0.035s, frames=2860",305.0,0.9025550000387739,0.22477499987871852,2.023869000140621,644.4435099999737,0.6459720000293601,648.2481689999986,1.5517263879343604,1.5426190891408476
0428下午基线，后方走廊，失败,history-doc/毕设冲刺/video/0428下午基线，后方走廊，失败,history-doc/毕设冲刺/video/0428下午基线，后方走廊，失败/logs/timing_profile.csv,unknown,not_encoded_in_log,2026-04-28T15:30:54.917,True,navigate,"camera_fps=22.0, frame_age=0.036s, frames=2897",310.0,0.8604740000919264,0.22003799995218287,2.2246429998631356,319.620076000092,0.6703560000005382,323.60435600003257,3.1287146055234407,3.090193260562597
0428下午基线，后方走廊，失败,history-doc/毕设冲刺/video/0428下午基线，后方走廊，失败,history-doc/毕设冲刺/video/0428下午基线，后方走廊，失败/logs/timing_profile.csv,unknown,not_encoded_in_log,2026-04-28T15:30:56.618,True,navigate,"camera_fps=25.0, frame_age=0.016s, frames=2940",315.0,0.7888560000992584,0.19168599988006463,2.687729000172112,321.61181599985866,0.6522440000935603,325.9473400000843,3.1093384952014307,3.067980244906252
0428下午基线，后方走廊，失败,history-doc/毕设冲刺/video/0428下午基线，后方走廊，失败,history-doc/毕设冲刺/video/0428下午基线，后方走廊，失败/logs/timing_profile.csv,unknown,not_encoded_in_log,2026-04-28T15:30:58.316,True,navigate,"camera_fps=25.0, frame_age=0.035s, frames=2982",320.0,0.7486950000838988,0.22320700009004213,2.0463009998366033,365.7794529999592,1.285063000068476,370.0915200001873,2.733887843612997,2.7020343508532534
0428下午基线，后方走廊，失败,history-doc/毕设冲刺/video/0428下午基线，后方走廊，失败,history-doc/毕设冲刺/video/0428下午基线，后方走廊，失败/logs/timing_profile.csv,unknown,not_encoded_in_log,2026-04-28T15:30:59.955,True,navigate,"camera_fps=24.9, frame_age=0.032s, frames=3023",325.0,0.7813039999291505,0.19936600006076333,2.414375999933327,326.4178809999976,0.6905489999553538,330.51131699994585,3.063557660923629,3.0256150048870003
0428下午基线，后方走廊，失败,history-doc/毕设冲刺/video/0428下午基线，后方走廊，失败,history-doc/毕设冲刺/video/0428下午基线，后方走廊，失败/logs/timing_profile.csv,unknown,not_encoded_in_log,2026-04-28T15:31:01.616,True,navigate,"camera_fps=17.3, frame_age=0.014s, frames=3056",330.0,0.7730159998118324,0.18931700014945818,1.9822360000034678,337.1694390000357,0.658739000073183,340.78052299992123,2.9658678525721727,2.9344400061274367
0428下午基线，后方走廊，失败,history-doc/毕设冲刺/video/0428下午基线，后方走廊，失败,history-doc/毕设冲刺/video/0428下午基线，后方走廊，失败/logs/timing_profile.csv,unknown,not_encoded_in_log,2026-04-28T15:31:03.245,True,navigate,"camera_fps=16.9, frame_age=0.003s, frames=3086",335.0,0.8761540000250534,0.20653499996114988,1.9803790000878507,302.5354649998917,0.6420350000553299,306.24824899996383,3.3053976002461662,3.2653247921104622
0428下午基线，后方走廊，失败,history-doc/毕设冲刺/video/0428下午基线，后方走廊，失败,history-doc/毕设冲刺/video/0428下午基线，后方走廊，失败/logs/timing_profile.csv,unknown,not_encoded_in_log,2026-04-28T15:31:04.913,True,navigate,"camera_fps=21.9, frame_age=0.031s, frames=3122",340.0,0.7310619998861512,0.17910900010065234,2.0235169999978098,336.4644570001474,0.6684359998416767,340.07474199984244,2.9720821299099716,2.9405300555971996
0428下午基线，后方走廊，失败,history-doc/毕设冲刺/video/0428下午基线，后方走廊，失败,history-doc/毕设冲刺/video/0428下午基线，后方走廊，失败/logs/timing_profile.csv,unknown,not_encoded_in_log,2026-04-28T15:31:06.568,True,navigate,"camera_fps=23.1, frame_age=0.004s, frames=3162",345.0,0.8257530000719271,0.20160600001872808,2.0483179998791456,331.4388329999929,0.6626760000472132,335.18473900016943,3.0171479634675804,2.9834293857856533
0428下午基线，后方走廊，失败,history-doc/毕设冲刺/video/0428下午基线，后方走廊，失败,history-doc/毕设冲刺/video/0428下午基线，后方走廊，失败/logs/timing_profile.csv,unknown,not_encoded_in_log,2026-04-28T15:31:08.184,True,navigate,"camera_fps=21.2, frame_age=0.026s, frames=3198",350.0,0.7868719999351015,0.20592600003510597,2.702385000020513,314.02557100000195,0.6572039999355184,318.39098299997204,3.1844540456229082,3.140792463962737
0428下午基线，后方走廊，失败,history-doc/毕设冲刺/video/0428下午基线，后方走廊，失败,history-doc/毕设冲刺/video/0428下午基线，后方走廊，失败/logs/timing_profile.csv,unknown,not_encoded_in_log,2026-04-28T15:31:09.806,True,navigate,"camera_fps=25.0, frame_age=0.008s, frames=3239",355.0,0.8048240001699014,0.18275699994774186,2.0888629999262776,300.95013699997253,0.7525989999521698,304.78650899999593,3.3228095855629776,3.280985117356403
0428下午基线，后方走廊，失败,history-doc/毕设冲刺/video/0428下午基线，后方走廊，失败,history-doc/毕设冲刺/video/0428下午基线，后方走廊，失败/logs/timing_profile.csv,unknown,not_encoded_in_log,2026-04-28T15:31:11.429,True,navigate,"camera_fps=25.0, frame_age=0.029s, frames=3279",360.0,0.8532419999482954,0.17888499996843166,2.0140450001235877,320.8004640000581,0.6796049999593379,324.53529700001127,3.1172024738711688,3.081328931687715
0428下午基线，后方走廊，失败,history-doc/毕设冲刺/video/0428下午基线，后方走廊，失败,history-doc/毕设冲刺/video/0428下午基线，后方走廊，失败/logs/timing_profile.csv,unknown,not_encoded_in_log,2026-04-28T15:31:13.075,True,navigate,"camera_fps=25.0, frame_age=0.032s, frames=3320",365.0,0.7820069999979751,0.19319000011819298,2.209442999856037,314.67016800002057,0.6720200001382182,318.5457720001068,3.1779307404823154,3.1392662778762754
0428下午基线，后方走廊，失败,history-doc/毕设冲刺/video/0428下午基线，后方走廊，失败,history-doc/毕设冲刺/video/0428下午基线，后方走廊，失败/logs/timing_profile.csv,unknown,not_encoded_in_log,2026-04-28T15:31:14.704,True,navigate,"camera_fps=22.1, frame_age=0.026s, frames=3352",370.0,0.7922160000362055,0.2087419998133555,2.1176000000195927,334.17277200010176,0.656018999961816,337.95624499998667,2.992464029953031,2.958962927286754
0428下午基线，后方走廊，失败,history-doc/毕设冲刺/video/0428下午基线，后方走廊，失败,history-doc/毕设冲刺/video/0428下午基线，后方走廊，失败/logs/timing_profile.csv,unknown,not_encoded_in_log,2026-04-28T15:31:16.275,True,navigate,"camera_fps=21.2, frame_age=0.037s, frames=3386",375.0,0.7673830000385351,0.21776700009468186,2.0164759998806403,296.02870799999437,0.7021979999990435,299.74190899997666,3.378050753104726,3.3362034803083804
0428下午基线，后方走廊，失败,history-doc/毕设冲刺/video/0428下午基线，后方走廊，失败,history-doc/毕设冲刺/video/0428下午基线，后方走廊，失败/logs/timing_profile.csv,unknown,not_encoded_in_log,2026-04-28T15:31:17.874,True,navigate,"camera_fps=17.3, frame_age=0.034s, frames=3416",380.0,0.898235000022396,0.21456699982991267,2.172705000020869,306.67216599999847,0.6519559999560443,310.61855699999796,3.2608110903680934,3.219382671976055
0428下午基线，后方走廊，失败,history-doc/毕设冲刺/video/0428下午基线，后方走廊，失败,history-doc/毕设冲刺/video/0428下午基线，后方走廊，失败/logs/timing_profile.csv,unknown,not_encoded_in_log,2026-04-28T15:31:19.401,True,navigate,"camera_fps=20.0, frame_age=0.041s, frames=3445",385.0,0.7981680000739289,0.19997399999738263,2.060414999959903,291.4426500001355,1.209572999869124,295.7188119999046,3.4312067914546316,3.381590752502829
0428下午基线，后方走廊，失败,history-doc/毕设冲刺/video/0428下午基线，后方走廊，失败,history-doc/毕设冲刺/video/0428下午基线，后方走廊，失败/logs/timing_profile.csv,unknown,not_encoded_in_log,2026-04-28T15:31:20.976,True,navigate,"camera_fps=24.1, frame_age=0.018s, frames=3484",390.0,0.8392890001687192,0.21779899998364272,2.0439339998574724,316.84082500009936,0.6853959998807113,320.63540300009663,3.156158932485062,3.118807189235116
0428下午基线，后方走廊，失败,history-doc/毕设冲刺/video/0428下午基线，后方走廊，失败,history-doc/毕设冲刺/video/0428下午基线，后方走廊，失败/logs/timing_profile.csv,unknown,not_encoded_in_log,2026-04-28T15:31:22.545,True,navigate,"camera_fps=25.0, frame_age=0.030s, frames=3523",395.0,0.870810000151323,0.21187799984545563,2.0387500001106673,324.1359569999531,0.647028000003047,327.9120070001227,3.08512517171967,3.0495986077131536
0428下午基线，后方走廊，失败,history-doc/毕设冲刺/video/0428下午基线，后方走廊，失败,history-doc/毕设冲刺/video/0428下午基线，后方走廊，失败/logs/timing_profile.csv,unknown,not_encoded_in_log,2026-04-28T15:31:24.009,True,navigate,"camera_fps=25.0, frame_age=0.014s, frames=3560",400.0,1.5912480000679352,0.2973529999508173,2.5045229999705043,291.04858999994576,0.6572679999408138,296.1150789999465,3.4358524121356724,3.377065441507559
0428下午基线，后方走廊，失败,history-doc/毕设冲刺/video/0428下午基线，后方走廊，失败,history-doc/毕设冲刺/video/0428下午基线，后方走廊，失败/logs/timing_profile.csv,unknown,not_encoded_in_log,2026-04-28T15:31:25.564,True,navigate,"camera_fps=25.0, frame_age=0.010s, frames=3599",405.0,0.764600000138671,0.19149299987475388,2.0974080000542017,299.92319400003,0.6511880001198733,303.6357550001867,3.3341869518764193,3.2934197752810275
0428下午基线，后方走廊，失败,history-doc/毕设冲刺/video/0428下午基线，后方走廊，失败,history-doc/毕设冲刺/video/0428下午基线，后方走廊，失败/logs/timing_profile.csv,unknown,not_encoded_in_log,2026-04-28T15:31:27.230,True,navigate,"camera_fps=21.2, frame_age=0.035s, frames=3636",410.0,0.7832880000933073,0.21402199990916415,2.085855000132142,328.2497449999937,0.6638920001478255,332.00457800012373,3.046460858636826,3.0120066597383706
0428下午基线，后方走廊，失败,history-doc/毕设冲刺/video/0428下午基线，后方走廊，失败,history-doc/毕设冲刺/video/0428下午基线，后方走廊，失败/logs/timing_profile.csv,unknown,not_encoded_in_log,2026-04-28T15:31:28.777,True,navigate,"camera_fps=25.0, frame_age=0.021s, frames=3674",415.0,0.7507749999149382,0.24890300005608879,2.0192290000977664,295.30311899998196,0.6611080000311631,298.9919340000142,3.3863509582506683,3.344571830489422
0428下午基线，后方走廊，失败,history-doc/毕设冲刺/video/0428下午基线，后方走廊，失败,history-doc/毕设冲刺/video/0428下午基线，后方走廊，失败/logs/timing_profile.csv,unknown,not_encoded_in_log,2026-04-28T15:31:30.297,True,navigate,"camera_fps=23.0, frame_age=0.023s, frames=3708",420.0,0.767991999964579,0.19171700000697456,2.0492460000696155,315.71794199999204,0.6656840000687225,319.4009660001029,3.1673841330184054,3.130860912924345
0428下午基线，后方走廊，失败,history-doc/毕设冲刺/video/0428下午基线，后方走廊，失败,history-doc/毕设冲刺/video/0428下午基线，后方走廊，失败/logs/timing_profile.csv,unknown,not_encoded_in_log,2026-04-28T15:31:31.803,True,navigate,"camera_fps=24.1, frame_age=0.009s, frames=3745",425.0,0.7828709999557759,0.21805500000482425,2.0140770000125485,309.1338080000696,0.6897809998918092,312.84691199994086,3.2348451515848917,3.1964515603087973
0428下午基线，后方走廊，失败,history-doc/毕设冲刺/video/0428下午基线，后方走廊，失败,history-doc/毕设冲刺/video/0428下午基线，后方走廊，失败/logs/timing_profile.csv,unknown,not_encoded_in_log,2026-04-28T15:31:33.358,True,navigate,"camera_fps=18.0, frame_age=0.003s, frames=3775",430.0,0.7793190000029426,0.21245500010991236,2.226914999937435,334.2545670000163,0.6437310000819707,338.12517900014427,2.9917317479762398,2.95748457111966
0428下午基线，后方走廊，失败,history-doc/毕设冲刺/video/0428下午基线，后方走廊，失败,history-doc/毕设冲刺/video/0428下午基线，后方走廊，失败/logs/timing_profile.csv,unknown,not_encoded_in_log,2026-04-28T15:31:34.904,True,navigate,"camera_fps=21.3, frame_age=0.033s, frames=3810",435.0,0.8341689999724622,0.2067909999823314,2.05993400004445,314.58661300007407,0.6586759998299385,318.3546949999254,3.17877480692341,3.1411504705474322
0428下午基线，后方走廊，失败,history-doc/毕设冲刺/video/0428下午基线，后方走廊，失败,history-doc/毕设冲刺/video/0428下午基线，后方走廊，失败/logs/timing_profile.csv,unknown,not_encoded_in_log,2026-04-28T15:31:36.429,True,navigate,"camera_fps=25.1, frame_age=0.038s, frames=3848",440.0,0.7490139998935774,0.1978939999389695,2.0300780001889507,303.05781699985346,0.6521469999825058,306.69494999983726,3.2997004000741006,3.2605688486247675
0428下午基线，后方走廊，失败,history-doc/毕设冲刺/video/0428下午基线，后方走廊，失败,history-doc/毕设冲刺/video/0428下午基线，后方走廊，失败/logs/timing_profile.csv,unknown,not_encoded_in_log,2026-04-28T15:31:37.955,True,navigate,"camera_fps=24.9, frame_age=0.002s, frames=3887",445.0,0.7872870000937837,0.20224599984430824,2.7145460001065658,287.5977020000846,0.680884000075821,291.99108200009505,3.477079243142582,3.424762130234082
0428下午基线，后方走廊，失败,history-doc/毕设冲刺/video/0428下午基线，后方走廊，失败,history-doc/毕设冲刺/video/0428下午基线，后方走廊，失败/logs/timing_profile.csv,unknown,not_encoded_in_log,2026-04-28T15:31:39.472,True,navigate,"camera_fps=23.1, frame_age=0.078s, frames=3920",450.0,0.785336000035386,0.18054899987873796,1.9895959999303159,296.0860540001704,0.8139449998907367,299.86517699990145,3.3773964916274797,3.334832040201616
0428下午基线，后方走廊，失败,history-doc/毕设冲刺/video/0428下午基线，后方走廊，失败,history-doc/毕设冲刺/video/0428下午基线，后方走廊，失败/logs/timing_profile.csv,unknown,not_encoded_in_log,2026-04-28T15:31:40.972,True,navigate,"camera_fps=18.3, frame_age=0.021s, frames=3950",455.0,0.7832230000985874,0.22928699991098256,2.4633380000977922,304.27154900007736,0.6624519999149925,308.4295619999011,3.286537973354011,3.242231365618321
0428下午基线，后方走廊，失败,history-doc/毕设冲刺/video/0428下午基线，后方走廊，失败,history-doc/毕设冲刺/video/0428下午基线，后方走廊，失败/logs/timing_profile.csv,unknown,not_encoded_in_log,2026-04-28T15:31:42.466,True,navigate,"camera_fps=20.0, frame_age=0.036s, frames=3981",460.0,0.7790309998654266,0.20951000010427379,2.042621999862604,295.3265119999742,0.7030289998510852,299.0679999998065,3.3860827232473034,3.343721160407155
0428下午基线，后方走廊，失败,history-doc/毕设冲刺/video/0428下午基线，后方走廊，失败,history-doc/毕设冲刺/video/0428下午基线，后方走廊，失败/logs/timing_profile.csv,unknown,not_encoded_in_log,2026-04-28T15:31:43.959,True,navigate,"camera_fps=22.9, frame_age=0.008s, frames=4014",465.0,0.7884400001785252,0.21910999998908665,2.192419000039081,286.59085599997525,0.6622599998991063,290.4633250000188,3.489294857335177,3.4427754347297896
0428下午基线，后方走廊，失败,history-doc/毕设冲刺/video/0428下午基线，后方走廊，失败,history-doc/毕设冲刺/video/0428下午基线，后方走廊，失败/logs/timing_profile.csv,unknown,not_encoded_in_log,2026-04-28T15:31:45.457,True,navigate,"camera_fps=21.2, frame_age=0.026s, frames=4045",470.0,0.7926960001896077,0.23421499986397976,2.110944000150994,282.96745099987675,0.6504190000669041,286.7654210001547,3.5339753617119576,3.4871707910677996
0428下午基线，后方走廊，失败,history-doc/毕设冲刺/video/0428下午基线，后方走廊，失败,history-doc/毕设冲刺/video/0428下午基线，后方走廊，失败/logs/timing_profile.csv,unknown,not_encoded_in_log,2026-04-28T15:31:47.007,True,navigate,"camera_fps=17.3, frame_age=0.020s, frames=4076",475.0,0.767191000022649,0.20941399998264387,2.143713000123171,337.69639799993456,0.6385480000972166,341.4650880001773,2.9612397583233734,2.92855707696677
0428下午最优方案，后方走廊。成功,history-doc/毕设冲刺/video/0428下午最优方案，后方走廊。成功,history-doc/毕设冲刺/video/0428下午最优方案，后方走廊。成功/logs/timing_profile.csv,unknown,not_encoded_in_log,2026-04-28T15:24:42.161,True,navigate,"camera_fps=24.0, frame_age=0.012s, frames=239",5.0,0.7663270000648481,0.17040500006260118,2.4132249998274347,163.5897680000653,0.619858999925782,167.56809599996814,6.112851752437235,5.967723115981399
0428下午最优方案，后方走廊。成功,history-doc/毕设冲刺/video/0428下午最优方案，后方走廊。成功,history-doc/毕设冲刺/video/0428下午最优方案，后方走廊。成功/logs/timing_profile.csv,unknown,not_encoded_in_log,2026-04-28T15:24:42.961,True,navigate,"camera_fps=25.0, frame_age=0.013s, frames=259",10.0,1.2746949998927448,0.3919470000255387,3.845460000093226,145.12882700000773,0.6295870000485593,151.28264500003752,6.890429838587111,6.610143549511261
0428下午最优方案，后方走廊。成功,history-doc/毕设冲刺/video/0428下午最优方案，后方走廊。成功,history-doc/毕设冲刺/video/0428下午最优方案，后方走廊。成功/logs/timing_profile.csv,unknown,not_encoded_in_log,2026-04-28T15:24:43.711,True,navigate,"camera_fps=25.1, frame_age=0.007s, frames=278",15.0,0.7776550000926363,0.17766999985724397,2.035645000205477,148.89569299998584,0.6354750000809872,152.5278020001224,6.716110989188217,6.556181803493094
0428下午最优方案，后方走廊。成功,history-doc/毕设冲刺/video/0428下午最优方案，后方走廊。成功,history-doc/毕设冲刺/video/0428下午最优方案，后方走廊。成功/logs/timing_profile.csv,unknown,not_encoded_in_log,2026-04-28T15:24:44.511,True,navigate,"camera_fps=25.1, frame_age=0.007s, frames=298",20.0,0.6699719999687659,0.1623729999664647,1.9146180000007007,144.36653199982175,0.5845620000854979,147.7031449999231,6.926813203500897,6.770336542261985
0428下午最优方案，后方走廊。成功,history-doc/毕设冲刺/video/0428下午最优方案，后方走廊。成功,history-doc/毕设冲刺/video/0428下午最优方案，后方走廊。成功/logs/timing_profile.csv,unknown,not_encoded_in_log,2026-04-28T15:24:45.254,True,navigate,"camera_fps=25.0, frame_age=0.030s, frames=316",25.0,0.7086929999786662,0.1607090000561584,1.9683149998854788,144.72711899998103,0.6121149999671616,148.18264699988504,6.909555077926557,6.748428512015822
0428下午最优方案，后方走廊。成功,history-doc/毕设冲刺/video/0428下午最优方案，后方走廊。成功,history-doc/毕设冲刺/video/0428下午最优方案，后方走廊。成功/logs/timing_profile.csv,unknown,not_encoded_in_log,2026-04-28T15:24:45.933,True,navigate,"camera_fps=25.0, frame_age=0.029s, frames=333",30.0,0.8820420000574813,0.17885399984152173,1.93234600010328,129.32588700005,0.5910579998271714,132.9156909998801,7.732403954048376,7.523566198071393
0428下午最优方案，后方走廊。成功,history-doc/毕设冲刺/video/0428下午最优方案，后方走廊。成功,history-doc/毕设冲刺/video/0428下午最优方案，后方走廊。成功/logs/timing_profile.csv,unknown,not_encoded_in_log,2026-04-28T15:24:46.654,True,navigate,"camera_fps=25.0, frame_age=0.031s, frames=351",35.0,0.6942610000351124,0.17450099994675838,1.9545870000001742,149.6637479999663,0.709621999931187,153.20273499992254,6.681644776129923,6.5272986151357255
0428下午最优方案，后方走廊。成功,history-doc/毕设冲刺/video/0428下午最优方案，后方走廊。成功,history-doc/毕设冲刺/video/0428下午最优方案，后方走廊。成功/logs/timing_profile.csv,unknown,not_encoded_in_log,2026-04-28T15:24:47.356,True,navigate,"camera_fps=25.0, frame_age=0.011s, frames=369",40.0,0.7935919998089958,0.17728600005284534,2.10543899993354,136.01226500009034,0.5752489998940291,139.67103099980704,7.3522781199131995,7.159680807406523
0428下午最优方案，后方走廊。成功,history-doc/毕设冲刺/video/0428下午最优方案，后方走廊。成功,history-doc/毕设冲刺/video/0428下午最优方案，后方走廊。成功/logs/timing_profile.csv,unknown,not_encoded_in_log,2026-04-28T15:24:48.052,True,navigate,"camera_fps=25.0, frame_age=0.026s, frames=386",45.0,0.70859700008441,0.171334000015122,1.9190009998055757,136.43154000010327,0.5787380000583653,139.8150990000886,7.329683444159929,7.152303343141547
0428下午最优方案，后方走廊。成功,history-doc/毕设冲刺/video/0428下午最优方案，后方走廊。成功,history-doc/毕设冲刺/video/0428下午最优方案，后方走廊。成功/logs/timing_profile.csv,unknown,not_encoded_in_log,2026-04-28T15:24:48.761,True,navigate,"camera_fps=25.0, frame_age=0.017s, frames=404",50.0,0.6518919999507489,0.16230899996116932,1.9734350000817358,142.4206179999601,0.6278270000166231,145.84225699991293,7.021455278338142,6.856723288371744
0428下午最优方案，后方走廊。成功,history-doc/毕设冲刺/video/0428下午最优方案，后方走廊。成功,history-doc/毕设冲刺/video/0428下午最优方案，后方走廊。成功/logs/timing_profile.csv,unknown,not_encoded_in_log,2026-04-28T15:24:49.456,True,navigate,"camera_fps=25.0, frame_age=0.032s, frames=421",55.0,0.7031249999727152,0.1616049999029201,1.9411789999139728,131.00017700003264,0.5741289999150467,134.3862309997803,7.633577472187315,7.441238529873159
0428下午最优方案，后方走廊。成功,history-doc/毕设冲刺/video/0428下午最优方案，后方走廊。成功,history-doc/毕设冲刺/video/0428下午最优方案，后方走廊。成功/logs/timing_profile.csv,unknown,not_encoded_in_log,2026-04-28T15:24:50.140,True,navigate,"camera_fps=25.0, frame_age=0.036s, frames=438",60.0,1.350184999864723,0.2271109999583132,3.5514989999683166,128.50806999995257,0.6102590000409691,134.25643599998693,7.781612469943476,7.448432490790217
0428下午最优方案，后方走廊。成功,history-doc/毕设冲刺/video/0428下午最优方案，后方走廊。成功,history-doc/毕设冲刺/video/0428下午最优方案，后方走廊。成功/logs/timing_profile.csv,unknown,not_encoded_in_log,2026-04-28T15:24:50.838,True,navigate,"camera_fps=20.2, frame_age=0.014s, frames=451",65.0,0.7048850000046514,0.39502000004176807,2.317765999805488,143.74065699985294,0.5758250001690612,147.74276200000713,6.956973906144196,6.768521086670572
0428下午最优方案，后方走廊。成功,history-doc/毕设冲刺/video/0428下午最优方案，后方走廊。成功,history-doc/毕设冲刺/video/0428下午最优方案，后方走廊。成功/logs/timing_profile.csv,unknown,not_encoded_in_log,2026-04-28T15:24:51.536,True,navigate,"camera_fps=20.2, frame_age=0.030s, frames=464",70.0,0.6356989999858342,0.16560499989282107,1.989244000014878,135.97709500004385,0.5315690000315954,139.30487599986918,7.354179760934572,7.17849962409743
0428下午最优方案，后方走廊。成功,history-doc/毕设冲刺/video/0428下午最优方案，后方走廊。成功,history-doc/毕设冲刺/video/0428下午最优方案，后方走廊。成功/logs/timing_profile.csv,unknown,not_encoded_in_log,2026-04-28T15:24:52.220,True,navigate,"camera_fps=20.0, frame_age=0.035s, frames=477",75.0,0.6111539998983062,0.16259700009868538,2.895607000027667,134.89370299998882,0.5665450000833516,139.13606999994954,7.413244486290682,7.187208895582308
0428下午最优方案，后方走廊。成功,history-doc/毕设冲刺/video/0428下午最优方案，后方走廊。成功,history-doc/毕设冲刺/video/0428下午最优方案，后方走廊。成功/logs/timing_profile.csv,unknown,not_encoded_in_log,2026-04-28T15:24:52.902,True,navigate,"camera_fps=18.0, frame_age=0.074s, frames=489",80.0,0.7553190000635368,0.17021299981934135,1.914937000037753,129.10632700004498,0.5844019999585726,132.53635099999883,7.745553786838437,7.545099834535272
0428下午最优方案，后方走廊。成功,history-doc/毕设冲刺/video/0428下午最优方案，后方走廊。成功,history-doc/毕设冲刺/video/0428下午最优方案，后方走廊。成功/logs/timing_profile.csv,unknown,not_encoded_in_log,2026-04-28T15:24:53.607,True,navigate,"camera_fps=18.0, frame_age=0.022s, frames=505",85.0,0.6644360000791494,0.16557300000386022,1.920793999943271,131.92458899993653,0.5486239999754616,135.22961600006056,7.58008804560673,7.394829842595665
0428下午最优方案，后方走廊。成功,history-doc/毕设冲刺/video/0428下午最优方案，后方走廊。成功,history-doc/毕设冲刺/video/0428下午最优方案，后方走廊。成功/logs/timing_profile.csv,unknown,not_encoded_in_log,2026-04-28T15:24:54.635,True,navigate,"camera_fps=21.2, frame_age=0.045s, frames=529",90.0,0.9121880000293459,0.1763570001003245,2.370855999970445,154.63513000008788,0.6178749999889988,158.71755800003484,6.466835834777205,6.300500162683831
0428下午最优方案，后方走廊。成功,history-doc/毕设冲刺/video/0428下午最优方案，后方走廊。成功,history-doc/毕设冲刺/video/0428下午最优方案，后方走廊。成功/logs/timing_profile.csv,unknown,not_encoded_in_log,2026-04-28T15:24:55.358,True,navigate,"camera_fps=22.1, frame_age=0.011s, frames=545",95.0,0.6682440000531642,0.16506099996149715,1.9801550001830037,142.99701899994943,0.6249780001326144,146.4404180001111,6.993152773348049,6.828715826249836
0428下午最优方案，后方走廊。成功,history-doc/毕设冲刺/video/0428下午最优方案，后方走廊。成功,history-doc/毕设冲刺/video/0428下午最优方案，后方走廊。成功/logs/timing_profile.csv,unknown,not_encoded_in_log,2026-04-28T15:24:56.077,True,navigate,"camera_fps=21.2, frame_age=0.013s, frames=559",100.0,0.7777830001032271,0.1716219999252644,1.9432259998666268,137.6298489999499,0.5490730000019539,141.07673700004852,7.265865706212931,7.088340865153807
0428下午最优方案，后方走廊。成功,history-doc/毕设冲刺/video/0428下午最优方案，后方走廊。成功,history-doc/毕设冲刺/video/0428下午最优方案，后方走廊。成功/logs/timing_profile.csv,unknown,not_encoded_in_log,2026-04-28T15:24:56.790,True,navigate,"camera_fps=21.2, frame_age=0.008s, frames=576",105.0,0.8990350002022751,0.25091899988183286,2.3552709999421495,145.9530760000689,0.5684010000095441,150.0374230001853,6.851517127323359,6.665003837067802
0428下午最优方案，后方走廊。成功,history-doc/毕设冲刺/video/0428下午最优方案，后方走廊。成功,history-doc/毕设冲刺/video/0428下午最优方案，后方走廊。成功/logs/timing_profile.csv,unknown,not_encoded_in_log,2026-04-28T15:24:57.503,True,navigate,"camera_fps=24.1, frame_age=0.003s, frames=594",110.0,1.8479279999610299,0.2455750000081025,2.7864840001257107,139.84812399985458,0.5765299999893614,145.3123209998921,7.150614333596923,6.8817289072186965
0428下午最优方案，后方走廊。成功,history-doc/毕设冲刺/video/0428下午最优方案，后方走廊。成功,history-doc/毕设冲刺/video/0428下午最优方案，后方走廊。成功/logs/timing_profile.csv,unknown,not_encoded_in_log,2026-04-28T15:24:58.214,True,navigate,"camera_fps=25.0, frame_age=0.034s, frames=611",115.0,0.7455259999460395,0.18291800006409176,1.928793999923073,138.94067299997914,0.5677930000729248,142.37127199999122,7.1973165122076965,7.023888920512431
0428下午最优方案，后方走廊。成功,history-doc/毕设冲刺/video/0428下午最优方案，后方走廊。成功,history-doc/毕设冲刺/video/0428下午最优方案，后方走廊。成功/logs/timing_profile.csv,unknown,not_encoded_in_log,2026-04-28T15:24:58.946,True,navigate,"camera_fps=25.0, frame_age=0.006s, frames=630",120.0,0.865913999859913,0.17958900002668088,2.113056000098368,135.4154779999135,0.5639529999825754,139.14285399982873,7.3846802062068475,7.186858478562118
0428下午最优方案，后方走廊。成功,history-doc/毕设冲刺/video/0428下午最优方案，后方走廊。成功,history-doc/毕设冲刺/video/0428下午最优方案，后方走廊。成功/logs/timing_profile.csv,unknown,not_encoded_in_log,2026-04-28T15:24:59.679,True,navigate,"camera_fps=25.0, frame_age=0.018s, frames=648",125.0,0.7996720000846835,0.16355699995074247,2.029277000019647,140.1790780000738,0.5566889999499836,143.73355299994728,7.133732182198214,6.957317753081403
0428下午最优方案，后方走廊。成功,history-doc/毕设冲刺/video/0428下午最优方案，后方走廊。成功,history-doc/毕设冲刺/video/0428下午最优方案，后方走廊。成功/logs/timing_profile.csv,unknown,not_encoded_in_log,2026-04-28T15:25:00.423,True,navigate,"camera_fps=25.0, frame_age=0.003s, frames=667",130.0,0.7659109999167413,0.16256499998235086,1.946715000030963,140.1876219999849,0.5653289999827393,143.63361399978203,7.133297403390634,6.9621585933326
0428下午最优方案，后方走廊。成功,history-doc/毕设冲刺/video/0428下午最优方案，后方走廊。成功,history-doc/毕设冲刺/video/0428下午最优方案，后方走廊。成功/logs/timing_profile.csv,unknown,not_encoded_in_log,2026-04-28T15:25:01.456,True,navigate,"camera_fps=25.0, frame_age=0.035s, frames=692",135.0,0.8560250000755332,0.15398899995489046,2.5816140000642918,145.98046900005102,0.5600489998869307,150.1388980000229,6.850231451165228,6.660499133274893
0428下午最优方案，后方走廊。成功,history-doc/毕设冲刺/video/0428下午最优方案，后方走廊。成功,history-doc/毕设冲刺/video/0428下午最优方案，后方走廊。成功/logs/timing_profile.csv,unknown,not_encoded_in_log,2026-04-28T15:25:02.184,True,navigate,"camera_fps=23.1, frame_age=0.041s, frames=707",140.0,0.744567000083407,0.15517199994974362,2.0284140000512707,142.75739499998963,0.7750639999812847,146.46528399998715,7.004891060109864,6.8275564877209245
0428下午最优方案，后方走廊。成功,history-doc/毕设冲刺/video/0428下午最优方案，后方走廊。成功,history-doc/毕设冲刺/video/0428下午最优方案，后方走廊。成功/logs/timing_profile.csv,unknown,not_encoded_in_log,2026-04-28T15:25:02.913,True,navigate,"camera_fps=23.1, frame_age=0.012s, frames=724",145.0,0.7630630000221572,0.15725299999758136,1.8957690001570882,146.78631700007827,0.5354719999104418,150.14360200007104,6.81262409492478,6.660290459792797
0428下午最优方案，后方走廊。成功,history-doc/毕设冲刺/video/0428下午最优方案，后方走廊。成功,history-doc/毕设冲刺/video/0428下午最优方案，后方走廊。成功/logs/timing_profile.csv,unknown,not_encoded_in_log,2026-04-28T15:25:03.668,True,navigate,"camera_fps=21.2, frame_age=0.008s, frames=742",150.0,1.1208010000700597,0.2288709999902494,2.298374000019976,139.29255500011095,0.5507050000232994,143.50052200006758,7.17913459193281,6.968615765728916
0428下午最优方案，后方走廊。成功,history-doc/毕设冲刺/video/0428下午最优方案，后方走廊。成功,history-doc/毕设冲刺/video/0428下午最优方案，后方走廊。成功/logs/timing_profile.csv,unknown,not_encoded_in_log,2026-04-28T15:25:04.427,True,navigate,"camera_fps=25.0, frame_age=0.004s, frames=759",155.0,0.7521830000314367,0.17411699991498608,1.9215939998957765,147.0786780000708,0.5565609999393928,150.48809299992172,6.79908205320909,6.645044003584524
0428下午最优方案，后方走廊。成功,history-doc/毕设冲刺/video/0428下午最优方案，后方走廊。成功,history-doc/毕设冲刺/video/0428下午最优方案，后方走廊。成功/logs/timing_profile.csv,unknown,not_encoded_in_log,2026-04-28T15:25:05.166,True,navigate,"camera_fps=22.1, frame_age=0.026s, frames=776",160.0,1.1466260000361217,0.2553679998982261,2.11030400009804,141.85176799992405,0.5592489999344252,145.92856299987034,7.049612522281255,6.852668041423039
0428下午最优方案，后方走廊。成功,history-doc/毕设冲刺/video/0428下午最优方案，后方走廊。成功,history-doc/毕设冲刺/video/0428下午最优方案，后方走廊。成功/logs/timing_profile.csv,unknown,not_encoded_in_log,2026-04-28T15:25:05.899,True,navigate,"camera_fps=22.1, frame_age=0.036s, frames=794",165.0,0.7791269999870565,0.16269299999294162,1.9470669999464008,138.6267749999206,0.5680169999777718,142.0885109998835,7.213613676005756,7.037866699868646
0428下午最优方案，后方走廊。成功,history-doc/毕设冲刺/video/0428下午最优方案，后方走廊。成功,history-doc/毕设冲刺/video/0428下午最优方案，后方走廊。成功/logs/timing_profile.csv,unknown,not_encoded_in_log,2026-04-28T15:25:06.953,True,navigate,"camera_fps=24.0, frame_age=0.013s, frames=818",170.0,0.801528000010876,0.18451799996910268,1.9168260000697046,143.25222700017548,0.5709929998829466,146.73197999991316,6.980694268709519,6.815146909355355
0428下午最优方案，后方走廊。成功,history-doc/毕设冲刺/video/0428下午最优方案，后方走廊。成功,history-doc/毕设冲刺/video/0428下午最优方案，后方走廊。成功/logs/timing_profile.csv,unknown,not_encoded_in_log,2026-04-28T15:25:07.702,True,navigate,"camera_fps=23.0, frame_age=0.002s, frames=837",175.0,0.7540070000686683,0.1737649999995483,1.9520589999046933,146.9479219999812,0.5566570000610227,150.39026599993122,6.805131956885569,6.649366522168777
0428下午最优方案，后方走廊。成功,history-doc/毕设冲刺/video/0428下午最优方案，后方走廊。成功,history-doc/毕设冲刺/video/0428下午最优方案，后方走廊。成功/logs/timing_profile.csv,unknown,not_encoded_in_log,2026-04-28T15:25:08.474,True,navigate,"camera_fps=25.0, frame_age=0.050s, frames=854",180.0,0.7606950000536017,0.27636100003292086,2.2086740000304417,164.6391759998096,0.5433450000964513,168.43439500007662,6.073888513637583,5.937029666651785
0428下午最优方案，后方走廊。成功,history-doc/毕设冲刺/video/0428下午最优方案，后方走廊。成功,history-doc/毕设冲刺/video/0428下午最优方案，后方走廊。成功/logs/timing_profile.csv,unknown,not_encoded_in_log,2026-04-28T15:25:09.276,True,navigate,"camera_fps=21.0, frame_age=0.019s, frames=872",185.0,1.638802000115902,0.23968699997567455,2.5430850000702776,156.52206699996896,0.5537449999337696,161.50682600004984,6.388875505970659,6.191688764905153
0428下午最优方案，后方走廊。成功,history-doc/毕设冲刺/video/0428下午最优方案，后方走廊。成功,history-doc/毕设冲刺/video/0428下午最优方案，后方走廊。成功/logs/timing_profile.csv,unknown,not_encoded_in_log,2026-04-28T15:25:10.046,True,navigate,"camera_fps=21.0, frame_age=0.029s, frames=891",190.0,0.7560870001270814,0.16090099984467088,1.925178000192318,151.17211300002964,0.559600999849863,154.57932000003893,6.614976665701589,6.469170649733407
0428下午最优方案，后方走廊。成功,history-doc/毕设冲刺/video/0428下午最优方案，后方走廊。成功,history-doc/毕设冲刺/video/0428下午最优方案，后方走廊。成功/logs/timing_profile.csv,unknown,not_encoded_in_log,2026-04-28T15:25:10.842,True,navigate,"camera_fps=25.1, frame_age=0.025s, frames=911",195.0,0.8055599998897378,0.16294900001412316,1.8987780001680221,151.53042800011463,0.5531369999971503,154.9561960000574,6.59933462340147,6.453436686065975
0428下午最优方案，后方走廊。成功,history-doc/毕设冲刺/video/0428下午最优方案，后方走廊。成功,history-doc/毕设冲刺/video/0428下午最优方案，后方走廊。成功/logs/timing_profile.csv,unknown,not_encoded_in_log,2026-04-28T15:25:11.617,True,navigate,"camera_fps=25.0, frame_age=0.038s, frames=930",200.0,0.7624229999692034,0.17578100005266606,1.9374989999505488,148.0795400000261,0.5815539998366148,151.54194899992035,6.75312740706666,6.5988329079793315
0428下午最优方案，后方走廊。成功,history-doc/毕设冲刺/video/0428下午最优方案，后方走廊。成功,history-doc/毕设冲刺/video/0428下午最优方案，后方走廊。成功/logs/timing_profile.csv,unknown,not_encoded_in_log,2026-04-28T15:25:12.384,True,navigate,"camera_fps=25.0, frame_age=0.006s, frames=950",205.0,0.987165999958961,0.2023740000822727,2.171040999883189,147.40591999998287,0.5944500001078268,151.3674150000952,6.783988051498313,6.606441683630331
0428下午最优方案，后方走廊。成功,history-doc/毕设冲刺/video/0428下午最优方案，后方走廊。成功,history-doc/毕设冲刺/video/0428下午最优方案，后方走廊。成功/logs/timing_profile.csv,unknown,not_encoded_in_log,2026-04-28T15:25:13.168,True,navigate,"camera_fps=25.0, frame_age=0.031s, frames=969",210.0,0.7861349999984668,0.16403700010414468,3.3003240000653022,159.56644700008837,0.5790899999738031,164.4066890000886,6.266981679421904,6.082477580942349
0428下午最优方案，后方走廊。成功,history-doc/毕设冲刺/video/0428下午最优方案，后方走廊。成功,history-doc/毕设冲刺/video/0428下午最优方案，后方走廊。成功/logs/timing_profile.csv,unknown,not_encoded_in_log,2026-04-28T15:25:13.950,True,navigate,"camera_fps=25.0, frame_age=0.013s, frames=989",215.0,0.7633190000433387,0.17334900007881515,1.9530829999894195,152.79849900002773,0.559376999945016,156.25316299997394,6.544566907033678,6.399870446143652
0428下午最优方案，后方走廊。成功,history-doc/毕设冲刺/video/0428下午最优方案，后方走廊。成功,history-doc/毕设冲刺/video/0428下午最优方案，后方走廊。成功/logs/timing_profile.csv,unknown,not_encoded_in_log,2026-04-28T15:25:14.747,True,navigate,"camera_fps=25.0, frame_age=0.010s, frames=1009",220.0,0.7807910001247365,0.16534899987163953,1.9236099999488943,149.6812210000371,0.5523370000446448,153.10884400014402,6.680864795990354,6.531301353167159
0428下午最优方案，后方走廊。成功,history-doc/毕设冲刺/video/0428下午最优方案，后方走廊。成功,history-doc/毕设冲刺/video/0428下午最优方案，后方走廊。成功/logs/timing_profile.csv,unknown,not_encoded_in_log,2026-04-28T15:25:15.564,True,navigate,"camera_fps=24.0, frame_age=0.027s, frames=1028",225.0,0.7656550001229334,0.15952499984450697,1.9738830001188035,155.42347299992798,0.6109630000992183,158.93900400010352,6.4340345811244575,6.2917218230419305
0428下午最优方案，后方走廊。成功,history-doc/毕设冲刺/video/0428下午最优方案，后方走廊。成功,history-doc/毕设冲刺/video/0428下午最优方案，后方走廊。成功/logs/timing_profile.csv,unknown,not_encoded_in_log,2026-04-28T15:25:16.354,True,navigate,"camera_fps=23.1, frame_age=0.017s, frames=1046",230.0,0.9991350000291277,0.17792500011637458,1.96386699985851,148.42735899992476,0.5484329999490001,152.12238300000536,6.737302386418578,6.573654581784751
0428下午最优方案，后方走廊。成功,history-doc/毕设冲刺/video/0428下午最优方案，后方走廊。成功,history-doc/毕设冲刺/video/0428下午最优方案，后方走廊。成功/logs/timing_profile.csv,unknown,not_encoded_in_log,2026-04-28T15:25:17.144,True,navigate,"camera_fps=23.1, frame_age=0.007s, frames=1066",235.0,1.159810999979527,0.18752599999061204,2.331813999944643,158.4640460000628,0.5700649999198504,162.7179659999456,6.310579751318502,6.1456028770685
0428下午最优方案，后方走廊。成功,history-doc/毕设冲刺/video/0428下午最优方案，后方走廊。成功,history-doc/毕设冲刺/video/0428下午最优方案，后方走廊。成功/logs/timing_profile.csv,unknown,not_encoded_in_log,2026-04-28T15:25:17.955,True,navigate,"camera_fps=25.0, frame_age=0.018s, frames=1086",240.0,0.7718310000655038,0.16086899995571002,1.9563789999210712,155.4758600000241,0.5715370000416442,158.9422680001462,6.4318666576267525,6.291592617761564
0428下午最优方案，后方走廊。成功,history-doc/毕设冲刺/video/0428下午最优方案，后方走廊。成功,history-doc/毕设冲刺/video/0428下午最优方案，后方走廊。成功/logs/timing_profile.csv,unknown,not_encoded_in_log,2026-04-28T15:25:18.730,True,navigate,"camera_fps=25.0, frame_age=0.030s, frames=1104",245.0,0.7944240001052094,0.19574999987526098,2.0741430000725813,150.51186899995628,0.5567210000663181,154.1392750000341,6.643994301873233,6.487639182160281
0428下午最优方案，后方走廊。成功,history-doc/毕设冲刺/video/0428下午最优方案，后方走廊。成功,history-doc/毕设冲刺/video/0428下午最优方案，后方走廊。成功/logs/timing_profile.csv,unknown,not_encoded_in_log,2026-04-28T15:25:19.546,True,navigate,"camera_fps=22.0, frame_age=0.006s, frames=1122",250.0,0.9447009999803413,0.18000499994741403,1.8999300000359653,151.42469700003858,0.5497449999438686,155.00394199989387,6.603942552381302,6.451448828318732
0428下午最优方案，后方走廊。成功,history-doc/毕设冲刺/video/0428下午最优方案，后方走廊。成功,history-doc/毕设冲刺/video/0428下午最优方案，后方走廊。成功/logs/timing_profile.csv,unknown,not_encoded_in_log,2026-04-28T15:25:20.354,True,navigate,"camera_fps=22.0, frame_age=0.017s, frames=1141",255.0,0.7942639999782841,0.16976500000964734,1.9017219999568624,156.04634100009207,0.5480479999278032,159.46586799987017,6.408352759770317,6.270934417143198
0428下午最优方案，后方走廊。成功,history-doc/毕设冲刺/video/0428下午最优方案，后方走廊。成功,history-doc/毕设冲刺/video/0428下午最优方案，后方走廊。成功/logs/timing_profile.csv,unknown,not_encoded_in_log,2026-04-28T15:25:21.154,True,navigate,"camera_fps=23.1, frame_age=0.012s, frames=1157",260.0,0.7584549998682633,0.1676849999512342,1.955963000000338,153.53288799997244,0.5523049999283103,156.97280099993804,6.5132624874494605,6.3705303952650665
0428下午最优方案，后方走廊。成功,history-doc/毕设冲刺/video/0428下午最优方案，后方走廊。成功,history-doc/毕设冲刺/video/0428下午最优方案，后方走廊。成功/logs/timing_profile.csv,unknown,not_encoded_in_log,2026-04-28T15:25:21.962,True,navigate,"camera_fps=20.2, frame_age=0.025s, frames=1174",265.0,0.7773679999445449,0.16554100011489936,1.9012410000414093,152.35768499996993,0.5674100000305771,155.7737890000226,6.563502195509188,6.4195652325042625
0428下午最优方案，后方走廊。成功,history-doc/毕设冲刺/video/0428下午最优方案，后方走廊。成功,history-doc/毕设冲刺/video/0428下午最优方案，后方走廊。成功/logs/timing_profile.csv,unknown,not_encoded_in_log,2026-04-28T15:25:22.742,True,navigate,"camera_fps=23.2, frame_age=0.009s, frames=1194",270.0,0.8083440000064002,0.21040599995103548,2.9356089999055257,144.75777600000583,0.5779379998784862,149.29855299988049,6.90809176289058,6.6979885598810895
0428下午最优方案，后方走廊。成功,history-doc/毕设冲刺/video/0428下午最优方案，后方走廊。成功,history-doc/毕设冲刺/video/0428下午最优方案，后方走廊。成功/logs/timing_profile.csv,unknown,not_encoded_in_log,2026-04-28T15:25:23.543,True,navigate,"camera_fps=24.9, frame_age=0.010s, frames=1214",275.0,0.8319290000144974,0.22227899989957223,2.0737580000513844,152.8927740000654,0.5681770001046971,156.5940049999881,6.5405314707650755,6.385940509025719
0428下午最优方案，后方走廊。成功,history-doc/毕设冲刺/video/0428下午最优方案，后方走廊。成功,history-doc/毕设冲刺/video/0428下午最优方案，后方走廊。成功/logs/timing_profile.csv,unknown,not_encoded_in_log,2026-04-28T15:25:24.364,True,navigate,"camera_fps=24.9, frame_age=0.031s, frames=1234",280.0,0.8701699998709955,0.7090460001109022,1.972922999811999,156.938208000156,0.550641000018004,161.04681199999504,6.371934615176732,6.209374700320245
0428下午最优方案，后方走廊。成功,history-doc/毕设冲刺/video/0428下午最优方案，后方走廊。成功,history-doc/毕设冲刺/video/0428下午最优方案，后方走廊。成功/logs/timing_profile.csv,unknown,not_encoded_in_log,2026-04-28T15:25:25.143,True,navigate,"camera_fps=25.0, frame_age=0.010s, frames=1254",285.0,0.8450489999631827,0.22144699983073224,2.1282880002218008,149.0168159998575,0.5597609999767883,152.7776659997926,6.710652038095864,6.545459334359498
0428下午最优方案，后方走廊。成功,history-doc/毕设冲刺/video/0428下午最优方案，后方走廊。成功,history-doc/毕设冲刺/video/0428下午最优方案，后方走廊。成功/logs/timing_profile.csv,unknown,not_encoded_in_log,2026-04-28T15:25:25.960,True,navigate,"camera_fps=25.1, frame_age=0.024s, frames=1274",290.0,2.0180770000024495,0.20637400007217366,2.150945000039428,158.21971900004428,0.5770089999259653,163.17839599992112,6.320324712495035,6.128262224127289
0428下午最优方案，后方走廊。成功,history-doc/毕设冲刺/video/0428下午最优方案，后方走廊。成功,history-doc/毕设冲刺/video/0428下午最优方案，后方走廊。成功/logs/timing_profile.csv,unknown,not_encoded_in_log,2026-04-28T15:25:26.753,True,navigate,"camera_fps=24.9, frame_age=0.020s, frames=1294",295.0,0.7698469999013469,0.17334900007881515,1.9829719999506779,151.70473800003492,0.5865780001386156,155.22247600006267,6.591751933283519,6.442365988283786
0428下午最优方案，后方走廊。成功,history-doc/毕设冲刺/video/0428下午最优方案，后方走廊。成功,history-doc/毕设冲刺/video/0428下午最优方案，后方走廊。成功/logs/timing_profile.csv,unknown,not_encoded_in_log,2026-04-28T15:25:27.528,True,navigate,"camera_fps=24.9, frame_age=0.035s, frames=1313",300.0,1.2243250000665284,0.17690099980427476,1.9373710001673317,149.8830509999607,0.5553120001877687,153.78230400006032,6.67186845562853,6.502698776054284
0428下午最优方案，后方走廊。成功,history-doc/毕设冲刺/video/0428下午最优方案，后方走廊。成功,history-doc/毕设冲刺/video/0428下午最优方案，后方走廊。成功/logs/timing_profile.csv,unknown,not_encoded_in_log,2026-04-28T15:25:28.314,True,navigate,"camera_fps=25.1, frame_age=0.020s, frames=1333",305.0,0.7730789998277032,0.16477300005135476,1.9090499999947497,150.2745820000655,0.5938099998274993,153.72044599985202,6.654485320741496,6.505315499806465
0428下午最优方案，后方走廊。成功,history-doc/毕设冲刺/video/0428下午最优方案，后方走廊。成功,history-doc/毕设冲刺/video/0428下午最优方案，后方走廊。成功/logs/timing_profile.csv,unknown,not_encoded_in_log,2026-04-28T15:25:29.106,True,navigate,"camera_fps=25.0, frame_age=0.012s, frames=1353",310.0,0.7949359999201988,0.21875800007364887,2.2643889999471867,160.3209020001941,0.5462560000069061,164.15314500000022,6.237489856430506,6.091872318376835
0428下午最优方案，后方走廊。成功,history-doc/毕设冲刺/video/0428下午最优方案，后方走廊。成功,history-doc/毕设冲刺/video/0428下午最优方案，后方走廊。成功/logs/timing_profile.csv,unknown,not_encoded_in_log,2026-04-28T15:25:29.898,True,navigate,"camera_fps=23.1, frame_age=0.042s, frames=1370",315.0,0.8548100001917192,0.2580869997927948,2.181826000196452,153.26318500001435,0.5539050000606949,157.1193330000824,6.524724120798523,6.364589136840821
0428下午最优方案，后方走廊。成功,history-doc/毕设冲刺/video/0428下午最优方案，后方走廊。成功,history-doc/毕设冲刺/video/0428下午最优方案，后方走廊。成功/logs/timing_profile.csv,unknown,not_encoded_in_log,2026-04-28T15:25:30.709,True,navigate,"camera_fps=19.9, frame_age=0.052s, frames=1385",320.0,1.3439119998110982,0.19005400008609286,2.106496000124025,154.37953800005744,0.5390559999796096,158.56523200000083,6.477542379998753,6.306552750479341
0428下午最优方案，后方走廊。成功,history-doc/毕设冲刺/video/0428下午最优方案，后方走廊。成功,history-doc/毕设冲刺/video/0428下午最优方案，后方走廊。成功/logs/timing_profile.csv,unknown,not_encoded_in_log,2026-04-28T15:25:31.539,True,navigate,"camera_fps=19.9, frame_age=0.005s, frames=1404",325.0,0.7336550002037256,0.19085299982180004,1.9504589999996824,154.42091600016283,1.209507999874404,158.5110230000737,6.4758066841084245,6.3087095211008455
0428下午最优方案，后方走廊。成功,history-doc/毕设冲刺/video/0428下午最优方案，后方走廊。成功,history-doc/毕设冲刺/video/0428下午最优方案，后方走廊。成功/logs/timing_profile.csv,unknown,not_encoded_in_log,2026-04-28T15:25:32.346,True,navigate,"camera_fps=22.2, frame_age=0.011s, frames=1424",330.0,0.7323109998651489,0.15942799996082613,1.9309070000872453,160.82798899992667,0.6487550001565978,164.3054060000395,6.217823192457228,6.086227010691052
0428下午最优方案，后方走廊。成功,history-doc/毕设冲刺/video/0428下午最优方案，后方走廊。成功,history-doc/毕设冲刺/video/0428下午最优方案，后方走廊。成功/logs/timing_profile.csv,unknown,not_encoded_in_log,2026-04-28T15:25:33.170,True,navigate,"camera_fps=25.0, frame_age=0.036s, frames=1444",335.0,0.7658160000119096,0.17670900001576229,1.927194000018062,167.14600399996016,0.5631849999190308,170.584283999915,5.98279334276061,5.86220475035378
0428下午最优方案，后方走廊。成功,history-doc/毕设冲刺/video/0428下午最优方案，后方走廊。成功,history-doc/毕设冲刺/video/0428下午最优方案，后方走廊。成功/logs/timing_profile.csv,unknown,not_encoded_in_log,2026-04-28T15:25:33.951,True,navigate,"camera_fps=24.9, frame_age=0.017s, frames=1464",340.0,0.7576230000267969,0.16096499984996626,1.9007930000043416,147.32367800002066,0.5587690000083967,150.70646799995302,6.787775146367577,6.635415276272759
0428下午最优方案，后方走廊。成功,history-doc/毕设冲刺/video/0428下午最优方案，后方走廊。成功,history-doc/毕设冲刺/video/0428下午最优方案，后方走廊。成功/logs/timing_profile.csv,unknown,not_encoded_in_log,2026-04-28T15:25:34.730,True,navigate,"camera_fps=24.9, frame_age=0.035s, frames=1483",345.0,1.4759480000066105,0.20765499994013226,2.5465730000178155,150.53884600001766,0.5571689998760121,155.33326299987493,6.642803678725442,6.437771155304999
0428下午最优方案，后方走廊。成功,history-doc/毕设冲刺/video/0428下午最优方案，后方走廊。成功,history-doc/毕设冲刺/video/0428下午最优方案，后方走廊。成功/logs/timing_profile.csv,unknown,not_encoded_in_log,2026-04-28T15:25:35.512,True,navigate,"camera_fps=25.1, frame_age=0.020s, frames=1502",350.0,0.8971470001597481,0.2113349999035563,2.4451609999687207,153.25835199996618,0.5811700000322162,157.40219000008437,6.524929877885028,6.3531517572879
0428下午最优方案，后方走廊。成功,history-doc/毕设冲刺/video/0428下午最优方案，后方走廊。成功,history-doc/毕设冲刺/video/0428下午最优方案，后方走廊。成功/logs/timing_profile.csv,unknown,not_encoded_in_log,2026-04-28T15:25:36.326,True,navigate,"camera_fps=24.1, frame_age=0.036s, frames=1522",355.0,0.8321529999193444,0.2086140000301384,2.217315000052622,147.4534419999145,0.5740330000207905,151.2998289999814,6.781801675410058,6.609392797133451
0428下午最优方案，后方走廊。成功,history-doc/毕设冲刺/video/0428下午最优方案，后方走廊。成功,history-doc/毕设冲刺/video/0428下午最优方案，后方走廊。成功/logs/timing_profile.csv,unknown,not_encoded_in_log,2026-04-28T15:25:37.118,True,navigate,"camera_fps=25.1, frame_age=0.027s, frames=1542",360.0,0.7990640001480642,0.19555799985937483,2.7790599999661936,156.6628400000809,0.5812009999317524,161.0237390000293,6.3831346348597,6.210264438088958
0428下午最优方案，后方走廊。成功,history-doc/毕设冲刺/video/0428下午最优方案，后方走廊。成功,history-doc/毕设冲刺/video/0428下午最优方案，后方走廊。成功/logs/timing_profile.csv,unknown,not_encoded_in_log,2026-04-28T15:25:37.903,True,navigate,"camera_fps=25.0, frame_age=0.013s, frames=1562",365.0,0.7794150001245725,0.1713330000256974,1.984955999887461,151.0988309998993,0.5469919999541162,154.58699999999226,6.618184888542695,6.468849256406102
0428下午最优方案，后方走廊。成功,history-doc/毕设冲刺/video/0428下午最优方案，后方走廊。成功,history-doc/毕设冲刺/video/0428下午最优方案，后方走廊。成功/logs/timing_profile.csv,unknown,not_encoded_in_log,2026-04-28T15:25:38.681,True,navigate,"camera_fps=25.0, frame_age=0.029s, frames=1581",370.0,0.7992559999365767,0.19210200002817146,2.161665000130597,155.1834020001479,0.5537449999337696,158.89669900002446,6.443988127023062,6.293396944639146
0428下午最优方案，后方走廊。成功,history-doc/毕设冲刺/video/0428下午最优方案，后方走廊。成功,history-doc/毕设冲刺/video/0428下午最优方案，后方走廊。成功/logs/timing_profile.csv,unknown,not_encoded_in_log,2026-04-28T15:25:39.487,True,navigate,"camera_fps=24.9, frame_age=0.037s, frames=1601",375.0,1.2661819998811552,0.1945660001183569,2.2376029999122693,150.61612900012733,0.5960179998965032,154.91737799993643,6.63939517393356,6.455053738389571
0428下午最优方案，后方走廊。成功,history-doc/毕设冲刺/video/0428下午最优方案，后方走廊。成功,history-doc/毕设冲刺/video/0428下午最优方案，后方走廊。成功/logs/timing_profile.csv,unknown,not_encoded_in_log,2026-04-28T15:25:40.284,True,navigate,"camera_fps=25.1, frame_age=0.035s, frames=1621",380.0,2.1642250001150387,2.163392999818825,3.305284000134634,148.33772399992995,0.5573290000029374,156.53457899998102,6.741373489055773,6.388364835351307
0428下午最优方案，后方走廊。成功,history-doc/毕设冲刺/video/0428下午最优方案，后方走廊。成功,history-doc/毕设冲刺/video/0428下午最优方案，后方走廊。成功/logs/timing_profile.csv,unknown,not_encoded_in_log,2026-04-28T15:25:41.081,True,navigate,"camera_fps=23.0, frame_age=0.069s, frames=1637",385.0,0.8266489999186888,0.40666799986865954,2.805140000191386,151.1091669999587,0.5463850000069215,155.70424999987154,6.617732198869665,6.422432271442976
0428下午最优方案，后方走廊。成功,history-doc/毕设冲刺/video/0428下午最优方案，后方走廊。成功,history-doc/毕设冲刺/video/0428下午最优方案，后方走廊。成功/logs/timing_profile.csv,unknown,not_encoded_in_log,2026-04-28T15:25:41.863,True,navigate,"camera_fps=22.0, frame_age=0.013s, frames=1656",390.0,0.7657510000171897,0.18736500010163581,1.924057999985962,153.1409409999469,0.580400999979247,156.60430899993116,6.529932449614154,6.385520337122011
0428下午最优方案，后方走廊。成功,history-doc/毕设冲刺/video/0428下午最优方案，后方走廊。成功,history-doc/毕设冲刺/video/0428下午最优方案，后方走廊。成功/logs/timing_profile.csv,unknown,not_encoded_in_log,2026-04-28T15:25:42.663,True,navigate,"camera_fps=22.0, frame_age=0.012s, frames=1675",395.0,0.7790639999711857,0.17251700000997516,1.934938999966107,148.9265739999155,0.601713999913045,152.42002399986632,6.71471835510409,6.560817757126696
0428下午最优方案，后方走廊。成功,history-doc/毕设冲刺/video/0428下午最优方案，后方走廊。成功,history-doc/毕设冲刺/video/0428下午最优方案，后方走廊。成功/logs/timing_profile.csv,unknown,not_encoded_in_log,2026-04-28T15:25:43.471,True,navigate,"camera_fps=24.0, frame_age=0.020s, frames=1694",400.0,0.773112000160836,0.15686799997638445,1.8948739998450037,151.75261100011994,0.6026419998761412,155.18493900003705,6.589672450507027,6.443924303760955
0428下午最优方案，后方走廊。成功,history-doc/毕设冲刺/video/0428下午最优方案，后方走廊。成功,history-doc/毕设冲刺/video/0428下午最优方案，后方走廊。成功/logs/timing_profile.csv,unknown,not_encoded_in_log,2026-04-28T15:25:44.245,True,navigate,"camera_fps=24.0, frame_age=0.033s, frames=1713",405.0,0.8802509998986352,0.1775730002009368,2.091006999989986,150.22030900013306,0.557200000002922,153.931749000094,6.656889515512275,6.496385615675616
0428下午最优方案，后方走廊。成功,history-doc/毕设冲刺/video/0428下午最优方案，后方走廊。成功,history-doc/毕设冲刺/video/0428下午最优方案，后方走廊。成功/logs/timing_profile.csv,unknown,not_encoded_in_log,2026-04-28T15:25:45.040,True,navigate,"camera_fps=24.1, frame_age=0.030s, frames=1732",410.0,0.759573999857821,0.28426500011846656,2.18512199990073,154.72607700007757,0.5731050000576943,158.5339670000394,6.4630346699703285,6.307796486287077
0428下午最优方案，后方走廊。成功,history-doc/毕设冲刺/video/0428下午最优方案，后方走廊。成功,history-doc/毕设冲刺/video/0428下午最优方案，后方走廊。成功/logs/timing_profile.csv,unknown,not_encoded_in_log,2026-04-28T15:25:45.830,True,navigate,"camera_fps=24.1, frame_age=0.057s, frames=1750",415.0,0.8630019999600336,0.16067699993982387,3.1780159999925672,154.10506600005647,0.5648169999403763,158.8819149999381,6.489079340192707,6.2939825467259105
0428下午最优方案，后方走廊。成功,history-doc/毕设冲刺/video/0428下午最优方案，后方走廊。成功,history-doc/毕设冲刺/video/0428下午最优方案，后方走廊。成功/logs/timing_profile.csv,unknown,not_encoded_in_log,2026-04-28T15:25:46.626,True,navigate,"camera_fps=22.0, frame_age=0.052s, frames=1768",420.0,0.7279899998593464,0.1588850000189268,1.9053380001423648,164.00974899988796,3.771602000142593,170.57906800005185,6.097198526903929,5.862384005988918
0428下午最优方案，后方走廊。成功,history-doc/毕设冲刺/video/0428下午最优方案，后方走廊。成功,history-doc/毕设冲刺/video/0428下午最优方案，后方走廊。成功/logs/timing_profile.csv,unknown,not_encoded_in_log,2026-04-28T15:25:47.434,True,navigate,"camera_fps=24.0, frame_age=0.024s, frames=1787",425.0,0.7545180001216067,0.17146200002571277,1.9337859998813656,161.04329200015854,0.6285309998474986,164.5369650000248,6.209510421576675,6.077661636701816
0428下午最优方案，后方走廊。成功,history-doc/毕设冲刺/video/0428下午最优方案，后方走廊。成功,history-doc/毕设冲刺/video/0428下午最优方案，后方走廊。成功/logs/timing_profile.csv,unknown,not_encoded_in_log,2026-04-28T15:25:48.244,True,navigate,"camera_fps=22.2, frame_age=0.036s, frames=1805",430.0,0.8058490000166785,0.1784690000476985,2.3441349999302474,165.3977269997995,0.7095250000475062,169.44111299994802,6.046032301285569,5.901755378579854
0428下午最优方案，后方走廊。成功,history-doc/毕设冲刺/video/0428下午最优方案，后方走廊。成功,history-doc/毕设冲刺/video/0428下午最优方案，后方走廊。成功/logs/timing_profile.csv,unknown,not_encoded_in_log,2026-04-28T15:25:49.043,True,navigate,"camera_fps=25.0, frame_age=0.037s, frames=1825",435.0,0.7685670000228129,0.15968499997143226,1.957851000042865,164.42397000014353,0.9156759999768838,168.23144500017406,6.081838311038999,5.94419194342036
0428下午最优方案，后方走廊。成功,history-doc/毕设冲刺/video/0428下午最优方案，后方走廊。成功,history-doc/毕设冲刺/video/0428下午最优方案，后方走廊。成功/logs/timing_profile.csv,unknown,not_encoded_in_log,2026-04-28T15:25:49.853,True,navigate,"camera_fps=25.0, frame_age=0.007s, frames=1846",440.0,0.841433000005054,0.17286899992541294,2.0980469998903573,153.47531900010836,0.5550890000449726,157.15133399999104,6.515705629510983,6.363293104467424
0428下午最优方案，后方走廊。成功,history-doc/毕设冲刺/video/0428下午最优方案，后方走廊。成功,history-doc/毕设冲刺/video/0428下午最优方案，后方走廊。成功/logs/timing_profile.csv,unknown,not_encoded_in_log,2026-04-28T15:25:50.654,True,navigate,"camera_fps=25.0, frame_age=0.006s, frames=1866",445.0,0.74194300009367,0.17738099995767698,1.9345549999343348,160.82549299994753,1.0572480000519136,164.74145200004386,6.217919692621905,6.070117677484922
0428下午最优方案，后方走廊。成功,history-doc/毕设冲刺/video/0428下午最优方案，后方走廊。成功,history-doc/毕设冲刺/video/0428下午最优方案，后方走廊。成功/logs/timing_profile.csv,unknown,not_encoded_in_log,2026-04-28T15:25:51.466,True,navigate,"camera_fps=25.0, frame_age=0.016s, frames=1886",450.0,0.8255929999450018,0.1711729998987721,2.014876999965054,161.26781000002666,0.6006260000503971,164.8860949999289,6.200865504404349,6.0647927892308395
0428下午最优方案，后方走廊。成功,history-doc/毕设冲刺/video/0428下午最优方案，后方走廊。成功,history-doc/毕设冲刺/video/0428下午最优方案，后方走廊。成功/logs/timing_profile.csv,unknown,not_encoded_in_log,2026-04-28T15:25:52.268,True,navigate,"camera_fps=25.0, frame_age=0.022s, frames=1906",455.0,0.7769189999180526,0.16720500002520566,1.970204000144804,147.6738960000148,0.6136189999779162,151.2070589999439,6.771677507579944,6.613447854973298
0428下午最优方案，后方走廊。成功,history-doc/毕设冲刺/video/0428下午最优方案，后方走廊。成功,history-doc/毕设冲刺/video/0428下午最优方案，后方走廊。成功/logs/timing_profile.csv,unknown,not_encoded_in_log,2026-04-28T15:25:53.054,True,navigate,"camera_fps=25.0, frame_age=0.008s, frames=1926",460.0,0.7547430000158784,0.15338000002884655,1.9010500000149477,150.56569500006844,0.5563369998071721,153.93725299986727,6.641619128444534,6.496153338535034
0428下午最优方案，后方走廊。成功,history-doc/毕设冲刺/video/0428下午最优方案，后方走廊。成功,history-doc/毕设冲刺/video/0428下午最优方案，后方走廊。成功/logs/timing_profile.csv,unknown,not_encoded_in_log,2026-04-28T15:25:53.845,True,navigate,"camera_fps=25.0, frame_age=0.038s, frames=1945",465.0,1.8491110001832567,0.2099589999033924,2.049310000074911,149.91921199998615,0.5792169999949692,154.61388100015938,6.670259179324478,6.46772458935281
0428下午最优方案，后方走廊。成功,history-doc/毕设冲刺/video/0428下午最优方案，后方走廊。成功,history-doc/毕设冲刺/video/0428下午最优方案，后方走廊。成功/logs/timing_profile.csv,unknown,not_encoded_in_log,2026-04-28T15:25:54.630,True,navigate,"camera_fps=25.0, frame_age=0.023s, frames=1965",470.0,0.6443400000080146,0.16256499998235086,2.1285120001266478,158.1660209999427,0.6330110002181755,161.7411050001465,6.322470488148414,6.182720218209801
0428下午最优方案，后方走廊。成功,history-doc/毕设冲刺/video/0428下午最优方案，后方走廊。成功,history-doc/毕设冲刺/video/0428下午最优方案，后方走廊。成功/logs/timing_profile.csv,unknown,not_encoded_in_log,2026-04-28T15:25:55.402,True,navigate,"camera_fps=25.0, frame_age=0.036s, frames=1984",475.0,0.7246289999329747,0.16832599999361264,1.9571469999846158,151.71049800005676,0.5807210000057239,155.14720900000611,6.591501663910074,6.445491391340211
0428下午最优方案，后方走廊。成功,history-doc/毕设冲刺/video/0428下午最优方案，后方走廊。成功,history-doc/毕设冲刺/video/0428下午最优方案，后方走廊。成功/logs/timing_profile.csv,unknown,not_encoded_in_log,2026-04-28T15:25:56.182,True,navigate,"camera_fps=24.0, frame_age=0.016s, frames=2003",480.0,1.092705000019123,0.2074619999348215,2.165056999956505,151.2503880001077,0.5578409998179268,155.28084499987926,6.611553287382561,6.439944347293947
0428下午最优方案，后方走廊。成功,history-doc/毕设冲刺/video/0428下午最优方案，后方走廊。成功,history-doc/毕设冲刺/video/0428下午最优方案，后方走廊。成功/logs/timing_profile.csv,unknown,not_encoded_in_log,2026-04-28T15:25:56.982,True,navigate,"camera_fps=24.0, frame_age=0.012s, frames=2022",485.0,1.2481340002068464,0.2020539998284221,2.1769300001324154,152.5814999999966,0.5533290000130364,156.76956300012534,6.553874486749851,6.378789229636371
0428下午最优方案，后方走廊。成功,history-doc/毕设冲刺/video/0428下午最优方案，后方走廊。成功,history-doc/毕设冲刺/video/0428下午最优方案，后方走廊。成功/logs/timing_profile.csv,unknown,not_encoded_in_log,2026-04-28T15:25:57.777,True,navigate,"camera_fps=23.0, frame_age=0.048s, frames=2036",490.0,0.8362170001419145,0.17594099995221768,1.9465230000150768,154.4354759998896,0.5559530000027735,157.95593400002872,6.4751961524741555,6.330879598355692
0428下午最优方案，后方走廊。成功,history-doc/毕设冲刺/video/0428下午最优方案，后方走廊。成功,history-doc/毕设冲刺/video/0428下午最优方案，后方走廊。成功/logs/timing_profile.csv,unknown,not_encoded_in_log,2026-04-28T15:25:58.582,True,navigate,"camera_fps=20.2, frame_age=0.053s, frames=2052",495.0,0.7105180000053224,0.16938099997787504,2.0494699999744626,152.39976600014415,0.5724339998778305,155.90716899987456,6.561689865055659,6.414073236111449
0428下午最优方案，后方走廊。成功,history-doc/毕设冲刺/video/0428下午最优方案，后方走廊。成功,history-doc/毕设冲刺/video/0428下午最优方案，后方走廊。成功/logs/timing_profile.csv,unknown,not_encoded_in_log,2026-04-28T15:25:59.373,True,navigate,"camera_fps=17.0, frame_age=0.007s, frames=2068",500.0,0.9848299998793664,0.22999099996923178,2.6720800001385214,152.43893599995317,0.5446889999802806,156.8763499999477,6.560003803754621,6.3744471362339405
0428下午最优方案，后方走廊。成功,history-doc/毕设冲刺/video/0428下午最优方案，后方走廊。成功,history-doc/毕设冲刺/video/0428下午最优方案，后方走廊。成功/logs/timing_profile.csv,unknown,not_encoded_in_log,2026-04-28T15:26:00.186,True,navigate,"camera_fps=25.0, frame_age=0.017s, frames=2088",505.0,0.7716389998222439,0.16864500003066496,1.9870360001732479,158.7036690000332,0.5552489999445243,162.19119799984583,6.3010515528774,6.16556269595438
0428下午最优方案，后方走廊。成功,history-doc/毕设冲刺/video/0428下午最优方案，后方走廊。成功,history-doc/毕设冲刺/video/0428下午最优方案，后方走廊。成功/logs/timing_profile.csv,unknown,not_encoded_in_log,2026-04-28T15:26:00.991,True,navigate,"camera_fps=25.0, frame_age=0.028s, frames=2106",510.0,0.7819750001090142,0.17171699983009603,2.2117790001630055,169.68864099999337,0.5439200001546851,173.4044320000976,5.89314637742923,5.766865289806648
0428下午最优方案，后方走廊。成功,history-doc/毕设冲刺/video/0428下午最优方案，后方走廊。成功,history-doc/毕设冲刺/video/0428下午最优方案，后方走廊。成功/logs/timing_profile.csv,unknown,not_encoded_in_log,2026-04-28T15:26:01.804,True,navigate,"camera_fps=23.2, frame_age=0.039s, frames=2126",515.0,0.7507420000365528,0.1670770000146149,2.0105890000650106,176.6660989999309,0.5768169999100792,180.17753200001607,5.66039554651847,5.550081571768398
0428下午最优方案，后方走廊。成功,history-doc/毕设冲刺/video/0428下午最优方案，后方走廊。成功,history-doc/毕设冲刺/video/0428下午最优方案，后方走廊。成功/logs/timing_profile.csv,unknown,not_encoded_in_log,2026-04-28T15:26:02.623,True,navigate,"camera_fps=25.0, frame_age=0.021s, frames=2147",520.0,0.8030639999105915,0.1651250001941662,2.075389999845356,159.6227679999629,0.591601999985869,163.26393400004235,6.264770449289744,6.125051476462282
0428下午最优方案，后方走廊。成功,history-doc/毕设冲刺/video/0428下午最优方案，后方走廊。成功,history-doc/毕设冲刺/video/0428下午最优方案，后方走廊。成功/logs/timing_profile.csv,unknown,not_encoded_in_log,2026-04-28T15:26:03.443,True,navigate,"camera_fps=25.0, frame_age=0.041s, frames=2167",525.0,0.7699430000229768,0.16819699999359727,1.9650199999432516,158.97516500012898,0.6182899999203073,162.50211900000977,6.290290687851708,6.153765908738334
0428下午最优方案，后方走廊。成功,history-doc/毕设冲刺/video/0428下午最优方案，后方走廊。成功,history-doc/毕设冲刺/video/0428下午最优方案，后方走廊。成功/logs/timing_profile.csv,unknown,not_encoded_in_log,2026-04-28T15:26:04.235,True,navigate,"camera_fps=25.1, frame_age=0.033s, frames=2187",530.0,0.7626789999903849,0.15520399983870448,1.981564000061553,158.95593300001565,0.8987790001810936,162.7598229999876,6.2910517470266525,6.144022410248482
0428下午最优方案，后方走廊。成功,history-doc/毕设冲刺/video/0428下午最优方案，后方走廊。成功,history-doc/毕设冲刺/video/0428下午最优方案，后方走廊。成功/logs/timing_profile.csv,unknown,not_encoded_in_log,2026-04-28T15:26:05.077,True,navigate,"camera_fps=25.1, frame_age=0.035s, frames=2208",535.0,1.2828230001105112,0.21882300006836886,2.2833329999230045,172.4680840000019,0.5554089998440759,176.81579999998576,5.798174229151806,5.6556031757347505
0428下午最优方案，后方走廊。成功,history-doc/毕设冲刺/video/0428下午最优方案，后方走廊。成功,history-doc/毕设冲刺/video/0428下午最优方案，后方走廊。成功/logs/timing_profile.csv,unknown,not_encoded_in_log,2026-04-28T15:26:05.873,True,navigate,"camera_fps=25.0, frame_age=0.030s, frames=2228",540.0,0.7816879999609228,0.19677399995998712,2.242307999949844,149.76938300014808,0.5822260000059032,153.58457100001033,6.676932093651018,6.511070698631133
0428下午最优方案，后方走廊。成功,history-doc/毕设冲刺/video/0428下午最优方案，后方走廊。成功,history-doc/毕设冲刺/video/0428下午最优方案，后方走廊。成功/logs/timing_profile.csv,unknown,not_encoded_in_log,2026-04-28T15:26:06.679,True,navigate,"camera_fps=25.0, frame_age=0.036s, frames=2247",545.0,0.8103280001705571,0.22621499988417781,2.1924180000496563,151.45013799997287,0.5818419999741309,155.26846100010516,6.6028332044186,6.440457988434127
0428下午最优方案，后方走廊。成功,history-doc/毕设冲刺/video/0428下午最优方案，后方走廊。成功,history-doc/毕设冲刺/video/0428下午最优方案，后方走廊。成功/logs/timing_profile.csv,unknown,not_encoded_in_log,2026-04-28T15:26:07.479,True,navigate,"camera_fps=22.1, frame_age=0.037s, frames=2262",550.0,1.2953990001278726,0.2123909998772433,2.0761580001362745,147.95928099988487,0.5943539999861969,152.1440149999762,6.758616243889278,6.572719932493936
0428下午最优方案，后方走廊。成功,history-doc/毕设冲刺/video/0428下午最优方案，后方走廊。成功,history-doc/毕设冲刺/video/0428下午最优方案，后方走廊。成功/logs/timing_profile.csv,unknown,not_encoded_in_log,2026-04-28T15:26:08.280,True,navigate,"camera_fps=21.2, frame_age=0.038s, frames=2281",555.0,0.6957329999295325,0.18038999996861094,2.089951000016299,155.90118400018582,0.5570729999817559,159.43418699998801,6.41431947045898,6.2721805079363255
0428下午最优方案，后方走廊。成功,history-doc/毕设冲刺/video/0428下午最优方案，后方走廊。成功,history-doc/毕设冲刺/video/0428下午最优方案，后方走廊。成功/logs/timing_profile.csv,unknown,not_encoded_in_log,2026-04-28T15:26:09.065,True,navigate,"camera_fps=21.2, frame_age=0.023s, frames=2301",560.0,0.668819999873449,0.16790900008345488,2.0422059999418707,151.79642099997182,0.5704170000626618,155.25188499987053,6.587770603630936,6.441145626031104
0428下午最优方案，后方走廊。成功,history-doc/毕设冲刺/video/0428下午最优方案，后方走廊。成功,history-doc/毕设冲刺/video/0428下午最优方案，后方走廊。成功/logs/timing_profile.csv,unknown,not_encoded_in_log,2026-04-28T15:26:09.857,True,navigate,"camera_fps=25.0, frame_age=0.011s, frames=2318",565.0,0.6585480000467214,0.16928499985624512,1.906201000110741,153.24894500008668,0.5686889999196865,156.55797199997323,6.5253304027602566,6.387410281478167
0428下午最优方案，后方走廊。成功,history-doc/毕设冲刺/video/0428下午最优方案，后方走廊。成功,history-doc/毕设冲刺/video/0428下午最优方案，后方走廊。成功/logs/timing_profile.csv,unknown,not_encoded_in_log,2026-04-28T15:26:10.648,True,navigate,"camera_fps=20.0, frame_age=0.005s, frames=2336",570.0,0.7255259999965347,0.18336600010115944,1.9590990000324382,155.70239399994534,0.5773300001692405,159.15337900014492,6.4225088279654265,6.283247055653713
0428下午最优方案，后方走廊。成功,history-doc/毕设冲刺/video/0428下午最优方案，后方走廊。成功,history-doc/毕设冲刺/video/0428下午最优方案，后方走廊。成功/logs/timing_profile.csv,unknown,not_encoded_in_log,2026-04-28T15:26:11.463,True,navigate,"camera_fps=25.0, frame_age=0.057s, frames=2355",575.0,0.708053999915137,0.16105999998217158,1.943547000109902,153.1363330000204,0.6099390000144922,156.5646609999476,6.530128940725431,6.387137388560084
0428下午最优方案，后方走廊。成功,history-doc/毕设冲刺/video/0428下午最优方案，后方走廊。成功,history-doc/毕设冲刺/video/0428下午最优方案，后方走廊。成功/logs/timing_profile.csv,unknown,not_encoded_in_log,2026-04-28T15:26:12.252,True,navigate,"camera_fps=25.0, frame_age=0.008s, frames=2371",580.0,0.6279870001435484,0.18346100000599108,2.0926709999002924,157.84581900015837,0.5745139999362436,161.3316840000607,6.335296090414639,6.198410474656818
0428下午最优方案，后方走廊。成功,history-doc/毕设冲刺/video/0428下午最优方案，后方走廊。成功,history-doc/毕设冲刺/video/0428下午最优方案，后方走廊。成功/logs/timing_profile.csv,unknown,not_encoded_in_log,2026-04-28T15:26:13.051,True,navigate,"camera_fps=20.2, frame_age=0.008s, frames=2390",585.0,0.6581000000096537,0.27104800005872676,1.9995160000689793,153.21905499990862,0.5589610000242828,156.71308100013448,6.526603365362072,6.381088251332011
0428下午最优方案，后方走廊。成功,history-doc/毕设冲刺/video/0428下午最优方案，后方走廊。成功,history-doc/毕设冲刺/video/0428下午最优方案，后方走廊。成功/logs/timing_profile.csv,unknown,not_encoded_in_log,2026-04-28T15:26:13.846,True,navigate,"camera_fps=23.8, frame_age=0.007s, frames=2409",590.0,0.7300060001398379,0.1966779998383572,2.266148000217072,158.46519800015813,0.5648809999456716,162.23017500010428,6.310533875072066,6.164081373883479
0428下午最优方案，后方走廊。成功,history-doc/毕设冲刺/video/0428下午最优方案，后方走廊。成功,history-doc/毕设冲刺/video/0428下午最优方案，后方走廊。成功/logs/timing_profile.csv,unknown,not_encoded_in_log,2026-04-28T15:26:14.669,True,navigate,"camera_fps=24.4, frame_age=0.029s, frames=2429",595.0,0.9639979998610215,0.1758130001690006,2.3852239999087033,167.35813800005417,1.3617689999136928,172.25313399990227,5.975209881934013,5.805409613044064
0428下午最优方案，后方走廊。成功,history-doc/毕设冲刺/video/0428下午最优方案，后方走廊。成功,history-doc/毕设冲刺/video/0428下午最优方案，后方走廊。成功/logs/timing_profile.csv,unknown,not_encoded_in_log,2026-04-28T15:26:15.492,True,navigate,"camera_fps=25.0, frame_age=0.013s, frames=2450",600.0,0.698932999966928,0.1684530000147788,2.0899830001326336,165.10114199991222,0.6410109999706037,168.7064669999927,6.056893295144692,5.927455051263941
0428下午最优方案，后方走廊。成功,history-doc/毕设冲刺/video/0428下午最优方案，后方走廊。成功,history-doc/毕设冲刺/video/0428下午最优方案，后方走廊。成功/logs/timing_profile.csv,unknown,not_encoded_in_log,2026-04-28T15:26:16.290,True,navigate,"camera_fps=25.0, frame_age=0.011s, frames=2470",605.0,0.8433539999259665,0.2105020000726654,2.1924820000549516,158.33034600018436,0.6412029999864899,162.22454300009304,6.315908638252048,6.164295374217368
0428下午最优方案，后方走廊。成功,history-doc/毕设冲刺/video/0428下午最优方案，后方走廊。成功,history-doc/毕设冲刺/video/0428下午最优方案，后方走廊。成功/logs/timing_profile.csv,unknown,not_encoded_in_log,2026-04-28T15:26:17.078,True,navigate,"camera_fps=25.0, frame_age=0.034s, frames=2489",610.0,0.6430600001294806,0.1551399998334091,1.9138500001645298,157.6984870000615,0.5676329999459995,160.98345000000336,6.34121492871146,6.211818668316396
0428下午最优方案，后方走廊。成功,history-doc/毕设冲刺/video/0428下午最优方案，后方走廊。成功,history-doc/毕设冲刺/video/0428下午最优方案，后方走廊。成功/logs/timing_profile.csv,unknown,not_encoded_in_log,2026-04-28T15:26:17.884,True,navigate,"camera_fps=25.0, frame_age=0.004s, frames=2510",615.0,0.6719880000218836,0.16048499992393772,2.046238000048106,158.37617100009993,0.6193469998834189,161.88021299990396,6.31408117575572,6.177407241245681
0428下午最优方案，后方走廊。成功,history-doc/毕设冲刺/video/0428下午最优方案，后方走廊。成功,history-doc/毕设冲刺/video/0428下午最优方案，后方走廊。成功/logs/timing_profile.csv,unknown,not_encoded_in_log,2026-04-28T15:26:18.691,True,navigate,"camera_fps=25.1, frame_age=0.008s, frames=2530",620.0,0.6410749999758991,0.16083700006674917,1.963450999937777,162.4797510000917,0.5675689999407041,165.81863500005056,6.154613075443693,6.030685272494826
0428下午最优方案，后方走廊。成功,history-doc/毕设冲刺/video/0428下午最优方案，后方走廊。成功,history-doc/毕设冲刺/video/0428下午最优方案，后方走廊。成功/logs/timing_profile.csv,unknown,not_encoded_in_log,2026-04-28T15:26:19.470,True,navigate,"camera_fps=25.0, frame_age=0.031s, frames=2549",625.0,0.6700690000798204,0.17069299997274356,1.9441219999407622,150.682082000003,0.560497000151372,154.03277600012188,6.636489134786312,6.492124766998997
0428下午最优方案，后方走廊。成功,history-doc/毕设冲刺/video/0428下午最优方案，后方走廊。成功,history-doc/毕设冲刺/video/0428下午最优方案，后方走廊。成功/logs/timing_profile.csv,unknown,not_encoded_in_log,2026-04-28T15:26:20.264,True,navigate,"camera_fps=25.0, frame_age=0.025s, frames=2566",630.0,0.6893970000874106,0.1736050000999967,1.9080259999100235,153.65554899995004,0.5563680001614557,156.9883850002043,6.508063044311697,6.369898002318443
0428下午最优方案，后方走廊。成功,history-doc/毕设冲刺/video/0428下午最优方案，后方走廊。成功,history-doc/毕设冲刺/video/0428下午最优方案，后方走廊。成功/logs/timing_profile.csv,unknown,not_encoded_in_log,2026-04-28T15:26:21.074,True,navigate,"camera_fps=22.1, frame_age=0.035s, frames=2584",635.0,1.0142710000309307,0.18822900005943666,2.341638999951101,156.92211100008535,0.5789940000795468,161.0504600000695,6.372588245384081,6.209234049996308
0428下午最优方案，后方走廊。成功,history-doc/毕设冲刺/video/0428下午最优方案，后方走廊。成功,history-doc/毕设冲刺/video/0428下午最优方案，后方走廊。成功/logs/timing_profile.csv,unknown,not_encoded_in_log,2026-04-28T15:26:21.879,True,navigate,"camera_fps=21.2, frame_age=0.040s, frames=2602",640.0,1.15718699998979,0.221127000031629,2.025692999950479,156.4908339998965,0.5814260000533977,160.48193100004937,6.390150620583065,6.231231103517145
0428下午最优方案，后方走廊。成功,history-doc/毕设冲刺/video/0428下午最优方案，后方走廊。成功,history-doc/毕设冲刺/video/0428下午最优方案，后方走廊。成功/logs/timing_profile.csv,unknown,not_encoded_in_log,2026-04-28T15:26:22.688,True,navigate,"camera_fps=25.0, frame_age=0.009s, frames=2623",645.0,0.6640520000473771,0.1600370001142437,1.8980089998876792,147.83508400000756,0.5682099999830825,151.130417000104,6.764294191492115,6.616801699153069
0428下午最优方案，后方走廊。成功,history-doc/毕设冲刺/video/0428下午最优方案，后方走廊。成功,history-doc/毕设冲刺/video/0428下午最优方案，后方走廊。成功/logs/timing_profile.csv,unknown,not_encoded_in_log,2026-04-28T15:26:23.466,True,navigate,"camera_fps=25.0, frame_age=0.027s, frames=2642",650.0,0.6714119999742252,0.1594929999555461,1.9903959998828213,148.21349699991515,0.573776999999609,151.6134709997914,6.7470238557327376,6.595719980590484
0428下午最优方案，后方走廊。成功,history-doc/毕设冲刺/video/0428下午最优方案，后方走廊。成功,history-doc/毕设冲刺/video/0428下午最优方案，后方走廊。成功/logs/timing_profile.csv,unknown,not_encoded_in_log,2026-04-28T15:26:24.266,True,navigate,"camera_fps=25.0, frame_age=0.025s, frames=2662",655.0,0.6739089999427961,0.1581159999659576,2.1836500000063097,157.02963500007172,0.5614249998870946,160.61249499989572,6.368224698475184,6.226165654176839
0428下午最优方案，后方走廊。成功,history-doc/毕设冲刺/video/0428下午最优方案，后方走廊。成功,history-doc/毕设冲刺/video/0428下午最优方案，后方走廊。成功/logs/timing_profile.csv,unknown,not_encoded_in_log,2026-04-28T15:26:25.070,True,navigate,"camera_fps=23.0, frame_age=0.031s, frames=2677",660.0,0.9465880000334437,0.611635000041133,3.7469609999334352,153.19006300001092,0.5536159999337542,159.05647899990072,6.527838558300799,6.2870749201019605
0428下午最优方案，后方走廊。成功,history-doc/毕设冲刺/video/0428下午最优方案，后方走廊。成功,history-doc/毕设冲刺/video/0428下午最优方案，后方走廊。成功/logs/timing_profile.csv,unknown,not_encoded_in_log,2026-04-28T15:26:25.853,True,navigate,"camera_fps=22.1, frame_age=0.014s, frames=2696",665.0,1.2364209999304876,0.1676849999512342,1.9270980001238058,150.97991600009664,0.5674729998190742,154.88412899981086,6.62339751201981,6.456439445782216
0428下午最优方案，后方走廊。成功,history-doc/毕设冲刺/video/0428下午最优方案，后方走廊。成功,history-doc/毕设冲刺/video/0428下午最优方案，后方走廊。成功/logs/timing_profile.csv,unknown,not_encoded_in_log,2026-04-28T15:26:26.638,True,navigate,"camera_fps=23.2, frame_age=0.003s, frames=2715",670.0,0.6667719999313704,0.16387699997721938,1.982396000130393,156.76911400009885,0.5371370000375464,160.12633600007575,6.378807499029238,6.245068893598658
0428下午最优方案，后方走廊。成功,history-doc/毕设冲刺/video/0428下午最优方案，后方走廊。成功,history-doc/毕设冲刺/video/0428下午最优方案，后方走廊。成功/logs/timing_profile.csv,unknown,not_encoded_in_log,2026-04-28T15:26:27.461,True,navigate,"camera_fps=23.2, frame_age=0.020s, frames=2735",675.0,1.4841409999917232,0.22938300003261247,2.05983799992282,173.70978600001763,0.5630250000194792,178.05161299997962,5.756728063667631,5.616349007745942
0428下午最优方案，后方走廊。成功,history-doc/毕设冲刺/video/0428下午最优方案，后方走廊。成功,history-doc/毕设冲刺/video/0428下午最优方案，后方走廊。成功/logs/timing_profile.csv,unknown,not_encoded_in_log,2026-04-28T15:26:28.290,True,navigate,"camera_fps=25.0, frame_age=0.013s, frames=2756",680.0,1.2183410001398443,0.18359000000600645,1.8909049999820127,155.38824100008242,0.5665769999723125,159.25267800002985,6.435493403902227,6.27932925561109
0428下午最优方案，后方走廊。成功,history-doc/毕设冲刺/video/0428下午最优方案，后方走廊。成功,history-doc/毕设冲刺/video/0428下午最优方案，后方走廊。成功/logs/timing_profile.csv,unknown,not_encoded_in_log,2026-04-28T15:26:29.106,True,navigate,"camera_fps=25.0, frame_age=0.031s, frames=2776",685.0,0.6893969998600369,0.1639730000988493,1.8966329998875153,156.70258499994816,0.5816810000851547,160.03929299995434,6.381515659108819,6.248465494035176
0428下午最优方案，后方走廊。成功,history-doc/毕设冲刺/video/0428下午最优方案，后方走廊。成功,history-doc/毕设冲刺/video/0428下午最优方案，后方走廊。成功/logs/timing_profile.csv,unknown,not_encoded_in_log,2026-04-28T15:26:29.889,True,navigate,"camera_fps=25.0, frame_age=0.014s, frames=2796",690.0,0.6605319999835046,0.15395699983855593,1.89989700015758,152.29051599999366,0.5523039999388857,155.56226199987577,6.5663970827969464,6.428294286443318
0428下午最优方案，后方走廊。成功,history-doc/毕设冲刺/video/0428下午最优方案，后方走廊。成功,history-doc/毕设冲刺/video/0428下午最优方案，后方走廊。成功/logs/timing_profile.csv,unknown,not_encoded_in_log,2026-04-28T15:26:30.674,True,navigate,"camera_fps=25.0, frame_age=0.039s, frames=2815",695.0,0.6235710000055406,0.16022900013012986,2.0808949998354365,153.49183199987237,0.5647529999350809,156.92783999998028,6.5150046551065435,6.372355599873965
0428下午最优方案，后方走廊。成功,history-doc/毕设冲刺/video/0428下午最优方案，后方走廊。成功,history-doc/毕设冲刺/video/0428下午最优方案，后方走廊。成功/logs/timing_profile.csv,unknown,not_encoded_in_log,2026-04-28T15:26:31.435,True,navigate,"camera_fps=25.0, frame_age=0.040s, frames=2834",700.0,0.6583560000308353,0.18166999984714494,1.9278659999599768,152.90493400016203,0.6202109998412197,156.29873299985775,6.5400113249382805,6.398004518698882
0428下午最优方案，后方走廊。成功,history-doc/毕设冲刺/video/0428下午最优方案，后方走廊。成功,history-doc/毕设冲刺/video/0428下午最优方案，后方走廊。成功/logs/timing_profile.csv,unknown,not_encoded_in_log,2026-04-28T15:26:32.156,True,navigate,"camera_fps=25.0, frame_age=0.000s, frames=2852",705.0,0.6895240001085767,0.2033670000400889,1.9860749998770189,134.17742399997223,0.6428680001135945,137.70495500011748,7.45281859040763,7.261902812423466
0428下午最优方案，后方走廊。成功,history-doc/毕设冲刺/video/0428下午最优方案，后方走廊。成功,history-doc/毕设冲刺/video/0428下午最优方案，后方走廊。成功/logs/timing_profile.csv,unknown,not_encoded_in_log,2026-04-28T15:26:32.908,True,navigate,"camera_fps=20.9, frame_age=0.032s, frames=2866",710.0,0.6529790000513458,0.16723799990359112,1.9809230000191747,150.97473199989508,0.6102910001573036,154.39205100005893,6.623624938779126,6.477017395148267
0428下午最优方案，后方走廊。成功,history-doc/毕设冲刺/video/0428下午最优方案，后方走廊。成功,history-doc/毕设冲刺/video/0428下午最优方案，后方走廊。成功/logs/timing_profile.csv,unknown,not_encoded_in_log,2026-04-28T15:26:33.694,True,navigate,"camera_fps=20.9, frame_age=0.055s, frames=2885",715.0,1.3124549998337898,0.179846000037287,1.963003000128083,151.76937999990514,0.5729130000418081,155.80297299993617,6.588944357555029,6.418362761283186
0428下午最优方案，后方走廊。成功,history-doc/毕设冲刺/video/0428下午最优方案，后方走廊。成功,history-doc/毕设冲刺/video/0428下午最优方案，后方走廊。成功/logs/timing_profile.csv,unknown,not_encoded_in_log,2026-04-28T15:26:34.470,True,navigate,"camera_fps=23.2, frame_age=0.035s, frames=2904",720.0,0.7707750000918168,0.181125999915821,2.7062579999892478,150.38229800006775,0.582801000064137,154.6347460000561,6.649718838579987,6.466851893685247
0428下午最优方案，后方走廊。成功,history-doc/毕设冲刺/video/0428下午最优方案，后方走廊。成功,history-doc/毕设冲刺/video/0428下午最优方案，后方走廊。成功/logs/timing_profile.csv,unknown,not_encoded_in_log,2026-04-28T15:26:35.212,True,navigate,"camera_fps=25.0, frame_age=0.017s, frames=2923",725.0,0.7229979999010538,0.17098099988288595,2.198946000135038,145.26086299997587,0.5978429999231594,148.95713499981866,6.884166728378628,6.713340720477857
0428下午最优方案，后方走廊。成功,history-doc/毕设冲刺/video/0428下午最优方案，后方走廊。成功,history-doc/毕设冲刺/video/0428下午最优方案，后方走廊。成功/logs/timing_profile.csv,unknown,not_encoded_in_log,2026-04-28T15:26:35.918,True,navigate,"camera_fps=24.1, frame_age=0.002s, frames=2940",730.0,0.6516680000459019,0.17181299995172594,1.9608590000643744,134.7774749999644,0.560432999918703,138.12794399996164,7.419637443128121,7.23966469811697
0428下午最优方案，后方走廊。成功,history-doc/毕设冲刺/video/0428下午最优方案，后方走廊。成功,history-doc/毕设冲刺/video/0428下午最优方案，后方走廊。成功/logs/timing_profile.csv,unknown,not_encoded_in_log,2026-04-28T15:26:36.653,True,navigate,"camera_fps=24.1, frame_age=0.018s, frames=2953",735.0,0.6578759998774331,0.1560690000133036,1.9220090000544587,147.8507009999248,0.5525930000658263,151.1456169998837,6.763579700582607,6.616136278703797
0428下午最优方案，后方走廊。成功,history-doc/毕设冲刺/video/0428下午最优方案，后方走廊。成功,history-doc/毕设冲刺/video/0428下午最优方案，后方走廊。成功/logs/timing_profile.csv,unknown,not_encoded_in_log,2026-04-28T15:26:37.396,True,navigate,"camera_fps=19.0, frame_age=0.040s, frames=2970",740.0,0.6631879998622026,0.16595700003563252,1.9102339999790274,143.98197600007734,0.6362759997955436,147.36284699984026,6.945313766213785,6.785970957802437
0428下午最优方案，后方走廊。成功,history-doc/毕设冲刺/video/0428下午最优方案，后方走廊。成功,history-doc/毕设冲刺/video/0428下午最优方案，后方走廊。成功/logs/timing_profile.csv,unknown,not_encoded_in_log,2026-04-28T15:26:38.133,True,navigate,"camera_fps=23.0, frame_age=0.018s, frames=2986",745.0,0.6731400001172005,0.16205299993998779,1.887512999928731,142.8989679998267,0.6791240000438847,146.30598200005807,6.9979511678573685,6.834990520070486
0428下午最优方案，后方走廊。成功,history-doc/毕设冲刺/video/0428下午最优方案，后方走廊。成功,history-doc/毕设冲刺/video/0428下午最优方案，后方走廊。成功/logs/timing_profile.csv,unknown,not_encoded_in_log,2026-04-28T15:26:38.840,True,navigate,"camera_fps=23.0, frame_age=0.004s, frames=3003",750.0,0.6818130000283418,0.16704499989828037,1.8953209998926468,136.80934400008482,0.6088190000355098,140.16749400002482,7.309442255635551,7.134321742242341
0428下午最优方案，后方走廊。成功,history-doc/毕设冲刺/video/0428下午最优方案，后方走廊。成功,history-doc/毕设冲刺/video/0428下午最优方案，后方走廊。成功/logs/timing_profile.csv,unknown,not_encoded_in_log,2026-04-28T15:26:39.807,True,navigate,"camera_fps=23.1, frame_age=0.013s, frames=3026",755.0,0.7029650000731635,0.15450099999725353,1.9323459998759063,114.21819899987895,0.7549019999260054,117.76809699995283,8.755172194590985,8.49126397958524
0428下午最优方案，后方走廊。成功,history-doc/毕设冲刺/video/0428下午最优方案，后方走廊。成功,history-doc/毕设冲刺/video/0428下午最优方案，后方走廊。成功/logs/timing_profile.csv,unknown,not_encoded_in_log,2026-04-28T15:26:40.463,True,navigate,"camera_fps=24.1, frame_age=0.031s, frames=3042",760.0,0.7711590001235891,0.17603699984647392,1.9226180002078763,140.21328700005142,0.6565959999988991,143.7449770000967,7.131991706318341,6.9567648266368804
0428下午最优方案，后方走廊。成功,history-doc/毕设冲刺/video/0428下午最优方案，后方走廊。成功,history-doc/毕设冲刺/video/0428下午最优方案，后方走廊。成功/logs/timing_profile.csv,unknown,not_encoded_in_log,2026-04-28T15:26:41.166,True,navigate,"camera_fps=25.0, frame_age=0.013s, frames=3060",765.0,1.4574839999568212,0.16694900000402413,2.234050999959436,136.9750460000887,0.5619690000457922,141.3999789999707,7.3005998479412995,7.07213683532589
0428下午最优方案，后方走廊。成功,history-doc/毕设冲刺/video/0428下午最优方案，后方走廊。成功,history-doc/毕设冲刺/video/0428下午最优方案，后方走廊。成功/logs/timing_profile.csv,unknown,not_encoded_in_log,2026-04-28T15:26:41.862,True,navigate,"camera_fps=25.0, frame_age=0.030s, frames=3077",770.0,0.6283390000589861,0.1682930001152272,1.9137539998155262,133.12238499997875,0.5546089998915704,136.3926280000669,7.51188464659914,7.331774558955704
0428下午最优方案，后方走廊。成功,history-doc/毕设冲刺/video/0428下午最优方案，后方走廊。成功,history-doc/毕设冲刺/video/0428下午最优方案，后方走廊。成功/logs/timing_profile.csv,unknown,not_encoded_in_log,2026-04-28T15:26:42.591,True,navigate,"camera_fps=25.0, frame_age=0.039s, frames=3095",775.0,0.6475709999449464,0.1546290000078443,1.9212100000913779,141.9817559999501,0.5759860000580375,145.28678400006356,7.0431584181868505,6.882938505952217
0428下午最优方案，后方走廊。成功,history-doc/毕设冲刺/video/0428下午最优方案，后方走廊。成功,history-doc/毕设冲刺/video/0428下午最优方案，后方走廊。成功/logs/timing_profile.csv,unknown,not_encoded_in_log,2026-04-28T15:26:43.321,True,navigate,"camera_fps=25.0, frame_age=0.009s, frames=3114",780.0,0.6770449999748962,0.16675699998813798,2.0363809999253135,145.42649999998503,0.575186000105532,148.88737299997956,6.876325841577037,6.716486293301295
0428下午最优方案，后方走廊。成功,history-doc/毕设冲刺/video/0428下午最优方案，后方走廊。成功,history-doc/毕设冲刺/video/0428下午最优方案，后方走廊。成功/logs/timing_profile.csv,unknown,not_encoded_in_log,2026-04-28T15:26:44.016,True,navigate,"camera_fps=25.0, frame_age=0.024s, frames=3131",785.0,0.6993169999987003,0.1687409999249212,2.388615999961985,132.34636099991803,0.617746999978408,136.2312149999525,7.555931212952801,7.340461582173724
0428下午最优方案，后方走廊。成功,history-doc/毕设冲刺/video/0428下午最优方案，后方走廊。成功,history-doc/毕设冲刺/video/0428下午最优方案，后方走廊。成功/logs/timing_profile.csv,unknown,not_encoded_in_log,2026-04-28T15:26:44.725,True,navigate,"camera_fps=25.0, frame_age=0.011s, frames=3149",790.0,0.6658760000846087,0.15814899984434305,1.9172410000010132,143.79950700003974,0.5341279997992388,147.08069399989654,6.954126762059926,6.798988859820742
0428下午最优方案，后方走廊。成功,history-doc/毕设冲刺/video/0428下午最优方案，后方走廊。成功,history-doc/毕设冲刺/video/0428下午最优方案，后方走廊。成功/logs/timing_profile.csv,unknown,not_encoded_in_log,2026-04-28T15:26:45.331,True,navigate,"camera_fps=22.9, frame_age=0.019s, frames=3160",795.0,1.3033029999860446,0.20938200009368302,2.2096349998719234,115.43769199988674,0.5990580000343471,119.77142199998525,8.66268185612184,8.349237099315086
0428下午最优方案，后方走廊。成功,history-doc/毕设冲刺/video/0428下午最优方案，后方走廊。成功,history-doc/毕设冲刺/video/0428下午最优方案，后方走廊。成功/logs/timing_profile.csv,unknown,not_encoded_in_log,2026-04-28T15:26:46.001,True,navigate,"camera_fps=23.1, frame_age=0.009s, frames=3177",800.0,0.6716689999848313,0.17469299996264454,1.8900730001405464,130.10066199990433,0.6028660000083619,133.44633099995917,7.686355969508712,7.4936492633904335
0428下午最优方案，后方走廊。成功,history-doc/毕设冲刺/video/0428下午最优方案，后方走廊。成功,history-doc/毕设冲刺/video/0428下午最优方案，后方走廊。成功/logs/timing_profile.csv,unknown,not_encoded_in_log,2026-04-28T15:26:46.642,True,navigate,"camera_fps=23.1, frame_age=0.047s, frames=3192",805.0,1.1804830000983202,0.1851580000220565,1.9920919999094622,128.21202899999662,0.567888999967181,132.14350699990973,7.7995801782376155,7.567530351685635
0428下午最优方案，后方走廊。成功,history-doc/毕设冲刺/video/0428下午最优方案，后方走廊。成功,history-doc/毕设冲刺/video/0428下午最优方案，后方走廊。成功/logs/timing_profile.csv,unknown,not_encoded_in_log,2026-04-28T15:26:47.298,True,navigate,"camera_fps=21.1, frame_age=0.023s, frames=3204",810.0,0.6986130001678248,0.18128599981537263,2.1649930001785833,143.01958000010018,0.660083999946437,146.7310840000664,6.992049620054118,6.815188525422108
0428下午最优方案，后方走廊。成功,history-doc/毕设冲刺/video/0428下午最优方案，后方走廊。成功,history-doc/毕设冲刺/video/0428下午最优方案，后方走廊。成功/logs/timing_profile.csv,unknown,not_encoded_in_log,2026-04-28T15:26:48.053,True,navigate,"camera_fps=21.1, frame_age=0.020s, frames=3218",815.0,0.7976880001479003,0.25789500000428234,2.4052569999639672,139.56414800009043,0.6090419999509322,143.6416779999945,7.165163935936843,6.961767739861952
0428下午最优方案，后方走廊。成功,history-doc/毕设冲刺/video/0428下午最优方案，后方走廊。成功,history-doc/毕设冲刺/video/0428下午最优方案，后方走廊。成功/logs/timing_profile.csv,unknown,not_encoded_in_log,2026-04-28T15:26:48.811,True,navigate,"camera_fps=19.3, frame_age=0.056s, frames=3233",820.0,0.6792529998165264,0.1569320002090535,1.9196739999642887,147.5104349999583,0.5640809999931662,150.83594399993672,6.779181418591048,6.629719505056563
0428下午最优方案，后方走廊。成功,history-doc/毕设冲刺/video/0428下午最优方案，后方走廊。成功,history-doc/毕设冲刺/video/0428下午最优方案，后方走廊。成功/logs/timing_profile.csv,unknown,not_encoded_in_log,2026-04-28T15:26:49.487,True,navigate,"camera_fps=19.0, frame_age=0.012s, frames=3244",825.0,0.6930439999450755,0.18064599998979247,2.0631659999708063,110.60682599986649,0.6398590001026605,114.19365300002937,9.041033326471252,8.757054124538277
0428下午最优方案，后方走廊。成功,history-doc/毕设冲刺/video/0428下午最优方案，后方走廊。成功,history-doc/毕设冲刺/video/0428下午最优方案，后方走廊。成功/logs/timing_profile.csv,unknown,not_encoded_in_log,2026-04-28T15:26:50.129,True,navigate,"camera_fps=19.3, frame_age=0.016s, frames=3258",830.0,1.4614199999414268,0.3287780000391649,2.8970480000225507,126.6807179999887,0.5493609999120963,131.9228289999046,7.893861163623095,7.580189172570907
ddim2cfg0tts8,history-doc/毕设冲刺/video/ddim2cfg0tts8,history-doc/毕设冲刺/video/ddim2cfg0tts8/logs/timing_profile.csv,ddim2_cfg0_tts8,directory_name_exact_pattern,1970-01-01T08:47:06.183,False,navigate,"camera_fps=21.2, frame_age=0.049s, frames=446",20.0,0.82396100015103,0.22032700007912354,2.269508000154019,536.5681270000096,0.6158259998301219,540.5077660002462,1.863696238520672,1.8501121776658145
ddim2cfg0tts8,history-doc/毕设冲刺/video/ddim2cfg0tts8,history-doc/毕设冲刺/video/ddim2cfg0tts8/logs/timing_profile.csv,ddim2_cfg0_tts8,directory_name_exact_pattern,1970-01-01T08:47:07.370,False,navigate,"camera_fps=19.9, frame_age=0.039s, frames=470",25.0,0.7532070003435365,0.24106299997583847,2.2711089995937073,176.4249400002882,0.696980999691732,180.3986919999261,5.668132861478465,5.543277442390822
ddim2cfg0tts8,history-doc/毕设冲刺/video/ddim2cfg0tts8,history-doc/毕设冲刺/video/ddim2cfg0tts8/logs/timing_profile.csv,ddim2_cfg0_tts8,directory_name_exact_pattern,1970-01-01T08:47:08.220,False,navigate,"camera_fps=22.3, frame_age=0.013s, frames=490",30.0,0.8397379997404641,0.22547900016434141,2.479081999808841,157.49816000015926,0.6166909997773473,161.671854999895,6.349280524921617,6.185368504620977
ddim2cfg0tts8,history-doc/毕设冲刺/video/ddim2cfg0tts8,history-doc/毕设冲刺/video/ddim2cfg0tts8/logs/timing_profile.csv,ddim2_cfg0_tts8,directory_name_exact_pattern,1970-01-01T08:47:08.957,False,navigate,"camera_fps=22.3, frame_age=0.030s, frames=508",35.0,0.8994830000119691,0.2067260002149851,1.9969889999629231,144.29660999985572,0.5686890003744338,147.97556900020936,6.930169738575286,6.757872307952303
ddim2cfg0tts8,history-doc/毕设冲刺/video/ddim2cfg0tts8,history-doc/毕设冲刺/video/ddim2cfg0tts8/logs/timing_profile.csv,ddim2_cfg0_tts8,directory_name_exact_pattern,1970-01-01T08:47:09.696,False,navigate,"camera_fps=25.0, frame_age=0.009s, frames=527",40.0,1.7916380002134247,0.3430179999668326,3.026588000011543,150.98046000002796,0.6630919997405726,156.8214359999729,6.6233736471581475,6.376679269791745
ddim2cfg0tts8,history-doc/毕设冲刺/video/ddim2cfg0tts8,history-doc/毕设冲刺/video/ddim2cfg0tts8/logs/timing_profile.csv,ddim2_cfg0_tts8,directory_name_exact_pattern,1970-01-01T08:47:10.447,False,navigate,"camera_fps=25.0, frame_age=0.035s, frames=545",45.0,0.7533030002377927,0.23344699957306148,2.1908820003773144,148.11749299997246,0.5548650001401256,151.86403899997458,6.75139701426209,6.584837375490634
ddim2cfg0tts8,history-doc/毕设冲刺/video/ddim2cfg0tts8,history-doc/毕设冲刺/video/ddim2cfg0tts8/logs/timing_profile.csv,ddim2_cfg0_tts8,directory_name_exact_pattern,1970-01-01T08:47:11.193,False,navigate,"camera_fps=25.0, frame_age=0.026s, frames=564",50.0,0.8242489998337987,0.2628880001793732,2.2182429997883446,146.9741310002064,0.7896559995970165,151.07819099966946,6.803918439215645,6.6190890517228125
ddim2cfg0tts8,history-doc/毕设冲刺/video/ddim2cfg0tts8,history-doc/毕设冲刺/video/ddim2cfg0tts8/logs/timing_profile.csv,ddim2_cfg0_tts8,directory_name_exact_pattern,1970-01-01T08:47:11.897,False,navigate,"camera_fps=25.0, frame_age=0.009s, frames=582",55.0,1.126529999964987,0.2153349996660836,2.512172000024293,135.4646950003371,1.0454399998707231,140.3747959998327,7.381997205969508,7.123785953720579
ddim2cfg0tts8,history-doc/毕设冲刺/video/ddim2cfg0tts8,history-doc/毕设冲刺/video/ddim2cfg0tts8/logs/timing_profile.csv,ddim2_cfg0_tts8,directory_name_exact_pattern,1970-01-01T08:47:12.640,False,navigate,"camera_fps=25.0, frame_age=0.033s, frames=600",60.0,1.3869220001652138,0.2112379997925018,2.2448680001616594,137.50184500031537,0.5590249998022045,141.91273000005822,7.272629687243152,7.046584192972609
ddim2cfg0tts8,history-doc/毕设冲刺/video/ddim2cfg0tts8,history-doc/毕设冲刺/video/ddim2cfg0tts8/logs/timing_profile.csv,ddim2_cfg0_tts8,directory_name_exact_pattern,1970-01-01T08:47:13.335,False,navigate,"camera_fps=25.0, frame_age=0.007s, frames=618",65.0,0.6949650000933616,0.20183000015094876,1.941562999945745,134.42287199995917,0.5941940003140189,137.86214400033714,7.439210196314685,7.253622865444154
ddim2cfg0tts8,history-doc/毕设冲刺/video/ddim2cfg0tts8,history-doc/毕设冲刺/video/ddim2cfg0tts8/logs/timing_profile.csv,ddim2_cfg0_tts8,directory_name_exact_pattern,1970-01-01T08:47:14.057,False,navigate,"camera_fps=25.0, frame_age=0.006s, frames=631",70.0,0.8151930001076835,0.20669399964390323,3.9256550003301527,155.1383769997301,0.5418720002126065,160.6354390000888,6.445858332021482,6.225276353865146
ddim2cfg0tts8,history-doc/毕设冲刺/video/ddim2cfg0tts8,history-doc/毕设冲刺/video/ddim2cfg0tts8/logs/timing_profile.csv,ddim2_cfg0_tts8,directory_name_exact_pattern,1970-01-01T08:47:14.778,False,navigate,"camera_fps=20.0, frame_age=0.048s, frames=646",75.0,0.683347999711259,0.21376699987740722,2.125408000210882,133.5717110000587,0.5801130000691046,137.1829549998438,7.486615186052086,7.289535350810446
ddim2cfg0tts8,history-doc/毕设冲刺/video/ddim2cfg0tts8,history-doc/毕设冲刺/video/ddim2cfg0tts8/logs/timing_profile.csv,ddim2_cfg0_tts8,directory_name_exact_pattern,1970-01-01T08:47:15.493,False,navigate,"camera_fps=20.2, frame_age=0.043s, frames=659",80.0,0.6708689998049522,0.17018100015775417,1.9880919999195612,138.25421999990795,0.5677929998455511,141.6584509997847,7.233052271392988,7.05923291510169
ddim2cfg0tts8,history-doc/毕设冲刺/video/ddim2cfg0tts8,history-doc/毕设冲刺/video/ddim2cfg0tts8/logs/timing_profile.csv,ddim2_cfg0_tts8,directory_name_exact_pattern,1970-01-01T08:47:16.196,False,navigate,"camera_fps=20.2, frame_age=0.066s, frames=671",85.0,0.8119599997371552,0.24608800003989018,2.085181999973429,136.16746900015642,0.5609129998447315,139.880988999721,7.343897976093331,7.148934298727288
ddim2cfg0tts8,history-doc/毕设冲刺/video/ddim2cfg0tts8,history-doc/毕设冲刺/video/ddim2cfg0tts8/logs/timing_profile.csv,ddim2_cfg0_tts8,directory_name_exact_pattern,1970-01-01T08:47:16.902,False,navigate,"camera_fps=16.3, frame_age=0.052s, frames=686",90.0,1.366985000004206,0.2651279996825906,2.266884000164282,130.59872399981032,0.5588009998973575,135.06369099968651,7.657042652280833,7.403914350321738
ddim2cfg0tts8,history-doc/毕设冲刺/video/ddim2cfg0tts8,history-doc/毕设冲刺/video/ddim2cfg0tts8/logs/timing_profile.csv,ddim2_cfg0_tts8,directory_name_exact_pattern,1970-01-01T08:47:17.627,False,navigate,"camera_fps=23.1, frame_age=0.020s, frames=704",95.0,0.7724709998910839,0.19437399987509707,2.1928660003140976,148.51840099981928,0.5506410002453777,152.2349619999659,6.733172410072048,6.568793310436955
ddim2cfg0tts8,history-doc/毕设冲刺/video/ddim2cfg0tts8,history-doc/毕设冲刺/video/ddim2cfg0tts8/logs/timing_profile.csv,ddim2_cfg0_tts8,directory_name_exact_pattern,1970-01-01T08:47:18.339,False,navigate,"camera_fps=19.0, frame_age=0.010s, frames=716",100.0,0.8377849999305909,0.20282200011934037,2.02978900006201,137.81270299978132,0.5536809999284742,141.44506799993906,7.256225139141105,7.069882422485249
ddim2cfg0tts8,history-doc/毕设冲刺/video/ddim2cfg0tts8,history-doc/毕设冲刺/video/ddim2cfg0tts8/logs/timing_profile.csv,ddim2_cfg0_tts8,directory_name_exact_pattern,1970-01-01T08:47:19.052,False,navigate,"camera_fps=19.0, frame_age=0.005s, frames=732",105.0,0.7698469999013469,0.1935740001499653,2.009852999890427,141.1819239997385,0.6615560000682308,144.82430599991858,7.083059726554316,6.904918294589047
ddim2cfg0tts8,history-doc/毕设冲刺/video/ddim2cfg0tts8,history-doc/毕设冲刺/video/ddim2cfg0tts8/logs/timing_profile.csv,ddim2_cfg0_tts8,directory_name_exact_pattern,1970-01-01T08:47:19.768,False,navigate,"camera_fps=22.2, frame_age=0.039s, frames=748",110.0,0.657459000194649,0.20282300010876497,1.9444099998509046,146.14709800025594,0.7283420000021579,149.68758800023352,6.842421188536011,6.680580623681637
ddim2cfg0tts8,history-doc/毕设冲刺/video/ddim2cfg0tts8,history-doc/毕设冲刺/video/ddim2cfg0tts8/logs/timing_profile.csv,ddim2_cfg0_tts8,directory_name_exact_pattern,1970-01-01T08:47:20.476,False,navigate,"camera_fps=22.0, frame_age=0.029s, frames=763",115.0,0.8167599999069353,0.18310999985260423,1.9583950002015627,142.95583400007672,0.5285279999043269,146.45024299989018,6.995167472489883,6.828257703886158
ddim2cfg0tts8,history-doc/毕设冲刺/video/ddim2cfg0tts8,history-doc/毕设冲刺/video/ddim2cfg0tts8/logs/timing_profile.csv,ddim2_cfg0_tts8,directory_name_exact_pattern,1970-01-01T08:47:21.189,False,navigate,"camera_fps=22.0, frame_age=0.026s, frames=779",120.0,0.8106489999590849,0.22282300005826983,2.308100999925955,138.6571439998079,0.5620010001621267,142.5676620001468,7.212033734095847,7.014213363469271
ddim2cfg0tts8,history-doc/毕设冲刺/video/ddim2cfg0tts8,history-doc/毕设冲刺/video/ddim2cfg0tts8/logs/timing_profile.csv,ddim2_cfg0_tts8,directory_name_exact_pattern,1970-01-01T08:47:21.895,False,navigate,"camera_fps=23.1, frame_age=0.010s, frames=797",125.0,1.2375089995657618,0.21082200009914231,2.1468810000442318,132.46866899999077,0.5368480001379794,136.6103939999448,7.548954840031417,7.3200872255767315
ddim2cfg0tts8,history-doc/毕设冲刺/video/ddim2cfg0tts8,history-doc/毕设冲刺/video/ddim2cfg0tts8/logs/timing_profile.csv,ddim2_cfg0_tts8,directory_name_exact_pattern,1970-01-01T08:47:22.608,False,navigate,"camera_fps=25.0, frame_age=0.003s, frames=815",130.0,1.4248110001062742,0.24160700013453607,2.877942999930383,140.02441700040436,0.5601449997811869,145.13849200011464,7.141611594762878,6.88997099404347
ddim2cfg0tts8,history-doc/毕设冲刺/video/ddim2cfg0tts8,history-doc/毕设冲刺/video/ddim2cfg0tts8/logs/timing_profile.csv,ddim2_cfg0_tts8,directory_name_exact_pattern,1970-01-01T08:47:23.334,False,navigate,"camera_fps=25.0, frame_age=0.009s, frames=833",135.0,0.8365379999304423,0.18720499974733684,1.947003000168479,146.86836800001402,0.5733610000788758,150.41817099972832,6.808818083958722,6.648132957299462
ddim2cfg0tts8,history-doc/毕设冲刺/video/ddim2cfg0tts8,history-doc/毕设冲刺/video/ddim2cfg0tts8/logs/timing_profile.csv,ddim2_cfg0_tts8,directory_name_exact_pattern,1970-01-01T08:47:24.054,False,navigate,"camera_fps=25.0, frame_age=0.011s, frames=851",140.0,0.7023250000202097,0.21168600005694316,2.3011899997982255,142.5827019997996,0.5619050002678705,146.36736000011297,7.013473485734654,6.832124320608284
ddim2cfg0tts8,history-doc/毕设冲刺/video/ddim2cfg0tts8,history-doc/毕设冲刺/video/ddim2cfg0tts8/logs/timing_profile.csv,ddim2_cfg0_tts8,directory_name_exact_pattern,1970-01-01T08:47:25.057,False,navigate,"camera_fps=24.9, frame_age=0.013s, frames=876",145.0,0.6792209997001919,0.19722200022442848,1.9175940001332492,147.21340200003397,0.5778419999842299,150.5926410000029,6.792859796825899,6.640430723304605
ddim2cfg0tts8,history-doc/毕设冲刺/video/ddim2cfg0tts8,history-doc/毕设冲刺/video/ddim2cfg0tts8/logs/timing_profile.csv,ddim2_cfg0_tts8,directory_name_exact_pattern,1970-01-01T08:47:25.817,False,navigate,"camera_fps=25.1, frame_age=0.014s, frames=895",150.0,0.7014610000624089,0.1909180000438937,1.9999000001007516,151.0975200003486,0.5664489999617217,154.56306400028552,6.618242311307909,6.469851037620169
ddim2cfg0tts8,history-doc/毕设冲刺/video/ddim2cfg0tts8,history-doc/毕设冲刺/video/ddim2cfg0tts8/logs/timing_profile.csv,ddim2_cfg0_tts8,directory_name_exact_pattern,1970-01-01T08:47:26.600,False,navigate,"camera_fps=19.2, frame_age=0.034s, frames=908",155.0,0.7573990001219499,0.18234200024380698,1.9159290000061446,159.66753800012157,0.7275419998222787,163.25731100005214,6.263013838161885,6.125299956702586
ddim2cfg0tts8,history-doc/毕设冲刺/video/ddim2cfg0tts8,history-doc/毕设冲刺/video/ddim2cfg0tts8/logs/timing_profile.csv,ddim2_cfg0_tts8,directory_name_exact_pattern,1970-01-01T08:47:27.381,False,navigate,"camera_fps=19.2, frame_age=0.018s, frames=922",160.0,0.6708360001539404,0.19565399998100474,2.0237409999026568,146.7991500003336,0.5848499999956402,150.28149500039945,6.812028543746523,6.654179212133483
ddim2cfg0tts8,history-doc/毕设冲刺/video/ddim2cfg0tts8,history-doc/毕设冲刺/video/ddim2cfg0tts8/logs/timing_profile.csv,ddim2_cfg0_tts8,directory_name_exact_pattern,1970-01-01T08:47:28.152,False,navigate,"camera_fps=19.3, frame_age=0.029s, frames=939",165.0,0.6749650001438567,0.19350999991729623,2.121631999671081,147.98811300033776,0.5482729998220748,151.53414099995643,6.7572994865994245,6.599172921700117
ddim2cfg0tts8,history-doc/毕设冲刺/video/ddim2cfg0tts8,history-doc/毕设冲刺/video/ddim2cfg0tts8/logs/timing_profile.csv,ddim2_cfg0_tts8,directory_name_exact_pattern,1970-01-01T08:47:28.907,False,navigate,"camera_fps=22.2, frame_age=0.023s, frames=956",170.0,0.6954450000193901,0.20080600006622262,1.948314999935974,139.07161999986783,0.5690729999514588,142.49329099993702,7.190539665827941,7.017874266097497
ddim2cfg0tts8,history-doc/毕设冲刺/video/ddim2cfg0tts8,history-doc/毕设冲刺/video/ddim2cfg0tts8/logs/timing_profile.csv,ddim2_cfg0_tts8,directory_name_exact_pattern,1970-01-01T08:47:29.655,False,navigate,"camera_fps=22.2, frame_age=0.049s, frames=970",175.0,0.6578120000995114,0.18170100020142854,1.9616919998952653,148.8767480000206,0.5464490000122169,152.2308020003038,6.716965633880327,6.568972815357068
ddim2cfg0tts8,history-doc/毕设冲刺/video/ddim2cfg0tts8,history-doc/毕设冲刺/video/ddim2cfg0tts8/logs/timing_profile.csv,ddim2_cfg0_tts8,directory_name_exact_pattern,1970-01-01T08:47:30.687,False,navigate,"camera_fps=25.0, frame_age=0.003s, frames=996",180.0,0.760247000016534,0.17706099970382638,1.9954520003011567,143.61607699993328,0.5526889999600826,147.1092389997466,6.9630087444908035,6.797669587575819
ddim2cfg2tts8,history-doc/毕设冲刺/video/ddim2cfg2tts8,history-doc/毕设冲刺/video/ddim2cfg2tts8/logs/timing_profile.csv,ddim2_cfg2_tts8,directory_name_exact_pattern,1970-01-01T08:50:18.408,False,navigate,"camera_fps=25.0, frame_age=0.006s, frames=560",5.0,1.2554939999063208,0.2194630001213227,2.0418209996933,273.53171000004295,0.6464520001827623,277.70060400007424,3.6558832612125407,3.6010004501096895
ddim2cfg2tts8,history-doc/毕设冲刺/video/ddim2cfg2tts8,history-doc/毕设冲刺/video/ddim2cfg2tts8/logs/timing_profile.csv,ddim2_cfg2_tts8,directory_name_exact_pattern,1970-01-01T08:50:19.820,False,navigate,"camera_fps=25.0, frame_age=0.018s, frames=593",10.0,0.841433000005054,0.2150469999833149,2.078557999993791,273.05489499985924,0.6758599997738202,276.87318599964783,3.662267252160103,3.611761812143383
ddim2cfg2tts8,history-doc/毕设冲刺/video/ddim2cfg2tts8,history-doc/毕设冲刺/video/ddim2cfg2tts8/logs/timing_profile.csv,ddim2_cfg2_tts8,directory_name_exact_pattern,1970-01-01T08:50:21.311,False,navigate,"camera_fps=22.0, frame_age=0.028s, frames=627",15.0,1.2743419997605088,0.2578960002210806,2.250115999686386,278.2175469997128,0.7346780002990272,282.74369900009333,3.5943095997501278,3.5367720077810465
ddim2cfg2tts8,history-doc/毕设冲刺/video/ddim2cfg2tts8,history-doc/毕设冲刺/video/ddim2cfg2tts8/logs/timing_profile.csv,ddim2_cfg2_tts8,directory_name_exact_pattern,1970-01-01T08:50:23.103,False,navigate,"camera_fps=25.0, frame_age=0.017s, frames=672",20.0,0.7868400002735143,0.22086999979364919,2.044798000042647,631.5151520002473,0.6289149996518972,635.2033269999993,1.5834932809333582,1.574299059047594
ddim2cfg2tts8,history-doc/毕设冲刺/video/ddim2cfg2tts8,history-doc/毕设冲刺/video/ddim2cfg2tts8/logs/timing_profile.csv,ddim2_cfg2_tts8,directory_name_exact_pattern,1970-01-01T08:50:24.923,False,navigate,"camera_fps=22.1, frame_age=0.039s, frames=711",25.0,1.2476219999371096,0.22451900031228433,2.0173079997221066,294.92880299994795,0.7771440000396979,299.2026289998648,3.390648827202464,3.3422166220352687
ddim2cfg2tts8,history-doc/毕设冲刺/video/ddim2cfg2tts8,history-doc/毕设冲刺/video/ddim2cfg2tts8/logs/timing_profile.csv,ddim2_cfg2_tts8,directory_name_exact_pattern,1970-01-01T08:50:26.416,False,navigate,"camera_fps=24.1, frame_age=0.013s, frames=747",30.0,0.779159000103391,0.2013180001085857,2.066974999706872,304.58544699968115,0.6845960001555795,308.3253350000632,3.2831509510730066,3.243327376907885
ddim2cfg2tts8,history-doc/毕设冲刺/video/ddim2cfg2tts8,history-doc/毕设冲刺/video/ddim2cfg2tts8/logs/timing_profile.csv,ddim2_cfg2_tts8,directory_name_exact_pattern,1970-01-01T08:50:27.877,False,navigate,"camera_fps=23.2, frame_age=0.038s, frames=781",35.0,0.7945839997773874,0.20826200034207432,2.210722999734571,276.3295219997417,0.8449540000583511,280.39636499988774,3.6188677661481816,3.566380042053685
ddim2cfg2tts8,history-doc/毕设冲刺/video/ddim2cfg2tts8,history-doc/毕设冲刺/video/ddim2cfg2tts8/logs/timing_profile.csv,ddim2_cfg2_tts8,directory_name_exact_pattern,1970-01-01T08:50:29.378,False,navigate,"camera_fps=25.0, frame_age=0.020s, frames=819",40.0,0.8450179998362728,0.23651900028198725,2.4296409997077717,287.10984700001063,0.7212059999801568,291.3582639998822,3.4829874713421547,3.432200570773597
ddim2cfg2tts8,history-doc/毕设冲刺/video/ddim2cfg2tts8,history-doc/毕设冲刺/video/ddim2cfg2tts8/logs/timing_profile.csv,ddim2_cfg2_tts8,directory_name_exact_pattern,1970-01-01T08:50:30.821,False,navigate,"camera_fps=25.0, frame_age=0.022s, frames=855",45.0,0.9901729999910458,0.24400799975410337,2.2245469999688794,281.6304500001934,0.6836369998381997,285.7803669999157,3.550752413310824,3.49919069143156
ddim2cfg2tts8,history-doc/毕设冲刺/video/ddim2cfg2tts8,history-doc/毕设冲刺/video/ddim2cfg2tts8/logs/timing_profile.csv,ddim2_cfg2_tts8,directory_name_exact_pattern,1970-01-01T08:50:32.313,False,navigate,"camera_fps=25.0, frame_age=0.034s, frames=892",50.0,0.9647649999351415,0.23277499985852046,2.215619000253355,264.229061000151,0.6838610001977941,268.33376100012174,3.7845950638996086,3.7267021349562732
ddim2cfg2tts8,history-doc/毕设冲刺/video/ddim2cfg2tts8,history-doc/毕设冲刺/video/ddim2cfg2tts8/logs/timing_profile.csv,ddim2_cfg2_tts8,directory_name_exact_pattern,1970-01-01T08:50:33.741,False,navigate,"camera_fps=25.0, frame_age=0.059s, frames=926",55.0,0.7969519997459429,0.19933400017180247,2.081662999898981,275.54085899964775,0.6573960004061519,279.28375600004074,3.62922582019416,3.5805877660849497
ddim2cfg2tts8,history-doc/毕设冲刺/video/ddim2cfg2tts8,history-doc/毕设冲刺/video/ddim2cfg2tts8/logs/timing_profile.csv,ddim2_cfg2_tts8,directory_name_exact_pattern,1970-01-01T08:50:35.194,False,navigate,"camera_fps=21.0, frame_age=0.035s, frames=958",60.0,0.814263999927789,0.2193029999943974,2.0123479998801486,266.7859700000008,0.663540000005014,270.50278599972444,3.748323047122744,3.696819595791589
ddim2cfg2tts8,history-doc/毕设冲刺/video/ddim2cfg2tts8,history-doc/毕设冲刺/video/ddim2cfg2tts8/logs/timing_profile.csv,ddim2_cfg2_tts8,directory_name_exact_pattern,1970-01-01T08:50:36.652,False,navigate,"camera_fps=22.2, frame_age=0.013s, frames=992",65.0,0.8570179998059757,0.2421509998384863,2.376423999976396,299.53463899983035,0.6290750002335699,303.65137099988715,3.3385120443467855,3.293250403273732
ddim2cfg2tts8,history-doc/毕设冲刺/video/ddim2cfg2tts8,history-doc/毕设冲刺/video/ddim2cfg2tts8/logs/timing_profile.csv,ddim2_cfg2_tts8,directory_name_exact_pattern,1970-01-01T08:50:38.112,False,navigate,"camera_fps=22.0, frame_age=0.034s, frames=1024",70.0,1.0118700001839898,0.24611999970147735,2.382183999998233,265.86191000023973,0.6709009999212867,270.18613700010974,3.761351146537307,3.7011521431227017
ddim2cfg2tts8,history-doc/毕设冲刺/video/ddim2cfg2tts8,history-doc/毕设冲刺/video/ddim2cfg2tts8/logs/timing_profile.csv,ddim2_cfg2_tts8,directory_name_exact_pattern,1970-01-01T08:50:39.516,False,navigate,"camera_fps=23.0, frame_age=0.037s, frames=1057",75.0,1.1376669999663136,0.27312799966239254,2.3063420003381907,265.9229360001518,0.6415869997908885,270.28799599975173,3.7604879633226864,3.699757350677603
ddim2cfg2tts8,history-doc/毕设冲刺/video/ddim2cfg2tts8,history-doc/毕设冲刺/video/ddim2cfg2tts8/logs/timing_profile.csv,ddim2_cfg2_tts8,directory_name_exact_pattern,1970-01-01T08:50:40.907,False,navigate,"camera_fps=25.1, frame_age=0.031s, frames=1092",80.0,0.7759269997222873,0.2422470001874899,2.279940999869723,282.1150409999973,0.7089819996508595,286.13535399972534,3.5446532607951577,3.494849503990199
ddim2cfg2tts8,history-doc/毕设冲刺/video/ddim2cfg2tts8,history-doc/毕设冲刺/video/ddim2cfg2tts8/logs/timing_profile.csv,ddim2_cfg2_tts8,directory_name_exact_pattern,1970-01-01T08:50:42.316,False,navigate,"camera_fps=25.0, frame_age=0.039s, frames=1127",85.0,0.8755470003052324,0.22880699998495402,2.299364999998943,266.55348400026924,1.2746299998980248,271.2406330001613,3.7515923070770665,3.6867632586575083
ddim2cfg2tts8,history-doc/毕设冲刺/video/ddim2cfg2tts8,history-doc/毕设冲刺/video/ddim2cfg2tts8/logs/timing_profile.csv,ddim2_cfg2_tts8,directory_name_exact_pattern,1970-01-01T08:50:43.807,False,navigate,"camera_fps=25.0, frame_age=0.013s, frames=1165",90.0,0.7920240000203194,0.2160389999517065,2.006908000112162,315.19443999968644,0.6156020003800222,318.8323730000775,3.172644796656295,3.136444366017239
ddim2cfg2tts8,history-doc/毕设冲刺/video/ddim2cfg2tts8,history-doc/毕设冲刺/video/ddim2cfg2tts8/logs/timing_profile.csv,ddim2_cfg2_tts8,directory_name_exact_pattern,1970-01-01T08:50:45.256,False,navigate,"camera_fps=24.9, frame_age=0.021s, frames=1201",95.0,0.8045039999160508,0.21290299991960637,2.0266210003683227,287.30735799990725,0.7791910002197255,291.13675300004616,3.4805930727340537,3.4348119558777985
ddim2cfg2tts8,history-doc/毕设冲刺/video/ddim2cfg2tts8,history-doc/毕设冲刺/video/ddim2cfg2tts8/logs/timing_profile.csv,ddim2_cfg2_tts8,directory_name_exact_pattern,1970-01-01T08:50:46.686,False,navigate,"camera_fps=24.9, frame_age=0.010s, frames=1231",100.0,1.1648990002868231,0.2724249998209416,4.876467000030971,293.56652299975394,1.303751000250486,301.1948490002396,3.406382954642407,3.320109900017594
ddim2cfg2tts8,history-doc/毕设冲刺/video/ddim2cfg2tts8,history-doc/毕设冲刺/video/ddim2cfg2tts8/logs/timing_profile.csv,ddim2_cfg2_tts8,directory_name_exact_pattern,1970-01-01T08:50:48.159,False,navigate,"camera_fps=25.0, frame_age=0.004s, frames=1267",105.0,0.7662309999432182,0.20266199999241508,2.335398000013811,300.436905999959,0.6277309998949931,304.381377000027,3.32848588182484,3.285352112721112
ddim2cfg2tts8,history-doc/毕设冲刺/video/ddim2cfg2tts8,history-doc/毕设冲刺/video/ddim2cfg2tts8/logs/timing_profile.csv,ddim2_cfg2_tts8,directory_name_exact_pattern,1970-01-01T08:50:49.599,False,navigate,"camera_fps=22.1, frame_age=0.004s, frames=1300",110.0,0.8576580003136769,0.24967099989225972,2.1286729997882503,279.2872109998825,0.6347720000121626,283.1650250000166,3.5805434714317106,3.531509585267253
ddim2cfg2tts8,history-doc/毕设冲刺/video/ddim2cfg2tts8,history-doc/毕设冲刺/video/ddim2cfg2tts8/logs/timing_profile.csv,ddim2_cfg2_tts8,directory_name_exact_pattern,1970-01-01T08:50:51.061,False,navigate,"camera_fps=22.0, frame_age=0.026s, frames=1333",115.0,1.903545999994094,0.2874960000553983,2.144352999948751,322.8192449996641,0.6588360001842375,327.8201960001752,3.097708750297835,3.050452693889139
ddim2cfg2tts8,history-doc/毕设冲刺/video/ddim2cfg2tts8,history-doc/毕设冲刺/video/ddim2cfg2tts8/logs/timing_profile.csv,ddim2_cfg2_tts8,directory_name_exact_pattern,1970-01-01T08:50:52.539,False,navigate,"camera_fps=24.0, frame_age=0.024s, frames=1367",120.0,0.7782630000292556,0.24467899993396713,2.154177000193158,283.8092679999136,0.6342269998640404,287.62803900008294,3.523493108760298,3.4767125050687833
ddim2cfg2tts8,history-doc/毕设冲刺/video/ddim2cfg2tts8,history-doc/毕设冲刺/video/ddim2cfg2tts8/logs/timing_profile.csv,ddim2_cfg2_tts8,directory_name_exact_pattern,1970-01-01T08:50:53.989,False,navigate,"camera_fps=22.1, frame_age=0.036s, frames=1402",125.0,1.7197000001942797,0.2780559998427634,4.120316000353341,291.0997919998408,0.6599240000468853,297.8910370002268,3.4352480746552607,3.3569321523401143
ddim2cfg2tts8,history-doc/毕设冲刺/video/ddim2cfg2tts8,history-doc/毕设冲刺/video/ddim2cfg2tts8/logs/timing_profile.csv,ddim2_cfg2_tts8,directory_name_exact_pattern,1970-01-01T08:50:55.484,False,navigate,"camera_fps=25.0, frame_age=0.012s, frames=1440",130.0,0.8856590002324083,0.2651279996825906,2.4613540003883827,273.4345869998833,0.6335550001494994,277.6908750001894,3.6571818180427433,3.601126612458252
ddim2cfg2tts8,history-doc/毕设冲刺/video/ddim2cfg2tts8,history-doc/毕设冲刺/video/ddim2cfg2tts8/logs/timing_profile.csv,ddim2_cfg2_tts8,directory_name_exact_pattern,1970-01-01T08:50:56.904,False,navigate,"camera_fps=25.0, frame_age=0.033s, frames=1475",135.0,0.7623910000802425,0.1877179997791245,1.9741400001294096,300.07695899985265,0.6377790000442474,303.64506700016136,3.332478452637515,3.293318774710964
ddim2cfg2tts8,history-doc/毕设冲刺/video/ddim2cfg2tts8,history-doc/毕设冲刺/video/ddim2cfg2tts8/logs/timing_profile.csv,ddim2_cfg2_tts8,directory_name_exact_pattern,1970-01-01T08:50:58.405,False,navigate,"camera_fps=24.1, frame_age=0.014s, frames=1512",140.0,0.7725030000074184,0.2140870001312578,2.0276449999983015,295.91001700009656,0.6459720002567337,299.57691200024783,3.3794057062950786,3.3380409502290775
ddim2cfg2tts8,history-doc/毕设冲刺/video/ddim2cfg2tts8,history-doc/毕设冲刺/video/ddim2cfg2tts8/logs/timing_profile.csv,ddim2_cfg2_tts8,directory_name_exact_pattern,1970-01-01T08:50:59.890,False,navigate,"camera_fps=24.0, frame_age=0.057s, frames=1547",145.0,0.8889229998203518,0.31984999986889306,2.4307610001415014,292.01428400028817,0.6523389997710183,296.31649299972196,3.4244900156973594,3.3747699626052823
ddim2cfg2tts8,history-doc/毕设冲刺/video/ddim2cfg2tts8,history-doc/毕设冲刺/video/ddim2cfg2tts8/logs/timing_profile.csv,ddim2_cfg2_tts8,directory_name_exact_pattern,1970-01-01T08:51:01.297,False,navigate,"camera_fps=22.1, frame_age=0.025s, frames=1578",150.0,0.9552599999551603,0.3005849998771737,2.7020340003218735,277.0834970001488,0.6634119999944232,281.7144840000765,3.6090204246247946,3.549693241898519
ddim2cfg2tts8,history-doc/毕设冲刺/video/ddim2cfg2tts8,history-doc/毕设冲刺/video/ddim2cfg2tts8/logs/timing_profile.csv,ddim2_cfg2_tts8,directory_name_exact_pattern,1970-01-01T08:51:02.774,False,navigate,"camera_fps=25.0, frame_age=0.023s, frames=1615",155.0,0.7910960002845968,0.22090299989940831,2.0338529998298327,290.8177039998918,0.682004000282177,294.55244000018865,3.4385802041830713,3.39498121285079
ddim2cfg2tts8,history-doc/毕设冲刺/video/ddim2cfg2tts8,history-doc/毕设冲刺/video/ddim2cfg2tts8/logs/timing_profile.csv,ddim2_cfg2_tts8,directory_name_exact_pattern,1970-01-01T08:51:04.222,False,navigate,"camera_fps=25.0, frame_age=0.030s, frames=1650",160.0,1.4048739999452664,0.23133500008043484,2.2075549995861365,285.22236700018766,0.6348029996843252,289.70822999963275,3.5060363972063313,3.4517486783211773
ddim2cfg2tts8,history-doc/毕设冲刺/video/ddim2cfg2tts8,history-doc/毕设冲刺/video/ddim2cfg2tts8/logs/timing_profile.csv,ddim2_cfg2_tts8,directory_name_exact_pattern,1970-01-01T08:51:05.680,False,navigate,"camera_fps=23.1, frame_age=0.008s, frames=1684",165.0,1.433739000276546,0.25572000004103757,2.4457380000058038,293.03274699987014,0.6280819998210063,297.80690600000526,3.412587877082704,3.3578804918646927
ddim2cfg2tts8,history-doc/毕设冲刺/video/ddim2cfg2tts8,history-doc/毕设冲刺/video/ddim2cfg2tts8/logs/timing_profile.csv,ddim2_cfg2_tts8,directory_name_exact_pattern,1970-01-01T08:51:07.126,False,navigate,"camera_fps=24.1, frame_age=0.016s, frames=1720",170.0,0.9931179997693107,0.8486010001433897,2.3376069998448656,293.4874480001781,0.7382939998024085,298.41729199961264,3.407300744253271,3.351012246305412
ddim2cfg2tts8,history-doc/毕设冲刺/video/ddim2cfg2tts8,history-doc/毕设冲刺/video/ddim2cfg2tts8/logs/timing_profile.csv,ddim2_cfg2_tts8,directory_name_exact_pattern,1970-01-01T08:51:08.553,False,navigate,"camera_fps=24.9, frame_age=0.005s, frames=1756",175.0,1.002942000013718,0.21267900001475937,2.1364479998737806,261.9019829999161,0.786232000336895,266.04646000032517,3.8182223309104173,3.75874198814289
ddim2cfg2tts8,history-doc/毕设冲刺/video/ddim2cfg2tts8,history-doc/毕设冲刺/video/ddim2cfg2tts8/logs/timing_profile.csv,ddim2_cfg2_tts8,directory_name_exact_pattern,1970-01-01T08:51:10.030,False,navigate,"camera_fps=25.1, frame_age=0.003s, frames=1793",180.0,1.8732730000010633,0.3221850001864368,2.306821999809472,274.9066000001221,0.6435709997276717,280.05984299988995,3.637599097291792,3.5706654309607426
ddim2cfg2tts8,history-doc/毕设冲刺/video/ddim2cfg2tts8,history-doc/毕设冲刺/video/ddim2cfg2tts8/logs/timing_profile.csv,ddim2_cfg2_tts8,directory_name_exact_pattern,1970-01-01T08:51:11.465,False,navigate,"camera_fps=25.0, frame_age=0.038s, frames=1828",185.0,0.8245039998655557,0.20784700018339208,2.0037719996253145,288.5764839998046,0.6262910001169075,292.2457139998187,3.465285826965294,3.421778154805105
ddim2cfg2tts8,history-doc/毕设冲刺/video/ddim2cfg2tts8,history-doc/毕设冲刺/video/ddim2cfg2tts8/logs/timing_profile.csv,ddim2_cfg2_tts8,directory_name_exact_pattern,1970-01-01T08:51:12.881,False,navigate,"camera_fps=25.0, frame_age=0.012s, frames=1863",190.0,0.839546000406699,0.5530720000024303,2.873206999993272,279.2500909999944,0.7960880002428894,284.32266000027084,3.5810194239113784,3.517130854076307
ddim2cfg2tts8,history-doc/毕设冲刺/video/ddim2cfg2tts8,history-doc/毕设冲刺/video/ddim2cfg2tts8/logs/timing_profile.csv,ddim2_cfg2_tts8,directory_name_exact_pattern,1970-01-01T08:51:14.340,False,navigate,"camera_fps=23.1, frame_age=0.032s, frames=1896",195.0,0.7581670001854945,0.2250940001431445,2.15497699991829,283.7708659999407,0.6560840001839097,287.5716530002137,3.5239699342504345,3.477394206164183
ddim2cfg2tts8,history-doc/毕设冲刺/video/ddim2cfg2tts8,history-doc/毕设冲刺/video/ddim2cfg2tts8/logs/timing_profile.csv,ddim2_cfg2_tts8,directory_name_exact_pattern,1970-01-01T08:51:15.775,False,navigate,"camera_fps=21.2, frame_age=0.028s, frames=1926",200.0,1.6152480002347147,0.38721199962310493,2.67678500040347,271.925549000116,1.0320639999008563,277.64469800013103,3.6774771759294063,3.601725540602717
ddim2cfg2tts8,history-doc/毕设冲刺/video/ddim2cfg2tts8,history-doc/毕设冲刺/video/ddim2cfg2tts8/logs/timing_profile.csv,ddim2_cfg2_tts8,directory_name_exact_pattern,1970-01-01T08:51:17.228,False,navigate,"camera_fps=21.0, frame_age=0.040s, frames=1959",205.0,2.553869000166742,0.28663299963227473,2.4351770002795092,280.389421000109,0.6486910001513024,286.326272000224,3.5664683654366947,3.4925191915299263
ddim2cfg2tts8,history-doc/毕设冲刺/video/ddim2cfg2tts8,history-doc/毕设冲刺/video/ddim2cfg2tts8/logs/timing_profile.csv,ddim2_cfg2_tts8,directory_name_exact_pattern,1970-01-01T08:51:18.638,False,navigate,"camera_fps=23.0, frame_age=0.010s, frames=1993",210.0,0.7573030002276937,0.33818599968071794,2.3840080002628383,283.9582319998044,0.7139740000638994,288.16008700005113,3.5216446903384324,3.470293233218737
ddim2cfg2tts8,history-doc/毕设冲刺/video/ddim2cfg2tts8,history-doc/毕设冲刺/video/ddim2cfg2tts8/logs/timing_profile.csv,ddim2_cfg2_tts8,directory_name_exact_pattern,1970-01-01T08:51:20.119,False,navigate,"camera_fps=25.0, frame_age=0.014s, frames=2030",215.0,0.7796710001457541,0.18797399980030605,2.0266850001462444,269.46288299996013,0.6527239997922152,273.1163690000358,3.7110862500500597,3.661442936069017
ddim2cfg2tts8,history-doc/毕设冲刺/video/ddim2cfg2tts8,history-doc/毕设冲刺/video/ddim2cfg2tts8/logs/timing_profile.csv,ddim2_cfg2_tts8,directory_name_exact_pattern,1970-01-01T08:51:21.584,False,navigate,"camera_fps=25.1, frame_age=0.038s, frames=2066",220.0,0.8227129997067095,0.21565500037468155,2.2526119996655325,277.7102360000754,0.6457790000240493,281.65621100015414,3.6008755543304085,3.5504276523816927
ddim2cfg2tts8,history-doc/毕设冲刺/video/ddim2cfg2tts8,history-doc/毕设冲刺/video/ddim2cfg2tts8/logs/timing_profile.csv,ddim2_cfg2_tts8,directory_name_exact_pattern,1970-01-01T08:51:23.045,False,navigate,"camera_fps=24.9, frame_age=0.020s, frames=2103",225.0,0.7843759999559552,0.28522499997052364,2.073917999950936,289.60448200041355,0.6798609997531457,293.43512700006613,3.4529852338354763,3.407908283590651
ddim2cfg2tts8,history-doc/毕设冲刺/video/ddim2cfg2tts8,history-doc/毕设冲刺/video/ddim2cfg2tts8/logs/timing_profile.csv,ddim2_cfg2_tts8,directory_name_exact_pattern,1970-01-01T08:51:24.488,False,navigate,"camera_fps=25.1, frame_age=0.023s, frames=2139",230.0,0.9472280003137712,0.23972000008143368,2.411879999726807,281.7906150003182,0.6324989999484387,286.03391100023146,3.548734225938897,3.4960889654765124
ddim2cfg2tts8,history-doc/毕设冲刺/video/ddim2cfg2tts8,history-doc/毕设冲刺/video/ddim2cfg2tts8/logs/timing_profile.csv,ddim2_cfg2_tts8,directory_name_exact_pattern,1970-01-01T08:51:25.921,False,navigate,"camera_fps=25.0, frame_age=0.016s, frames=2175",235.0,0.7555740003226674,0.18781399967338075,2.075038999919343,280.3750520001813,0.6607559998883517,284.0597389999857,3.5666511441230275,3.520386252273682
ddim2cfg2tts8,history-doc/毕设冲刺/video/ddim2cfg2tts8,history-doc/毕设冲刺/video/ddim2cfg2tts8/logs/timing_profile.csv,ddim2_cfg2_tts8,directory_name_exact_pattern,1970-01-01T08:51:27.327,False,navigate,"camera_fps=25.0, frame_age=0.022s, frames=2207",240.0,0.8280890001515218,0.25856799993562163,2.21933100010574,267.2675850003543,0.6536519999826851,271.2342970003192,3.7415685856504983,3.686849380994112
ddim2cfg2tts8,history-doc/毕设冲刺/video/ddim2cfg2tts8,history-doc/毕设冲刺/video/ddim2cfg2tts8/logs/timing_profile.csv,ddim2_cfg2_tts8,directory_name_exact_pattern,1970-01-01T08:51:28.761,False,navigate,"camera_fps=22.1, frame_age=0.017s, frames=2242",245.0,0.8185209999282961,0.21174999983486487,2.1374729999479314,280.802040999788,0.6271870001910429,284.603307999987,3.561227676406935,3.5136626029661104
ddim2cfg2tts8,history-doc/毕设冲刺/video/ddim2cfg2tts8,history-doc/毕设冲刺/video/ddim2cfg2tts8/logs/timing_profile.csv,ddim2_cfg2_tts8,directory_name_exact_pattern,1970-01-01T08:51:30.238,False,navigate,"camera_fps=23.0, frame_age=0.014s, frames=2275",250.0,2.508971999759524,0.3365860002304544,6.038197999714612,306.37702100011666,0.6250430001273344,315.8982049999395,3.263952357574556,3.165576708484911
ddim2cfg2tts8,history-doc/毕设冲刺/video/ddim2cfg2tts8,history-doc/毕设冲刺/video/ddim2cfg2tts8/logs/timing_profile.csv,ddim2_cfg2_tts8,directory_name_exact_pattern,1970-01-01T08:51:31.719,False,navigate,"camera_fps=22.1, frame_age=0.012s, frames=2309",255.0,0.757846999931644,0.17555700014781905,2.024189000167098,282.7494919997662,0.6637640003646084,286.3764500002617,3.536699546044903,3.4919072430679488
ddim2cfg2tts8,history-doc/毕设冲刺/video/ddim2cfg2tts8,history-doc/毕设冲刺/video/ddim2cfg2tts8/logs/timing_profile.csv,ddim2_cfg2_tts8,directory_name_exact_pattern,1970-01-01T08:51:33.232,False,navigate,"camera_fps=25.0, frame_age=0.011s, frames=2346",260.0,1.7876380002235237,0.32256999975288636,3.012442999988707,295.12352900019323,0.6263549998948292,300.88338299992756,3.3884116369432045,3.3235467842378013
ddim2cfg2tts8,history-doc/毕设冲刺/video/ddim2cfg2tts8,history-doc/毕设冲刺/video/ddim2cfg2tts8/logs/timing_profile.csv,ddim2_cfg2_tts8,directory_name_exact_pattern,1970-01-01T08:51:34.695,False,navigate,"camera_fps=25.0, frame_age=0.035s, frames=2382",265.0,1.2372850001156621,0.2508880002096703,2.6897449997704825,279.237514000215,0.7789999999658903,284.2064320002464,3.5811807148491877,3.518569206762826
ddim2cfg2tts8,history-doc/毕设冲刺/video/ddim2cfg2tts8,history-doc/毕设冲刺/video/ddim2cfg2tts8/logs/timing_profile.csv,ddim2_cfg2_tts8,directory_name_exact_pattern,1970-01-01T08:51:36.097,False,navigate,"camera_fps=25.0, frame_age=0.037s, frames=2417",270.0,1.7020350001075712,0.2678159999049967,4.330787000071723,270.11029499999495,0.7441180000569148,277.1648110001479,3.702191358533812,3.60796161818488
ddim2cfg2tts8,history-doc/毕设冲刺/video/ddim2cfg2tts8,history-doc/毕设冲刺/video/ddim2cfg2tts8/logs/timing_profile.csv,ddim2_cfg2_tts8,directory_name_exact_pattern,1970-01-01T08:51:37.597,False,navigate,"camera_fps=25.0, frame_age=0.017s, frames=2454",275.0,0.7877680000092369,0.21303099993019714,2.0749099999193277,288.0403080002907,0.6944849997125857,291.81578199995784,3.471736323789068,3.4268194583120404
ddim2cfg2tts8,history-doc/毕设冲刺/video/ddim2cfg2tts8,history-doc/毕设冲刺/video/ddim2cfg2tts8/logs/timing_profile.csv,ddim2_cfg2_tts8,directory_name_exact_pattern,1970-01-01T08:51:39.111,False,navigate,"camera_fps=25.0, frame_age=0.010s, frames=2490",280.0,1.2674309996327793,0.22320600010061753,2.0125089999964985,303.0506170002809,0.7654309997633391,307.32607399977496,3.299778795695615,3.253872953196715
ddim2cfg2tts8,history-doc/毕设冲刺/video/ddim2cfg2tts8,history-doc/毕设冲刺/video/ddim2cfg2tts8/logs/timing_profile.csv,ddim2_cfg2_tts8,directory_name_exact_pattern,1970-01-01T08:51:40.576,False,navigate,"camera_fps=22.9, frame_age=0.035s, frames=2524",285.0,1.1787880002884776,0.2746959999058163,3.5924600001635554,277.8142709998974,0.6584200000361307,283.5338680001769,3.599527109967541,3.526915521779487
ddim2cfg2tts8,history-doc/毕设冲刺/video/ddim2cfg2tts8,history-doc/毕设冲刺/video/ddim2cfg2tts8/logs/timing_profile.csv,ddim2_cfg2_tts8,directory_name_exact_pattern,1970-01-01T08:51:42.029,False,navigate,"camera_fps=25.0, frame_age=0.009s, frames=2561",290.0,0.7369830000243383,0.20362199984447216,2.0006360000479617,280.92639700025757,0.6671239998468081,284.54202600005374,3.559651249145815,3.514419342750484
ddim2cfg2tts8,history-doc/毕设冲刺/video/ddim2cfg2tts8,history-doc/毕设冲刺/video/ddim2cfg2tts8/logs/timing_profile.csv,ddim2_cfg2_tts8,directory_name_exact_pattern,1970-01-01T08:51:43.500,False,navigate,"camera_fps=21.0, frame_age=0.039s, frames=2592",295.0,1.3627929997710453,0.2862490000552498,2.753555000253982,277.9311710000911,0.6460350000452308,282.98770699984743,3.598013121024385,3.5337224030036722
ddim2cfg2tts8,history-doc/毕设冲刺/video/ddim2cfg2tts8,history-doc/毕设冲刺/video/ddim2cfg2tts8/logs/timing_profile.csv,ddim2_cfg2_tts8,directory_name_exact_pattern,1970-01-01T08:51:44.970,False,navigate,"camera_fps=24.0, frame_age=0.034s, frames=2627",300.0,0.7993519998308329,0.18592500009617652,2.0272289998501947,281.3355610001054,0.6657479998466442,285.01909599981445,3.5544742244640215,3.5085368455475385
ddim2cfg2tts8,history-doc/毕设冲刺/video/ddim2cfg2tts8,history-doc/毕设冲刺/video/ddim2cfg2tts8/logs/timing_profile.csv,ddim2_cfg2_tts8,directory_name_exact_pattern,1970-01-01T08:51:46.478,False,navigate,"camera_fps=25.0, frame_age=0.021s, frames=2665",305.0,1.7907420001392893,0.30253700015236973,2.8306780000093568,299.2567420001251,0.6842130001132318,304.8723360002441,3.3416122668326786,3.280061461526635
ddim2cfg2tts8,history-doc/毕设冲刺/video/ddim2cfg2tts8,history-doc/毕设冲刺/video/ddim2cfg2tts8/logs/timing_profile.csv,ddim2_cfg2_tts8,directory_name_exact_pattern,1970-01-01T08:51:47.931,False,navigate,"camera_fps=25.0, frame_age=0.033s, frames=2701",310.0,0.8469370000057097,0.2234950002275582,2.2649640000054205,266.58132500006104,0.7355419998020807,270.6585669998276,3.7512005013846,3.694691843988951
ddim2cfg2tts8,history-doc/毕设冲刺/video/ddim2cfg2tts8,history-doc/毕设冲刺/video/ddim2cfg2tts8/logs/timing_profile.csv,ddim2_cfg2_tts8,directory_name_exact_pattern,1970-01-01T08:51:49.414,False,navigate,"camera_fps=25.1, frame_age=0.038s, frames=2738",315.0,1.303046999964863,0.2382150000812544,2.343974999803322,312.5180059996637,0.9695329999885871,317.38032799967186,3.199815629186742,3.150793895458555
ddim2cfg2tts8,history-doc/毕设冲刺/video/ddim2cfg2tts8,history-doc/毕设冲刺/video/ddim2cfg2tts8/logs/timing_profile.csv,ddim2_cfg2_tts8,directory_name_exact_pattern,1970-01-01T08:51:50.952,False,navigate,"camera_fps=25.0, frame_age=0.015s, frames=2776",320.0,0.7915119999779563,0.20614999993995298,3.093662000082986,308.4380750001401,0.7121179996829596,313.25153299985686,3.242141878882968,3.19232276510665
ddim2cfg2tts8,history-doc/毕设冲刺/video/ddim2cfg2tts8,history-doc/毕设冲刺/video/ddim2cfg2tts8/logs/timing_profile.csv,ddim2_cfg2_tts8,directory_name_exact_pattern,1970-01-01T08:51:52.476,False,navigate,"camera_fps=24.0, frame_age=0.019s, frames=2812",325.0,0.9445089999644551,0.23907900003905524,2.645135999955528,313.0794630001219,0.64110699986486,317.5577419997353,3.1940772812671225,3.1490336015830267
ddim3cfg0tts0,history-doc/毕设冲刺/video/ddim3cfg0tts0,history-doc/毕设冲刺/video/ddim3cfg0tts0/logs/timing_profile.csv,ddim3_cfg0_tts0,directory_name_exact_pattern,1970-01-01T08:53:46.485,False,navigate,"camera_fps=19.0, frame_age=0.023s, frames=216",20.0,0.7814959999450366,0.17046899984052288,2.073727000151848,173.28215699990324,0.846873000227788,177.1610900000269,5.7709346265845385,5.644580308237256
ddim3cfg0tts0,history-doc/毕设冲刺/video/ddim3cfg0tts0,history-doc/毕设冲刺/video/ddim3cfg0tts0/logs/timing_profile.csv,ddim3_cfg0_tts0,directory_name_exact_pattern,1970-01-01T08:53:48.041,False,navigate,"camera_fps=21.2, frame_age=0.019s, frames=250",25.0,1.21802099965862,0.19363800038263435,2.2916529997019097,166.01371300021128,0.7463909996658913,170.46955999967395,6.023598785473387,5.866149944904607
ddim3cfg0tts0,history-doc/毕设冲刺/video/ddim3cfg0tts0,history-doc/毕设冲刺/video/ddim3cfg0tts0/logs/timing_profile.csv,ddim3_cfg0_tts0,directory_name_exact_pattern,1970-01-01T08:53:48.961,False,navigate,"camera_fps=22.2, frame_age=0.025s, frames=272",30.0,1.136961999691266,0.23901600025055814,3.230881000035879,185.66528300016216,0.6654919998254627,190.9469139995963,5.386036548357437,5.237057667253603
ddim3cfg0tts0,history-doc/毕设冲刺/video/ddim3cfg0tts0,history-doc/毕设冲刺/video/ddim3cfg0tts0/logs/timing_profile.csv,ddim3_cfg0_tts0,directory_name_exact_pattern,1970-01-01T08:53:49.841,False,navigate,"camera_fps=25.0, frame_age=0.022s, frames=294",35.0,0.7078290000208654,0.18576599995867582,2.7417139999670326,164.12213600005998,0.7078610001371999,168.47554700007095,6.0930233079566705,5.93557948204542
ddim3cfg0tts0,history-doc/毕设冲刺/video/ddim3cfg0tts0,history-doc/毕设冲刺/video/ddim3cfg0tts0/logs/timing_profile.csv,ddim3_cfg0_tts0,directory_name_exact_pattern,1970-01-01T08:53:50.642,False,navigate,"camera_fps=25.0, frame_age=0.026s, frames=314",40.0,0.7405659998767078,0.19328600001244922,2.1483209998223174,152.20084900010988,0.5739690000154951,155.8670389999861,6.570265583730601,6.415724622831188
ddim3cfg0tts0,history-doc/毕设冲刺/video/ddim3cfg0tts0,history-doc/毕设冲刺/video/ddim3cfg0tts0/logs/timing_profile.csv,ddim3_cfg0_tts0,directory_name_exact_pattern,1970-01-01T08:53:51.478,False,navigate,"camera_fps=25.0, frame_age=0.021s, frames=335",45.0,0.8567929999117041,0.4558539999379718,2.217603000190138,172.65250600030413,0.6084019996706047,176.8152229997213,5.791980801009853,5.655621631637318
ddim3cfg0tts0,history-doc/毕设冲刺/video/ddim3cfg0tts0,history-doc/毕设冲刺/video/ddim3cfg0tts0/logs/timing_profile.csv,ddim3_cfg0_tts0,directory_name_exact_pattern,1970-01-01T08:53:52.303,False,navigate,"camera_fps=25.0, frame_age=0.005s, frames=356",50.0,0.7936239999253303,0.18995799973708927,2.1816329999637674,167.08094499972503,0.5722090004383062,170.82406600002287,5.985122959423324,5.853976101937921
ddim3cfg0tts0,history-doc/毕设冲刺/video/ddim3cfg0tts0,history-doc/毕设冲刺/video/ddim3cfg0tts0/logs/timing_profile.csv,ddim3_cfg0_tts0,directory_name_exact_pattern,1970-01-01T08:53:53.109,False,navigate,"camera_fps=25.0, frame_age=0.012s, frames=376",55.0,1.0224309999102843,0.21386199978223885,2.8319580001152644,162.5201360002393,0.5970739998701902,167.1972049998658,6.153083701569925,5.9809612248051796
ddim3cfg0tts0,history-doc/毕设冲刺/video/ddim3cfg0tts0,history-doc/毕设冲刺/video/ddim3cfg0tts0/logs/timing_profile.csv,ddim3_cfg0_tts0,directory_name_exact_pattern,1970-01-01T08:53:53.933,False,navigate,"camera_fps=25.0, frame_age=0.037s, frames=396",60.0,0.7974320001267188,0.24243899997600238,2.3075899998730165,156.2901239999519,0.5808500000057393,160.23161900011473,6.39835694288852,6.240965461375535
ddim3cfg0tts0,history-doc/毕设冲刺/video/ddim3cfg0tts0,history-doc/毕设冲刺/video/ddim3cfg0tts0/logs/timing_profile.csv,ddim3_cfg0_tts0,directory_name_exact_pattern,1970-01-01T08:53:54.753,False,navigate,"camera_fps=25.0, frame_age=0.016s, frames=417",65.0,1.4161389999571838,0.24739900027270778,2.6704489996518532,163.62458499997956,0.601042000198504,168.57267000023057,6.111551023949884,5.93215970298526
ddim3cfg0tts0,history-doc/毕设冲刺/video/ddim3cfg0tts0,history-doc/毕设冲刺/video/ddim3cfg0tts0/logs/timing_profile.csv,ddim3_cfg0_tts0,directory_name_exact_pattern,1970-01-01T08:53:55.586,False,navigate,"camera_fps=25.0, frame_age=0.010s, frames=438",70.0,0.7761199999549717,0.18307700020159245,1.9778519999817945,169.15175999974963,0.6091710001783213,172.70486000006713,5.911850991095098,5.790225011615836
ddim3cfg0tts0,history-doc/毕设冲刺/video/ddim3cfg0tts0,history-doc/毕设冲刺/video/ddim3cfg0tts0/logs/timing_profile.csv,ddim3_cfg0_tts0,directory_name_exact_pattern,1970-01-01T08:53:56.369,False,navigate,"camera_fps=25.0, frame_age=0.032s, frames=455",75.0,0.7674790003875387,0.18150999994759331,1.9505860000208486,151.40802399992026,0.6285630001912068,154.94221100016148,6.604669776289575,6.454019169759736
ddim3cfg0tts0,history-doc/毕设冲刺/video/ddim3cfg0tts0,history-doc/毕设冲刺/video/ddim3cfg0tts0/logs/timing_profile.csv,ddim3_cfg0_tts0,directory_name_exact_pattern,1970-01-01T08:53:57.162,False,navigate,"camera_fps=23.0, frame_age=0.026s, frames=475",80.0,0.7710310001129983,0.1822459998948034,1.9673550000334217,152.34146099965074,0.5933620000178053,155.86115099995368,6.56420119275535,6.415966991032276
ddim3cfg0tts0,history-doc/毕设冲刺/video/ddim3cfg0tts0,history-doc/毕设冲刺/video/ddim3cfg0tts0/logs/timing_profile.csv,ddim3_cfg0_tts0,directory_name_exact_pattern,1970-01-01T08:53:57.983,False,navigate,"camera_fps=23.1, frame_age=0.007s, frames=492",85.0,1.274598999771115,0.18346100023336476,1.9435469998825283,165.2793550001661,0.747735000004468,169.43420100005824,6.050362430316811,5.9019961383100945
ddim3cfg0tts0,history-doc/毕设冲刺/video/ddim3cfg0tts0,history-doc/毕设冲刺/video/ddim3cfg0tts0/logs/timing_profile.csv,ddim3_cfg0_tts0,directory_name_exact_pattern,1970-01-01T08:53:58.775,False,navigate,"camera_fps=22.0, frame_age=0.039s, frames=510",90.0,0.777206999828195,0.19171800022377283,1.9989399997939472,157.06893199967453,0.5979380002827384,160.6411669999943,6.366631435439264,6.225054378495865
ddim3cfg0tts0,history-doc/毕设冲刺/video/ddim3cfg0tts0,history-doc/毕设冲刺/video/ddim3cfg0tts0/logs/timing_profile.csv,ddim3_cfg0_tts0,directory_name_exact_pattern,1970-01-01T08:53:59.602,False,navigate,"camera_fps=22.0, frame_age=0.026s, frames=531",95.0,0.8535930001016823,0.18512599990572198,2.3394949998873926,169.04935699994894,0.5767210000158229,173.0099239998708,5.915432142106888,5.780015255082978
ddim3cfg0tts0,history-doc/毕设冲刺/video/ddim3cfg0tts0,history-doc/毕设冲刺/video/ddim3cfg0tts0/logs/timing_profile.csv,ddim3_cfg0_tts0,directory_name_exact_pattern,1970-01-01T08:54:00.392,False,navigate,"camera_fps=25.0, frame_age=0.015s, frames=550",100.0,0.8014639997782069,0.18298199984201347,1.9417860003159149,159.3978649998462,0.5652009999721486,162.8942909997022,6.2736097500488155,6.138950566424874
ddim3cfg0tts0,history-doc/毕设冲刺/video/ddim3cfg0tts0,history-doc/毕设冲刺/video/ddim3cfg0tts0/logs/timing_profile.csv,ddim3_cfg0_tts0,directory_name_exact_pattern,1970-01-01T08:54:01.182,False,navigate,"camera_fps=24.0, frame_age=0.005s, frames=569",105.0,0.8942030003709078,0.1749489997564524,1.9281539998701192,154.9987250000413,0.5832820002069639,158.58398500040494,6.451665973379675,6.305806982952576
ddim3cfg0tts0,history-doc/毕设冲刺/video/ddim3cfg0tts0,history-doc/毕设冲刺/video/ddim3cfg0tts0/logs/timing_profile.csv,ddim3_cfg0_tts0,directory_name_exact_pattern,1970-01-01T08:54:02.004,False,navigate,"camera_fps=24.2, frame_age=0.031s, frames=589",110.0,0.7598629999847617,0.1586610001140798,1.9489539999995031,178.44013600006292,0.6613320001633838,181.9740030000503,5.604120364488219,5.495290445414468
ddim3cfg0tts0,history-doc/毕设冲刺/video/ddim3cfg0tts0,history-doc/毕设冲刺/video/ddim3cfg0tts0/logs/timing_profile.csv,ddim3_cfg0_tts0,directory_name_exact_pattern,1970-01-01T08:54:02.810,False,navigate,"camera_fps=25.0, frame_age=0.038s, frames=609",115.0,1.355336999949941,0.22775099978389335,2.4990189999698487,152.3071550000168,0.5770100001427636,156.97552099982204,6.5656797279148815,6.370420009634073
ddim3cfg0tts0,history-doc/毕设冲刺/video/ddim3cfg0tts0,history-doc/毕设冲刺/video/ddim3cfg0tts0/logs/timing_profile.csv,ddim3_cfg0_tts0,directory_name_exact_pattern,1970-01-01T08:54:03.907,False,navigate,"camera_fps=25.0, frame_age=0.014s, frames=637",120.0,0.8722500001567823,0.19110999983240617,1.9395469998926274,156.14096699982838,0.5774579999524576,159.72702799990657,6.4044691102822435,6.2606811916677305
ddim3cfg0tts0,history-doc/毕设冲刺/video/ddim3cfg0tts0,history-doc/毕设冲刺/video/ddim3cfg0tts0/logs/timing_profile.csv,ddim3_cfg0_tts0,directory_name_exact_pattern,1970-01-01T08:54:04.756,False,navigate,"camera_fps=25.0, frame_age=0.023s, frames=658",125.0,0.7677670000703074,0.17831000013757148,1.9725709998965613,158.62923500026227,0.5773939997197886,162.13138900002377,6.304008211338513,6.16783712375309
ddim3cfg0tts0,history-doc/毕设冲刺/video/ddim3cfg0tts0,history-doc/毕设冲刺/video/ddim3cfg0tts0/logs/timing_profile.csv,ddim3_cfg0_tts0,directory_name_exact_pattern,1970-01-01T08:54:05.595,False,navigate,"camera_fps=25.0, frame_age=0.022s, frames=679",130.0,0.8198010000342038,0.16838900000948342,1.9750040000872104,160.51530799995817,0.6025140000929241,164.08680800032016,6.229935402798222,6.0943351399586545
ddim3cfg0tts0,history-doc/毕设冲刺/video/ddim3cfg0tts0,history-doc/毕设冲刺/video/ddim3cfg0tts0/logs/timing_profile.csv,ddim3_cfg0_tts0,directory_name_exact_pattern,1970-01-01T08:54:06.441,False,navigate,"camera_fps=25.0, frame_age=0.029s, frames=700",135.0,0.8462659998258459,0.17363699998895754,2.1491210000021965,158.40356399985467,0.5763050003224635,162.15465300001597,6.312989270878511,6.166952236639806
ddim3cfg0tts0,history-doc/毕设冲刺/video/ddim3cfg0tts0,history-doc/毕设冲刺/video/ddim3cfg0tts0/logs/timing_profile.csv,ddim3_cfg0_tts0,directory_name_exact_pattern,1970-01-01T08:54:07.281,False,navigate,"camera_fps=24.0, frame_age=0.028s, frames=718",140.0,0.8367609998458647,0.17373299988321378,1.9208900002922746,164.32262300031653,0.6209139996826707,167.88023299977795,6.0855893226465465,5.956627424988877
ddim3cfg0tts0,history-doc/毕设冲刺/video/ddim3cfg0tts0,history-doc/毕设冲刺/video/ddim3cfg0tts0/logs/timing_profile.csv,ddim3_cfg0_tts0,directory_name_exact_pattern,1970-01-01T08:54:08.118,False,navigate,"camera_fps=21.0, frame_age=0.025s, frames=736",145.0,0.8219130004363251,0.18925299991678912,1.9970849998571794,154.1889089999131,0.5881130000489065,157.79141700022592,6.485550786279728,6.337480320609379
ddim3cfg0tts0,history-doc/毕设冲刺/video/ddim3cfg0tts0,history-doc/毕设冲刺/video/ddim3cfg0tts0/logs/timing_profile.csv,ddim3_cfg0_tts0,directory_name_exact_pattern,1970-01-01T08:54:08.946,False,navigate,"camera_fps=23.1, frame_age=0.014s, frames=756",150.0,0.7557980002275144,0.1585649997650762,1.910010000301554,160.52257199999076,0.5834409998897172,163.93653000022823,6.2296534844959846,6.099921719696079
ddim3cfg0tts0,history-doc/毕设冲刺/video/ddim3cfg0tts0,history-doc/毕设冲刺/video/ddim3cfg0tts0/logs/timing_profile.csv,ddim3_cfg0_tts0,directory_name_exact_pattern,1970-01-01T08:54:09.787,False,navigate,"camera_fps=23.1, frame_age=0.014s, frames=774",155.0,0.7918000001154724,0.17885399984152173,2.099103000091418,152.08942199978992,0.6189300002006348,155.78524500006097,6.5750792320151055,6.419093156091956
ddim3cfg0tts0,history-doc/毕设冲刺/video/ddim3cfg0tts0,history-doc/毕设冲刺/video/ddim3cfg0tts0/logs/timing_profile.csv,ddim3_cfg0_tts0,directory_name_exact_pattern,1970-01-01T08:54:10.959,False,navigate,"camera_fps=21.1, frame_age=0.062s, frames=798",160.0,0.7784560002619401,0.18490200000087498,1.9071289998464636,175.1617980003175,0.567056999898341,178.60507000023063,5.709007394398791,5.59894520350799
ddim3cfg0tts0,history-doc/毕设冲刺/video/ddim3cfg0tts0,history-doc/毕设冲刺/video/ddim3cfg0tts0/logs/timing_profile.csv,ddim3_cfg0_tts0,directory_name_exact_pattern,1970-01-01T08:54:11.837,False,navigate,"camera_fps=21.1, frame_age=0.024s, frames=814",165.0,0.7934000000204833,0.1667250003265508,1.9930839998778538,177.0267500000955,0.7676709997213038,180.75313400004234,5.648863801654048,5.532407532141411
ddim3cfg0tts0,history-doc/毕设冲刺/video/ddim3cfg0tts0,history-doc/毕设冲刺/video/ddim3cfg0tts0/logs/timing_profile.csv,ddim3_cfg0_tts0,directory_name_exact_pattern,1970-01-01T08:54:12.712,False,navigate,"camera_fps=19.3, frame_age=0.055s, frames=834",170.0,0.9184599998661724,0.20483799971771077,3.126590000192664,168.04779100039013,0.5820009996568842,172.89139299964518,5.9506881586898,5.783977921920337
ddim3cfg0tts0,history-doc/毕设冲刺/video/ddim3cfg0tts0,history-doc/毕设冲刺/video/ddim3cfg0tts0/logs/timing_profile.csv,ddim3_cfg0_tts0,directory_name_exact_pattern,1970-01-01T08:54:13.609,False,navigate,"camera_fps=21.9, frame_age=0.034s, frames=851",175.0,0.7752239998808363,0.1696690001153911,1.8985850001627114,180.0844419999521,0.6061310000404774,183.53939500002525,5.552950543058383,5.448421577285151
ddim3cfg0tts0,history-doc/毕设冲刺/video/ddim3cfg0tts0,history-doc/毕设冲刺/video/ddim3cfg0tts0/logs/timing_profile.csv,ddim3_cfg0_tts0,directory_name_exact_pattern,1970-01-01T08:54:14.482,False,navigate,"camera_fps=20.0, frame_age=0.033s, frames=871",180.0,0.7570460002170876,0.1764859998729662,2.0117399999435293,173.27629999999772,0.5984500003251014,176.82575100025133,5.7711296928663245,5.655284902472031
ddim3cfg0tts0,history-doc/毕设冲刺/video/ddim3cfg0tts0,history-doc/毕设冲刺/video/ddim3cfg0tts0/logs/timing_profile.csv,ddim3_cfg0_tts0,directory_name_exact_pattern,1970-01-01T08:54:15.357,False,navigate,"camera_fps=24.2, frame_age=0.026s, frames=893",185.0,0.758358999974007,0.1878769999166252,1.951515000200743,175.37511599994104,0.5796979999104224,178.85899700013397,5.702063227717757,5.590996353397034
ddim3cfg0tts0,history-doc/毕设冲刺/video/ddim3cfg0tts0,history-doc/毕设冲刺/video/ddim3cfg0tts0/logs/timing_profile.csv,ddim3_cfg0_tts0,directory_name_exact_pattern,1970-01-01T08:54:16.199,False,navigate,"camera_fps=25.0, frame_age=0.030s, frames=914",190.0,0.7886640000833722,0.18506100013837568,2.0505579996097367,163.73812500023632,0.5769129998043354,167.34533699991516,6.1073131257522135,5.975666952706946
ddim3cfg0tts0,history-doc/毕设冲刺/video/ddim3cfg0tts0,history-doc/毕设冲刺/video/ddim3cfg0tts0/logs/timing_profile.csv,ddim3_cfg0_tts0,directory_name_exact_pattern,1970-01-01T08:54:17.065,False,navigate,"camera_fps=25.0, frame_age=0.016s, frames=936",195.0,0.863289999870176,0.2704080002331466,2.0203169997330406,164.84747100003005,0.6228029997146223,168.6316169998463,6.066213778916983,5.9300860526108305
ddim3cfg0tts0,history-doc/毕设冲刺/video/ddim3cfg0tts0,history-doc/毕设冲刺/video/ddim3cfg0tts0/logs/timing_profile.csv,ddim3_cfg0_tts0,directory_name_exact_pattern,1970-01-01T08:54:17.908,False,navigate,"camera_fps=24.9, frame_age=0.018s, frames=957",200.0,0.749397999697976,0.1864380001279642,1.9680909999806318,173.60565399985717,0.5728490000365127,177.08825499994418,5.760181059545577,5.646901879519425
ddim3cfg0tts0,history-doc/毕设冲刺/video/ddim3cfg0tts0,history-doc/毕设冲刺/video/ddim3cfg0tts0/logs/timing_profile.csv,ddim3_cfg0_tts0,directory_name_exact_pattern,1970-01-01T08:54:18.759,False,navigate,"camera_fps=25.0, frame_age=0.027s, frames=978",205.0,0.7683429998905922,0.18598899987409823,1.9486669998514117,158.5761769997589,0.5759220002801158,162.0605699999942,6.3061174693442155,6.170532412665437
ddim3cfg0tts0,history-doc/毕设冲刺/video/ddim3cfg0tts0,history-doc/毕设冲刺/video/ddim3cfg0tts0/logs/timing_profile.csv,ddim3_cfg0_tts0,directory_name_exact_pattern,1970-01-01T08:54:19.610,False,navigate,"camera_fps=25.0, frame_age=0.038s, frames=999",210.0,0.8575619999646733,0.19763799991778797,2.0359970003482886,162.28192100015804,0.5938099998274993,165.97275200001604,6.162115865013861,6.025085370639051
ddim3cfg0tts0,history-doc/毕设冲刺/video/ddim3cfg0tts0,history-doc/毕设冲刺/video/ddim3cfg0tts0/logs/timing_profile.csv,ddim3_cfg0_tts0,directory_name_exact_pattern,1970-01-01T08:54:20.477,False,navigate,"camera_fps=24.0, frame_age=0.023s, frames=1018",215.0,0.9056919998329249,0.1738610003485519,1.9163779998052632,176.49905400003263,0.6272190003073774,180.1281560001371,5.665752746753052,5.55160293762869
ddim3cfg0tts0,history-doc/毕设冲刺/video/ddim3cfg0tts0,history-doc/毕设冲刺/video/ddim3cfg0tts0/logs/timing_profile.csv,ddim3_cfg0_tts0,directory_name_exact_pattern,1970-01-01T08:54:21.325,False,navigate,"camera_fps=16.4, frame_age=0.036s, frames=1032",220.0,0.7620709998263919,0.20915899995088694,1.9341700003678852,166.38854100028766,0.5677609997292166,169.8671099998137,6.010029260357967,5.8869548083857834
ddim3cfg0tts0,history-doc/毕设冲刺/video/ddim3cfg0tts0,history-doc/毕设冲刺/video/ddim3cfg0tts0/logs/timing_profile.csv,ddim3_cfg0_tts0,directory_name_exact_pattern,1970-01-01T08:54:22.172,False,navigate,"camera_fps=16.4, frame_age=0.002s, frames=1048",225.0,0.785494999945513,0.1731580000523536,1.9217540002500755,156.71324099957928,0.5756650002695096,160.17584100018212,6.3810817364353065,6.243138751485394
ddim3cfg0tts0,history-doc/毕设冲刺/video/ddim3cfg0tts0,history-doc/毕设冲刺/video/ddim3cfg0tts0/logs/timing_profile.csv,ddim3_cfg0_tts0,directory_name_exact_pattern,1970-01-01T08:54:23.016,False,navigate,"camera_fps=19.0, frame_age=0.007s, frames=1067",230.0,0.8026479999898584,0.1880380000329751,1.9350659999872732,165.12171900012618,0.5863209999006358,168.63913599991065,6.0561385022840994,5.929821651840827
ddim3cfg0tts0,history-doc/毕设冲刺/video/ddim3cfg0tts0,history-doc/毕设冲刺/video/ddim3cfg0tts0/logs/timing_profile.csv,ddim3_cfg0_tts0,directory_name_exact_pattern,1970-01-01T08:54:23.892,False,navigate,"camera_fps=23.1, frame_age=0.003s, frames=1088",235.0,0.8126009997795336,0.1849340001172095,2.0286690000830276,173.21089100005338,0.5842089999532618,176.82779999995546,5.77330902362076,5.655219371616068
ddim3cfg0tts0,history-doc/毕设冲刺/video/ddim3cfg0tts0,history-doc/毕设冲刺/video/ddim3cfg0tts0/logs/timing_profile.csv,ddim3_cfg0_tts0,directory_name_exact_pattern,1970-01-01T08:54:24.743,False,navigate,"camera_fps=22.0, frame_age=0.013s, frames=1103",240.0,0.8011439999791037,0.19146199974784395,2.189058000112709,160.65819200002807,0.6016180000187887,164.450018000025,6.224394707490704,6.08087498050531
ddim3cfg0tts0,history-doc/毕设冲刺/video/ddim3cfg0tts0,history-doc/毕设冲刺/video/ddim3cfg0tts0/logs/timing_profile.csv,ddim3_cfg0_tts0,directory_name_exact_pattern,1970-01-01T08:54:25.604,False,navigate,"camera_fps=20.1, frame_age=0.032s, frames=1122",245.0,0.7694629998695746,0.18374900037088082,1.9866519996867282,164.94536200025323,0.6687559998681536,168.55913400013378,6.062613630800148,5.932636080102347
ddim3cfg0tts0,history-doc/毕设冲刺/video/ddim3cfg0tts0,history-doc/毕设冲刺/video/ddim3cfg0tts0/logs/timing_profile.csv,ddim3_cfg0_tts0,directory_name_exact_pattern,1970-01-01T08:54:26.452,False,navigate,"camera_fps=24.1, frame_age=0.003s, frames=1144",250.0,0.9698530002424377,0.16893299971343367,2.081343000099878,161.1078380001345,0.5881450001652411,164.92145600022923,6.207022652735028,6.0634924299880675
ddim3cfg0tts0,history-doc/毕设冲刺/video/ddim3cfg0tts0,history-doc/毕设冲刺/video/ddim3cfg0tts0/logs/timing_profile.csv,ddim3_cfg0_tts0,directory_name_exact_pattern,1970-01-01T08:54:27.336,False,navigate,"camera_fps=24.1, frame_age=0.010s, frames=1165",255.0,0.8158330001606373,0.167204999797832,1.9786520001616736,161.5793080000003,0.5804010002066207,165.12783100006345,6.188911268267086,6.055914341899251
ddim3cfg0tts0,history-doc/毕设冲刺/video/ddim3cfg0tts0,history-doc/毕设冲刺/video/ddim3cfg0tts0/logs/timing_profile.csv,ddim3_cfg0_tts0,directory_name_exact_pattern,1970-01-01T08:54:28.206,False,navigate,"camera_fps=24.1, frame_age=0.040s, frames=1186",260.0,0.8428729997831397,0.21229399999356247,2.561102000072424,183.30377099982798,0.7133019998946111,187.6415659999111,5.45542513689442,5.32930960510356
ddim3cfg0tts0,history-doc/毕设冲刺/video/ddim3cfg0tts0,history-doc/毕设冲刺/video/ddim3cfg0tts0/logs/timing_profile.csv,ddim3_cfg0_tts0,directory_name_exact_pattern,1970-01-01T08:54:29.118,False,navigate,"camera_fps=25.0, frame_age=0.033s, frames=1209",265.0,0.7653029997527483,0.17616500008443836,2.139777000138565,186.98481000001266,0.5903860001126304,190.6631289998586,5.348028002916025,5.244852558780474
ddim3cfg0tts0,history-doc/毕设冲刺/video/ddim3cfg0tts0,history-doc/毕设冲刺/video/ddim3cfg0tts0/logs/timing_profile.csv,ddim3_cfg0_tts0,directory_name_exact_pattern,1970-01-01T08:54:29.998,False,navigate,"camera_fps=25.0, frame_age=0.032s, frames=1231",270.0,0.7729519998065371,0.17760499986252398,1.9465230002424505,166.13803699965501,0.5898740000702674,169.6303989997432,6.019091221127625,5.895169768488925
ddim3cfg0tts0,history-doc/毕设冲刺/video/ddim3cfg0tts0,history-doc/毕设冲刺/video/ddim3cfg0tts0/logs/timing_profile.csv,ddim3_cfg0_tts0,directory_name_exact_pattern,1970-01-01T08:54:30.864,False,navigate,"camera_fps=25.0, frame_age=0.019s, frames=1253",275.0,0.7892080002420698,0.1770929998201609,2.1047999998700107,173.5915419999401,0.5805619998682232,177.24966900004802,5.760649329333944,5.641759477698822
ddim3cfg0tts0,history-doc/毕设冲刺/video/ddim3cfg0tts0,history-doc/毕设冲刺/video/ddim3cfg0tts0/logs/timing_profile.csv,ddim3_cfg0_tts0,directory_name_exact_pattern,1970-01-01T08:54:31.743,False,navigate,"camera_fps=25.0, frame_age=0.017s, frames=1275",280.0,1.2704380001196114,0.19978199998149648,2.194114999838348,185.97652399967046,0.5712490001315018,190.2250359999016,5.377022747246163,5.256931584970326
ddim3cfg0tts0,history-doc/毕设冲刺/video/ddim3cfg0tts0,history-doc/毕设冲刺/video/ddim3cfg0tts0/logs/timing_profile.csv,ddim3_cfg0_tts0,directory_name_exact_pattern,1970-01-01T08:54:32.604,False,navigate,"camera_fps=25.0, frame_age=0.038s, frames=1296",285.0,0.9103960001084488,0.22349499977281084,2.1127990003151353,165.61830899991037,0.5860979999852134,169.45708200000809,6.037979774328822,5.901199219280504
ddim3cfg0tts0,history-doc/毕设冲刺/video/ddim3cfg0tts0,history-doc/毕设冲刺/video/ddim3cfg0tts0/logs/timing_profile.csv,ddim3_cfg0_tts0,directory_name_exact_pattern,1970-01-01T08:54:33.454,False,navigate,"camera_fps=25.0, frame_age=0.008s, frames=1316",290.0,1.0039670000878687,0.1689649998297682,2.38000799981819,170.99776800023392,0.5737129999943136,175.1294450000387,5.8480295485414295,5.710062062948804
ddim3cfg0tts0,history-doc/毕设冲刺/video/ddim3cfg0tts0,history-doc/毕设冲刺/video/ddim3cfg0tts0/logs/timing_profile.csv,ddim3_cfg0_tts0,directory_name_exact_pattern,1970-01-01T08:54:34.301,False,navigate,"camera_fps=23.0, frame_age=0.051s, frames=1329",295.0,0.8450499999526073,0.18160499985242495,2.0331169998826226,167.8716890000942,0.5788339999526215,171.51672799991502,5.956930593576376,5.830335102943985
ddim3cfg0tts0,history-doc/毕设冲刺/video/ddim3cfg0tts0,history-doc/毕设冲刺/video/ddim3cfg0tts0/logs/timing_profile.csv,ddim3_cfg0_tts0,directory_name_exact_pattern,1970-01-01T08:54:35.160,False,navigate,"camera_fps=16.4, frame_age=0.035s, frames=1348",300.0,0.7964720002746617,0.18675799992706743,2.2129949998088705,155.10842399999092,0.6073790000300505,158.92127600000094,6.447103092221854,6.2924236777459175
ddim3cfg0tts0,history-doc/毕设冲刺/video/ddim3cfg0tts0,history-doc/毕设冲刺/video/ddim3cfg0tts0/logs/timing_profile.csv,ddim3_cfg0_tts0,directory_name_exact_pattern,1970-01-01T08:54:36.012,False,navigate,"camera_fps=24.0, frame_age=0.006s, frames=1366",305.0,0.8318969998981629,0.25972000003093854,2.2396519998437725,172.52824599972882,0.5829930000800232,176.44980399973065,5.796152358736504,5.667334150178634
ddim3cfg0tts0,history-doc/毕设冲刺/video/ddim3cfg0tts0,history-doc/毕设冲刺/video/ddim3cfg0tts0/logs/timing_profile.csv,ddim3_cfg0_tts0,directory_name_exact_pattern,1970-01-01T08:54:36.874,False,navigate,"camera_fps=20.2, frame_age=0.026s, frames=1386",310.0,0.7663269998374744,0.1698930000202381,1.9280259998595284,176.46346899982746,0.5881460001546657,179.92178099984812,5.666895282450657,5.557970771759113
ddim3cfg0tts0,history-doc/毕设冲刺/video/ddim3cfg0tts0,history-doc/毕设冲刺/video/ddim3cfg0tts0/logs/timing_profile.csv,ddim3_cfg0_tts0,directory_name_exact_pattern,1970-01-01T08:54:37.724,False,navigate,"camera_fps=18.3, frame_age=0.075s, frames=1399",315.0,0.7925360000626824,0.1842299998315866,2.007132000017009,160.9736260002137,0.5882089999431628,164.55107699994187,6.212197767096781,6.07714041276286
ddim3cfg0tts0,history-doc/毕设冲刺/video/ddim3cfg0tts0,history-doc/毕设冲刺/video/ddim3cfg0tts0/logs/timing_profile.csv,ddim3_cfg0_tts0,directory_name_exact_pattern,1970-01-01T08:54:38.589,False,navigate,"camera_fps=18.3, frame_age=0.023s, frames=1417",320.0,0.9800930001802044,0.2148869998563896,2.089919000354712,169.01332399993407,0.5684330003532523,172.87584000041534,5.916693289816548,5.784498284998051
ddim3cfg0tts0,history-doc/毕设冲刺/video/ddim3cfg0tts0,history-doc/毕设冲刺/video/ddim3cfg0tts0/logs/timing_profile.csv,ddim3_cfg0_tts0,directory_name_exact_pattern,1970-01-01T08:54:39.447,False,navigate,"camera_fps=20.2, frame_age=0.002s, frames=1436",325.0,0.7881840001573437,0.17693300014798297,2.7170419998583384,161.11961300020994,0.5621609998343047,165.37315000005037,6.206569028928198,6.046930834900922
ddim3cfg0tts0,history-doc/毕设冲刺/video/ddim3cfg0tts0,history-doc/毕设冲刺/video/ddim3cfg0tts0/logs/timing_profile.csv,ddim3_cfg0_tts0,directory_name_exact_pattern,1970-01-01T08:54:40.289,False,navigate,"camera_fps=22.0, frame_age=0.005s, frames=1456",330.0,0.787799999670824,0.18653400002222043,1.9091770000159158,161.36704500013366,0.5799209998258448,164.83614199978547,6.1970521924050335,6.0666307028788715
ddim3cfg0tts0,history-doc/毕设冲刺/video/ddim3cfg0tts0,history-doc/毕设冲刺/video/ddim3cfg0tts0/logs/timing_profile.csv,ddim3_cfg0_tts0,directory_name_exact_pattern,1970-01-01T08:54:41.145,False,navigate,"camera_fps=24.2, frame_age=0.020s, frames=1477",335.0,0.9189079996758664,0.19520500018188613,1.9379469999876164,164.80884500015236,0.6089789999350614,168.47551599994404,6.06763550827066,5.93558057421431
ddim3cfg0tts0,history-doc/毕设冲刺/video/ddim3cfg0tts0,history-doc/毕设冲刺/video/ddim3cfg0tts0/logs/timing_profile.csv,ddim3_cfg0_tts0,directory_name_exact_pattern,1970-01-01T08:54:41.985,False,navigate,"camera_fps=25.0, frame_age=0.023s, frames=1498",340.0,0.7721829997535679,0.1690610001787718,2.388967999650049,159.04588800003694,0.5817129999741155,162.96363699984795,6.287493581725092,6.136338255637563
ddim3cfg0tts0,history-doc/毕设冲刺/video/ddim3cfg0tts0,history-doc/毕设冲刺/video/ddim3cfg0tts0/logs/timing_profile.csv,ddim3_cfg0_tts0,directory_name_exact_pattern,1970-01-01T08:54:42.836,False,navigate,"camera_fps=25.0, frame_age=0.031s, frames=1519",345.0,0.8405369999309187,0.19056600012845593,1.9583629996304808,164.1797380002572,0.5774579999524576,167.75181399998473,6.090885587833216,5.961187400334706
ddim3cfg0tts0,history-doc/毕设冲刺/video/ddim3cfg0tts0,history-doc/毕设冲刺/video/ddim3cfg0tts0/logs/timing_profile.csv,ddim3_cfg0_tts0,directory_name_exact_pattern,1970-01-01T08:54:43.692,False,navigate,"camera_fps=25.0, frame_age=0.007s, frames=1541",350.0,0.8133050000651565,0.1826289999371511,1.9364110003152746,170.80480200002057,0.6364030000440835,174.37876600024538,5.854636335106548,5.734643173232415
ddim3cfg0tts0,history-doc/毕设冲刺/video/ddim3cfg0tts0,history-doc/毕设冲刺/video/ddim3cfg0tts0/logs/timing_profile.csv,ddim3_cfg0_tts0,directory_name_exact_pattern,1970-01-01T08:54:44.560,False,navigate,"camera_fps=25.0, frame_age=0.039s, frames=1562",355.0,1.09209699985513,0.1763570003276982,1.9310339998810377,170.69916599984936,0.5794420003439882,174.4834730002367,5.858259436375234,5.7312018313542135
ddim3cfg0tts0,history-doc/毕设冲刺/video/ddim3cfg0tts0,history-doc/毕设冲刺/video/ddim3cfg0tts0/logs/timing_profile.csv,ddim3_cfg0_tts0,directory_name_exact_pattern,1970-01-01T08:54:45.447,False,navigate,"camera_fps=25.0, frame_age=0.005s, frames=1585",360.0,0.9467169998060854,0.20583000014084973,2.213538999967568,182.1129509999082,0.6062269999347336,186.09092799988503,5.4910976649898116,5.3737170895328
ddim3cfg0tts0,history-doc/毕设冲刺/video/ddim3cfg0tts0,history-doc/毕设冲刺/video/ddim3cfg0tts0/logs/timing_profile.csv,ddim3_cfg0_tts0,directory_name_exact_pattern,1970-01-01T08:54:46.313,False,navigate,"camera_fps=23.1, frame_age=0.031s, frames=1601",365.0,0.7680869998694106,0.1630770002520876,1.8961209998451523,168.56681499984916,0.6020340001668956,172.00237399993057,5.932365750642527,5.813873243403045
ddim3cfg0tts0,history-doc/毕设冲刺/video/ddim3cfg0tts0,history-doc/毕设冲刺/video/ddim3cfg0tts0/logs/timing_profile.csv,ddim3_cfg0_tts0,directory_name_exact_pattern,1970-01-01T08:54:47.180,False,navigate,"camera_fps=22.0, frame_age=0.019s, frames=1622",370.0,1.3506649997907516,0.2346630003557948,2.092734999678214,166.62867600007303,0.5937459995948302,170.90643699975772,6.00136797581925,5.851154687645953
ddim3cfg0tts0,history-doc/毕设冲刺/video/ddim3cfg0tts0,history-doc/毕设冲刺/video/ddim3cfg0tts0/logs/timing_profile.csv,ddim3_cfg0_tts0,directory_name_exact_pattern,1970-01-01T08:54:48.057,False,navigate,"camera_fps=23.1, frame_age=0.013s, frames=1643",375.0,0.7400219997180102,0.1598769999873184,2.6730089998636686,159.80984599991643,0.5772340000476106,163.96635599994624,6.25743672890169,6.098812124606391
ddim3cfg0tts0,history-doc/毕设冲刺/video/ddim3cfg0tts0,history-doc/毕设冲刺/video/ddim3cfg0tts0/logs/timing_profile.csv,ddim3_cfg0_tts0,directory_name_exact_pattern,1970-01-01T08:54:48.922,False,navigate,"camera_fps=21.2, frame_age=0.040s, frames=1660",380.0,0.8338170000570244,0.1852540003710601,2.023196999743959,166.1214289997588,0.5818730001010408,169.75152200029697,6.019692980135947,5.8909633811604385
ddim3cfg0tts0,history-doc/毕设冲刺/video/ddim3cfg0tts0,history-doc/毕设冲刺/video/ddim3cfg0tts0/logs/timing_profile.csv,ddim3_cfg0_tts0,directory_name_exact_pattern,1970-01-01T08:54:49.778,False,navigate,"camera_fps=21.2, frame_age=0.016s, frames=1678",385.0,0.7708399998591631,0.17802100001063081,1.9240900001022965,163.9810760002547,0.5919219997849723,167.45167699991725,6.098264655846306,5.971872112098908
ddim3cfg0tts0,history-doc/毕设冲刺/video/ddim3cfg0tts0,history-doc/毕设冲刺/video/ddim3cfg0tts0/logs/timing_profile.csv,ddim3_cfg0_tts0,directory_name_exact_pattern,1970-01-01T08:54:50.641,False,navigate,"camera_fps=21.0, frame_age=0.039s, frames=1699",390.0,0.7613989996571036,0.18019700019067386,1.9417230000726704,158.87938600008056,0.6593159996555187,162.4273969996466,6.294082732667993,6.156596845556638
ddim3cfg0tts0,history-doc/毕设冲刺/video/ddim3cfg0tts0,history-doc/毕设冲刺/video/ddim3cfg0tts0/logs/timing_profile.csv,ddim3_cfg0_tts0,directory_name_exact_pattern,1970-01-01T08:54:51.501,False,navigate,"camera_fps=24.0, frame_age=0.018s, frames=1718",395.0,0.7644390002496948,0.17680599967206945,1.9320260003041767,158.0852510001023,0.6084659999032738,161.57319600006304,6.325700808099757,6.189145382750304
ddim3cfg0tts0,history-doc/毕设冲刺/video/ddim3cfg0tts0,history-doc/毕设冲刺/video/ddim3cfg0tts0/logs/timing_profile.csv,ddim3_cfg0_tts0,directory_name_exact_pattern,1970-01-01T08:54:52.366,False,navigate,"camera_fps=22.0, frame_age=0.005s, frames=1737",400.0,0.8121850000861741,0.1877169997896999,2.648176000093372,185.58038299988766,0.5785140001535183,189.81952000012825,5.388500572286271,5.268162094179378
ddim3cfg0tts0,history-doc/毕设冲刺/video/ddim3cfg0tts0,history-doc/毕设冲刺/video/ddim3cfg0tts0/logs/timing_profile.csv,ddim3_cfg0_tts0,directory_name_exact_pattern,1970-01-01T08:54:53.221,False,navigate,"camera_fps=23.2, frame_age=0.022s, frames=1758",405.0,0.7581669997307472,0.19299799987493316,2.0893430000796798,176.9304910003484,0.603825999860419,180.5805529997997,5.6519370649235965,5.537694859097642
ddim3cfg0tts0,history-doc/毕设冲刺/video/ddim3cfg0tts0,history-doc/毕设冲刺/video/ddim3cfg0tts0/logs/timing_profile.csv,ddim3_cfg0_tts0,directory_name_exact_pattern,1970-01-01T08:54:54.071,False,navigate,"camera_fps=25.0, frame_age=0.030s, frames=1779",410.0,0.7874479997553863,0.18346200022278936,1.943353999649844,170.40014899976086,0.5869300002814271,173.9078079999672,5.8685394694191455,5.750173103212184
ddim3cfg0tts0,history-doc/毕设冲刺/video/ddim3cfg0tts0,history-doc/毕设冲刺/video/ddim3cfg0tts0/logs/timing_profile.csv,ddim3_cfg0_tts0,directory_name_exact_pattern,1970-01-01T08:54:54.908,False,navigate,"camera_fps=25.0, frame_age=0.030s, frames=1800",415.0,0.8029040000110399,0.1826929997150728,1.9022020001102646,160.43962499998088,0.5938740000601683,163.9274099998147,6.232874204238007,6.100261085081076
ddim3cfg0tts0,history-doc/毕设冲刺/video/ddim3cfg0tts0,history-doc/毕设冲刺/video/ddim3cfg0tts0/logs/timing_profile.csv,ddim3_cfg0_tts0,directory_name_exact_pattern,1970-01-01T08:54:55.797,False,navigate,"camera_fps=25.0, frame_age=0.039s, frames=1822",420.0,0.7941039998513588,0.32775399995443877,2.303141000083997,166.37686000012764,0.637106999874959,170.44456699977673,6.01045121298258,5.867010123011489
ddim3cfg0tts0,history-doc/毕设冲刺/video/ddim3cfg0tts0,history-doc/毕设冲刺/video/ddim3cfg0tts0/logs/timing_profile.csv,ddim3_cfg0_tts0,directory_name_exact_pattern,1970-01-01T08:54:56.669,False,navigate,"camera_fps=24.9, frame_age=0.028s, frames=1844",425.0,0.7516059999943536,0.1799739998205041,1.994620000004943,164.28892500016445,0.6153150002319308,167.83556000018507,6.086837563755433,5.9582129079135395
ddim3cfg0tts0,history-doc/毕设冲刺/video/ddim3cfg0tts0,history-doc/毕设冲刺/video/ddim3cfg0tts0/logs/timing_profile.csv,ddim3_cfg0_tts0,directory_name_exact_pattern,1970-01-01T08:54:57.509,False,navigate,"camera_fps=24.2, frame_age=0.028s, frames=1864",430.0,0.7579429998259002,0.1798460002646607,2.472329999818612,163.92949099963516,0.5619050002678705,167.90983500004586,6.100183645432203,5.955577289440651
ddim3cfg0tts0,history-doc/毕设冲刺/video/ddim3cfg0tts0,history-doc/毕设冲刺/video/ddim3cfg0tts0/logs/timing_profile.csv,ddim3_cfg0_tts0,directory_name_exact_pattern,1970-01-01T08:54:58.369,False,navigate,"camera_fps=25.0, frame_age=0.010s, frames=1886",435.0,0.8021690000532544,0.18298099985258887,2.4109209998641745,178.01090700004352,0.5898419999539328,182.0021319999796,5.617633306029701,5.49444113105286
ddim3cfg0tts0,history-doc/毕设冲刺/video/ddim3cfg0tts0,history-doc/毕设冲刺/video/ddim3cfg0tts0/logs/timing_profile.csv,ddim3_cfg0_tts0,directory_name_exact_pattern,1970-01-01T08:54:59.218,False,navigate,"camera_fps=22.9, frame_age=0.020s, frames=1904",440.0,0.7673830000385351,0.1862780000010389,1.9083129996033676,164.19938699982595,0.6033459999343904,167.67017899974235,6.090156719044633,5.964089774136501
ddim3cfg0tts0,history-doc/毕设冲刺/video/ddim3cfg0tts0,history-doc/毕设冲刺/video/ddim3cfg0tts0/logs/timing_profile.csv,ddim3_cfg0_tts0,directory_name_exact_pattern,1970-01-01T08:55:00.071,False,navigate,"camera_fps=22.2, frame_age=0.033s, frames=1923",445.0,0.7846959997550584,0.1771890001691645,1.9333710001774307,163.64689000010912,0.5875059996469645,167.13662799975282,6.110718022196042,5.983128964415142
ddim3cfg0tts0,history-doc/毕设冲刺/video/ddim3cfg0tts0,history-doc/毕设冲刺/video/ddim3cfg0tts0/logs/timing_profile.csv,ddim3_cfg0_tts0,directory_name_exact_pattern,1970-01-01T08:55:00.921,False,navigate,"camera_fps=22.2, frame_age=0.001s, frames=1943",450.0,0.7358619996011839,0.18621400022311718,1.9652430000860477,158.86885700001585,0.5887219999749504,162.350786999923,6.294499871676551,6.159502017076605
ddim3cfg0tts0,history-doc/毕设冲刺/video/ddim3cfg0tts0,history-doc/毕设冲刺/video/ddim3cfg0tts0/logs/timing_profile.csv,ddim3_cfg0_tts0,directory_name_exact_pattern,1970-01-01T08:55:01.780,False,navigate,"camera_fps=21.1, frame_age=0.022s, frames=1957",455.0,3.7482729999283038,0.2754960000856954,2.8963439999643015,172.6772100000744,0.5874739999853773,180.28764800010322,5.7911521734661395,5.546691695703011
ddim3cfg0tts0,history-doc/毕设冲刺/video/ddim3cfg0tts0,history-doc/毕设冲刺/video/ddim3cfg0tts0/logs/timing_profile.csv,ddim3_cfg0_tts0,directory_name_exact_pattern,1970-01-01T08:55:02.640,False,navigate,"camera_fps=20.2, frame_age=0.002s, frames=1975",460.0,0.8079600002020015,0.1637809996282158,1.9776280000769475,168.6256970001523,0.5635369998344686,172.14337099994736,5.930294242158696,5.809111290148406
ddim3cfg0tts0,history-doc/毕设冲刺/video/ddim3cfg0tts0,history-doc/毕设冲刺/video/ddim3cfg0tts0/logs/timing_profile.csv,ddim3_cfg0_tts0,directory_name_exact_pattern,1970-01-01T08:55:03.504,False,navigate,"camera_fps=20.2, frame_age=0.023s, frames=1993",465.0,0.8014319996618724,0.2197830003751733,2.554124999733176,166.2257520001731,0.5969779999759339,170.40821399996275,6.015915031017328,5.868261725929588
ddim3cfg0tts0,history-doc/毕设冲刺/video/ddim3cfg0tts0,history-doc/毕设冲刺/video/ddim3cfg0tts0/logs/timing_profile.csv,ddim3_cfg0_tts0,directory_name_exact_pattern,1970-01-01T08:55:04.352,False,navigate,"camera_fps=20.0, frame_age=0.034s, frames=2011",470.0,0.8217519998652278,0.17181400016852422,2.131583999926079,167.24827899997763,0.5786729998362716,170.9597499998381,5.979134768855432,5.849330032366958
ddim3cfg0tts0,history-doc/毕设冲刺/video/ddim3cfg0tts0,history-doc/毕设冲刺/video/ddim3cfg0tts0/logs/timing_profile.csv,ddim3_cfg0_tts0,directory_name_exact_pattern,1970-01-01T08:55:05.182,False,navigate,"camera_fps=20.0, frame_age=0.060s, frames=2027",475.0,2.2848690000500937,0.2634960001159925,2.1321599997463636,160.8621340001264,0.5799860000479384,166.13256500022544,6.216503381704574,6.019289475237097
ddim3cfg0tts0,history-doc/毕设冲刺/video/ddim3cfg0tts0,history-doc/毕设冲刺/video/ddim3cfg0tts0/logs/timing_profile.csv,ddim3_cfg0_tts0,directory_name_exact_pattern,1970-01-01T08:55:06.048,False,navigate,"camera_fps=20.1, frame_age=0.013s, frames=2048",480.0,0.8995469997898908,0.27015200021196506,2.3421829996550514,157.64386099999683,0.5848490000062156,161.74798399970314,6.343412256313743,6.18245727255454
ddim3cfg0tts0,history-doc/毕设冲刺/video/ddim3cfg0tts0,history-doc/毕设冲刺/video/ddim3cfg0tts0/logs/timing_profile.csv,ddim3_cfg0_tts0,directory_name_exact_pattern,1970-01-01T08:55:06.917,False,navigate,"camera_fps=24.2, frame_age=0.003s, frames=2070",485.0,0.7769840003675199,0.18179699964093743,1.9926680001844943,187.08862199991927,0.6022580000717426,190.64770500017403,5.34506048155313,5.245276883868532
ddim3cfg0tts0,history-doc/毕设冲刺/video/ddim3cfg0tts0,history-doc/毕设冲刺/video/ddim3cfg0tts0/logs/timing_profile.csv,ddim3_cfg0_tts0,directory_name_exact_pattern,1970-01-01T08:55:07.756,False,navigate,"camera_fps=25.0, frame_age=0.040s, frames=2090",490.0,0.8430009997937304,0.6460039999183209,2.3559750002277724,164.43337800001245,0.6646279998676619,168.95018599961986,6.0814903407258605,5.918904404178933
ddim3cfg0tts0,history-doc/毕设冲刺/video/ddim3cfg0tts0,history-doc/毕设冲刺/video/ddim3cfg0tts0/logs/timing_profile.csv,ddim3_cfg0_tts0,directory_name_exact_pattern,1970-01-01T08:55:08.608,False,navigate,"camera_fps=24.9, frame_age=0.011s, frames=2112",495.0,0.7617830001436232,0.16358899983970332,1.9561230001272634,158.03996900012862,0.5816169996251119,161.50807299982262,6.327513263427596,6.191640959031802
ddim3cfg0tts0,history-doc/毕设冲刺/video/ddim3cfg0tts0,history-doc/毕设冲刺/video/ddim3cfg0tts0/logs/timing_profile.csv,ddim3_cfg0_tts0,directory_name_exact_pattern,1970-01-01T08:55:09.473,False,navigate,"camera_fps=25.0, frame_age=0.039s, frames=2133",500.0,0.7758639999337902,0.2038779998656537,2.011965000292548,169.73264099988228,0.6022269999448326,173.33268699985638,5.891618689894147,5.769252281889732
ddim3cfg0tts0,history-doc/毕设冲刺/video/ddim3cfg0tts0,history-doc/毕设冲刺/video/ddim3cfg0tts0/logs/timing_profile.csv,ddim3_cfg0_tts0,directory_name_exact_pattern,1970-01-01T08:55:10.332,False,navigate,"camera_fps=25.0, frame_age=0.017s, frames=2155",505.0,1.0195820000262756,0.2507919998606667,2.3157499999797437,155.16832999992403,0.5852980002600816,159.34599199999866,6.4446140523680935,6.275652041502295
ddim3cfg0tts0,history-doc/毕设冲刺/video/ddim3cfg0tts0,history-doc/毕设冲刺/video/ddim3cfg0tts0/logs/timing_profile.csv,ddim3_cfg0_tts0,directory_name_exact_pattern,1970-01-01T08:55:11.198,False,navigate,"camera_fps=25.0, frame_age=0.003s, frames=2177",510.0,0.7515109996347746,0.17821300025389064,1.9687639996845974,157.51547299987578,0.5855219997101813,161.00572299956184,6.3485826563895005,6.210959345853324
ddim3cfg0tts0,history-doc/毕设冲刺/video/ddim3cfg0tts0,history-doc/毕设冲刺/video/ddim3cfg0tts0/logs/timing_profile.csv,ddim3_cfg0_tts0,directory_name_exact_pattern,1970-01-01T08:55:12.087,False,navigate,"camera_fps=25.0, frame_age=0.010s, frames=2198",515.0,0.8595460003562039,0.19555799963200116,1.9694350003192085,161.01516299977447,0.6195070000103442,164.66535300014584,6.210595209603959,6.072922942078255
ddim3cfg0tts0,history-doc/毕设冲刺/video/ddim3cfg0tts0,history-doc/毕设冲刺/video/ddim3cfg0tts0/logs/timing_profile.csv,ddim3_cfg0_tts0,directory_name_exact_pattern,1970-01-01T08:55:12.941,False,navigate,"camera_fps=23.0, frame_age=0.026s, frames=2216",520.0,0.782615999924019,0.18131700016965624,1.9891160000042873,156.91091000007873,0.6156669996926212,160.48535499976424,6.373043149131557,6.231098158467288
ddim3cfg0tts0,history-doc/毕设冲刺/video/ddim3cfg0tts0,history-doc/毕设冲刺/video/ddim3cfg0tts0/logs/timing_profile.csv,ddim3_cfg0_tts0,directory_name_exact_pattern,1970-01-01T08:55:13.795,False,navigate,"camera_fps=21.9, frame_age=0.078s, frames=2231",525.0,0.805528000000777,0.1903100001072744,2.038110000285087,163.74180500042712,0.5935859999226523,167.37548300034177,6.107175867503058,5.974590675254142
ddim3cfg0tts0,history-doc/毕设冲刺/video/ddim3cfg0tts0,history-doc/毕设冲刺/video/ddim3cfg0tts0/logs/timing_profile.csv,ddim3_cfg0_tts0,directory_name_exact_pattern,1970-01-01T08:55:14.671,False,navigate,"camera_fps=14.4, frame_age=0.036s, frames=2246",530.0,0.974430000042048,0.20032600014019408,2.1020149997639237,167.5924500000292,0.5841770002916746,171.45979800034183,5.96685590550067,5.832270956005712
ddim3cfg0tts0,history-doc/毕设冲刺/video/ddim3cfg0tts0,history-doc/毕设冲刺/video/ddim3cfg0tts0/logs/timing_profile.csv,ddim3_cfg0_tts0,directory_name_exact_pattern,1970-01-01T08:55:15.522,False,navigate,"camera_fps=22.2, frame_age=0.006s, frames=2266",535.0,0.799639999968349,0.18157399972551502,2.005756000016845,167.64339500014103,0.6134899999779009,171.24974299986206,5.965042643040955,5.839424821798451
ddim3cfg0tts0,history-doc/毕设冲刺/video/ddim3cfg0tts0,history-doc/毕设冲刺/video/ddim3cfg0tts0/logs/timing_profile.csv,ddim3_cfg0_tts0,directory_name_exact_pattern,1970-01-01T08:55:16.366,False,navigate,"camera_fps=22.2, frame_age=0.011s, frames=2286",540.0,0.7677990001866419,0.18173399985244032,1.984731999982614,168.56838200010316,0.785016000008909,172.29323099991234,5.932310603772587,5.8040585471434385
ddim3cfg0tts0,history-doc/毕设冲刺/video/ddim3cfg0tts0,history-doc/毕设冲刺/video/ddim3cfg0tts0/logs/timing_profile.csv,ddim3_cfg0_tts0,directory_name_exact_pattern,1970-01-01T08:55:17.227,False,navigate,"camera_fps=23.1, frame_age=0.032s, frames=2306",545.0,0.769880000007106,0.1664050000727002,2.0161880001978716,165.67258300028698,0.6652999995822029,169.29544499998883,6.036001744466481,5.906833465011808
ddim3cfg0tts0,history-doc/毕设冲刺/video/ddim3cfg0tts0,history-doc/毕设冲刺/video/ddim3cfg0tts0/logs/timing_profile.csv,ddim3_cfg0_tts0,directory_name_exact_pattern,1970-01-01T08:55:18.093,False,navigate,"camera_fps=25.0, frame_age=0.018s, frames=2326",550.0,0.7862960001148167,0.1930299999912677,1.9256259997746383,180.20265400036806,0.6152179998935026,183.72906400009015,5.549307836487012,5.442797008967015
ddim3cfg0tts0,history-doc/毕设冲刺/video/ddim3cfg0tts0,history-doc/毕设冲刺/video/ddim3cfg0tts0/logs/timing_profile.csv,ddim3_cfg0_tts0,directory_name_exact_pattern,1970-01-01T08:55:18.949,False,navigate,"camera_fps=23.0, frame_age=0.038s, frames=2347",555.0,0.8040880002226913,0.186340999789536,4.437606000010419,160.1072949997615,0.6159859999570472,166.16040500002782,6.245811597788156,6.018280949663264
ddpm,history-doc/毕设冲刺/video/ddpm,history-doc/毕设冲刺/video/ddpm/logs/timing_profile.csv,ddpm_steps_unknown_cfg_unknown_tts_unknown,directory_name_partial,1970-01-01T08:49:01.138,False,navigate,"camera_fps=25.1, frame_age=0.016s, frames=528",5.0,0.7754789999125933,0.22560700017493218,2.99762600025133,315.65486900035467,0.6703559997731645,320.3368340000452,3.1680170281133107,3.121714064264801
ddpm,history-doc/毕设冲刺/video/ddpm,history-doc/毕设冲刺/video/ddpm/logs/timing_profile.csv,ddpm_steps_unknown_cfg_unknown_tts_unknown,directory_name_partial,1970-01-01T08:49:02.839,False,navigate,"camera_fps=24.0, frame_age=0.037s, frames=569",10.0,1.2720069998977124,0.2165820001209795,2.5128759998551686,346.5095920000749,0.6982290001360525,351.22128700004396,2.8859229963243953,2.8472078345293315
ddpm,history-doc/毕设冲刺/video/ddpm,history-doc/毕设冲刺/video/ddpm/logs/timing_profile.csv,ddpm_steps_unknown_cfg_unknown_tts_unknown,directory_name_partial,1970-01-01T08:49:05.226,False,navigate,"camera_fps=18.3, frame_age=0.026s, frames=622",15.0,0.8931470001698472,0.22752699987904634,2.1419210002022737,331.25799499975983,0.6948690001991054,335.22355500008416,3.018795063348509,2.9830839303632732
ddpm,history-doc/毕设冲刺/video/ddpm,history-doc/毕设冲刺/video/ddpm/logs/timing_profile.csv,ddpm_steps_unknown_cfg_unknown_tts_unknown,directory_name_partial,1970-01-01T08:49:06.980,False,navigate,"camera_fps=25.0, frame_age=0.019s, frames=666",20.0,0.8885709999049141,0.5556000000979111,2.808404999996128,362.6396139998178,0.6452040001931891,367.5501309999163,2.7575586378174957,2.7207172999218106
ddpm,history-doc/毕设冲刺/video/ddpm,history-doc/毕设冲刺/video/ddpm/logs/timing_profile.csv,ddpm_steps_unknown_cfg_unknown_tts_unknown,directory_name_partial,1970-01-01T08:49:08.680,False,navigate,"camera_fps=21.1, frame_age=0.039s, frames=702",25.0,0.7639269997525844,0.22707900006935233,2.1997150001880073,310.8971569999994,0.6854930002191395,314.78178699990167,3.2164977307914135,3.1768038727104386
ddpm,history-doc/毕设冲刺/video/ddpm,history-doc/毕设冲刺/video/ddpm/logs/timing_profile.csv,ddpm_steps_unknown_cfg_unknown_tts_unknown,directory_name_partial,1970-01-01T08:49:10.499,False,navigate,"camera_fps=21.1, frame_age=0.019s, frames=744",30.0,0.813337000181491,0.22291899995252606,2.1008949997849413,347.2106369999892,0.6411080003090319,350.9964800000489,2.8800960956735637,2.8490314204856433
ddpm,history-doc/毕设冲刺/video/ddpm,history-doc/毕设冲刺/video/ddpm/logs/timing_profile.csv,ddpm_steps_unknown_cfg_unknown_tts_unknown,directory_name_partial,1970-01-01T08:49:12.307,False,navigate,"camera_fps=24.1, frame_age=0.031s, frames=787",35.0,1.1744040002668044,0.22365399991031154,2.305414000147721,365.96547499993903,0.6327549999696203,370.30922200028726,2.7324981953561784,2.70044584522722
ddpm,history-doc/毕设冲刺/video/ddpm,history-doc/毕设冲刺/video/ddpm/logs/timing_profile.csv,ddpm_steps_unknown_cfg_unknown_tts_unknown,directory_name_partial,1970-01-01T08:49:14.060,False,navigate,"camera_fps=25.0, frame_age=0.023s, frames=831",40.0,0.8221680000133347,0.2133190000677132,2.2156830000312766,346.4953829998194,0.6829650001236587,350.43729400013035,2.88604134156824,2.8535775647201183
ddpm,history-doc/毕设冲刺/video/ddpm,history-doc/毕设冲刺/video/ddpm/logs/timing_profile.csv,ddpm_steps_unknown_cfg_unknown_tts_unknown,directory_name_partial,1970-01-01T08:49:15.817,False,navigate,"camera_fps=25.0, frame_age=0.021s, frames=875",45.0,0.8937550001064665,0.22010299971952918,2.414312999917456,350.0606429997788,0.6696840000586235,354.2654739999307,2.856647898006152,2.822741907951763
ddpm,history-doc/毕设冲刺/video/ddpm,history-doc/毕设冲刺/video/ddpm/logs/timing_profile.csv,ddpm_steps_unknown_cfg_unknown_tts_unknown,directory_name_partial,1970-01-01T08:49:17.551,False,navigate,"camera_fps=23.1, frame_age=0.034s, frames=915",50.0,0.7445669998560334,0.21690199992008274,2.137793000201782,348.77788399990095,0.6550600000991835,352.5394700000106,2.867154271743572,2.8365618181702317
pingpong-road,history-doc/毕设冲刺/video/pingpong-road,history-doc/毕设冲刺/video/pingpong-road/logs/timing_profile.csv,unknown,not_encoded_in_log,1970-01-01T08:37:51.054,False,navigate,"camera_fps=22.1, frame_age=0.011s, frames=233",20.0,0.7958320002217079,0.19879000001310487,2.4748900000304275,145.63684199993077,0.6335869998110866,149.75098200011416,6.866394425117206,6.677752537203647
pingpong-road,history-doc/毕设冲刺/video/pingpong-road,history-doc/毕设冲刺/video/pingpong-road/logs/timing_profile.csv,unknown,not_encoded_in_log,1970-01-01T08:37:52.141,False,navigate,"camera_fps=23.1, frame_age=0.022s, frames=259",25.0,0.7733999996162311,0.18653300003279583,2.012093000303139,150.6593620001695,0.6268990000535268,154.26619099980599,6.63748994236996,6.482301750752747
pingpong-road,history-doc/毕设冲刺/video/pingpong-road,history-doc/毕设冲刺/video/pingpong-road/logs/timing_profile.csv,unknown,not_encoded_in_log,1970-01-01T08:37:53.263,False,navigate,"camera_fps=25.0, frame_age=0.023s, frames=287",30.0,0.823447999664495,0.21034300016253837,2.222979000180203,149.3300420002015,0.6492039997283428,153.24347199975819,6.696576165154033,6.525563451091593
pingpong-road,history-doc/毕设冲刺/video/pingpong-road,history-doc/毕设冲刺/video/pingpong-road/logs/timing_profile.csv,unknown,not_encoded_in_log,1970-01-01T08:37:54.052,False,navigate,"camera_fps=25.0, frame_age=0.012s, frames=307",35.0,0.8255610000560409,0.23210300014397944,2.5552130000505713,148.20188000021517,0.5609449999610661,152.39330300028087,6.747552730090524,6.561968146317801
pingpong-road,history-doc/毕设冲刺/video/pingpong-road,history-doc/毕设冲刺/video/pingpong-road/logs/timing_profile.csv,unknown,not_encoded_in_log,1970-01-01T08:37:54.785,False,navigate,"camera_fps=25.0, frame_age=0.026s, frames=325",40.0,0.8611459998064674,0.1724529997773061,2.3114610003176495,153.9725500001623,0.5566250001720618,157.92994899993573,6.494664146297154,6.331921249467427
pingpong-road,history-doc/毕设冲刺/video/pingpong-road,history-doc/毕设冲刺/video/pingpong-road/logs/timing_profile.csv,unknown,not_encoded_in_log,1970-01-01T08:37:55.465,False,navigate,"camera_fps=25.0, frame_age=0.025s, frames=342",45.0,0.6280509996940964,0.16957300022113486,1.9232260001444956,129.820846000257,0.5539359999602311,133.1012959999498,7.702923149938649,7.513074853909591
pingpong-road,history-doc/毕设冲刺/video/pingpong-road,history-doc/毕设冲刺/video/pingpong-road/logs/timing_profile.csv,unknown,not_encoded_in_log,1970-01-01T08:37:56.142,False,navigate,"camera_fps=25.0, frame_age=0.023s, frames=359",50.0,0.6367870000758558,0.1858939999692666,1.9958999996561033,126.5846840001359,0.5807529996673111,129.98996999976953,7.899849874404445,7.692901229239248
pingpong-road,history-doc/毕设冲刺/video/pingpong-road,history-doc/毕设冲刺/video/pingpong-road/logs/timing_profile.csv,unknown,not_encoded_in_log,1970-01-01T08:37:56.815,False,navigate,"camera_fps=24.9, frame_age=0.016s, frames=376",55.0,1.3993379998282762,0.2374470000177098,2.298246000009385,125.49009100030162,0.5517599997801881,129.98574599987478,7.968756672569442,7.693151216756977
pingpong-road,history-doc/毕设冲刺/video/pingpong-road,history-doc/毕设冲刺/video/pingpong-road/logs/timing_profile.csv,unknown,not_encoded_in_log,1970-01-01T08:37:57.478,False,navigate,"camera_fps=25.1, frame_age=0.037s, frames=392",60.0,0.6784199999856355,0.21802300034323707,1.99004399974001,129.61706299984144,0.5853620000380033,133.09518400001252,7.715033629493853,7.5134198694966
pingpong-road,history-doc/毕设冲刺/video/pingpong-road,history-doc/毕设冲刺/video/pingpong-road/logs/timing_profile.csv,unknown,not_encoded_in_log,1970-01-01T08:37:58.174,False,navigate,"camera_fps=25.1, frame_age=0.011s, frames=405",65.0,0.7079890001477906,0.19543000007615774,1.9587789997785876,128.64151399980983,0.5702250000467757,132.07976100011365,7.773540351845348,7.571182688611463
pingpong-road,history-doc/毕设冲刺/video/pingpong-road,history-doc/毕设冲刺/video/pingpong-road/logs/timing_profile.csv,unknown,not_encoded_in_log,1970-01-01T08:37:58.881,False,navigate,"camera_fps=19.2, frame_age=0.040s, frames=421",70.0,0.6440520000978722,0.17888499996843166,1.9509069998093764,134.6858560000328,0.5856180000591849,138.05146200002127,7.424684593456914,7.243675550497581
pingpong-road,history-doc/毕设冲刺/video/pingpong-road,history-doc/毕设冲刺/video/pingpong-road/logs/timing_profile.csv,unknown,not_encoded_in_log,1970-01-01T08:37:59.609,False,navigate,"camera_fps=24.0, frame_age=0.009s, frames=439",75.0,0.797528000020975,0.17901399996844702,1.8828729998858762,138.48958700009462,0.5478879998008779,141.90252199978204,7.220759492909144,7.047091101041432
pingpong-road,history-doc/毕设冲刺/video/pingpong-road,history-doc/毕设冲刺/video/pingpong-road/logs/timing_profile.csv,unknown,not_encoded_in_log,1970-01-01T08:38:00.318,False,navigate,"camera_fps=24.0, frame_age=0.037s, frames=455",80.0,0.7537819997196493,0.21927100033281022,1.9015929997294734,137.45541099979164,0.6207230003383302,140.95622100012406,7.275086464231778,7.0944013176908305
pingpong-road,history-doc/毕设冲刺/video/pingpong-road,history-doc/毕设冲刺/video/pingpong-road/logs/timing_profile.csv,unknown,not_encoded_in_log,1970-01-01T08:38:01.022,False,navigate,"camera_fps=24.0, frame_age=0.023s, frames=469",85.0,0.7825189995855908,0.1933820003614528,1.9284099998913007,134.0889429998242,0.5674089998137788,137.5664549996145,7.457736466766772,7.269213995539845
pingpong-road,history-doc/毕设冲刺/video/pingpong-road,history-doc/毕设冲刺/video/pingpong-road/logs/timing_profile.csv,unknown,not_encoded_in_log,1970-01-01T08:38:01.749,False,navigate,"camera_fps=18.2, frame_age=0.030s, frames=483",90.0,0.6434759998228401,0.19178100001226994,1.9212739998692996,138.8029079998887,0.5431839999801014,142.1080959999017,7.20446001031046,7.036896757808167
pingpong-road,history-doc/毕设冲刺/video/pingpong-road,history-doc/毕设冲刺/video/pingpong-road/logs/timing_profile.csv,unknown,not_encoded_in_log,1970-01-01T08:38:02.449,False,navigate,"camera_fps=19.5, frame_age=0.009s, frames=496",95.0,0.7381339996754832,0.18890199999077595,1.9673230003718345,133.6360010000135,0.5659049998030241,137.10151299983409,7.483013503224322,7.2938655316021945
pingpong-road,history-doc/毕设冲刺/video/pingpong-road,history-doc/毕设冲刺/video/pingpong-road/logs/timing_profile.csv,unknown,not_encoded_in_log,1970-01-01T08:38:03.152,False,navigate,"camera_fps=19.5, frame_age=0.033s, frames=510",100.0,1.215939999838156,0.19824600030915462,1.942491000136215,136.84131299987712,0.5462889998852916,140.74949499990907,7.307734616671634,7.104821228670454
pingpong-road,history-doc/毕设冲刺/video/pingpong-road,history-doc/毕设冲刺/video/pingpong-road/logs/timing_profile.csv,unknown,not_encoded_in_log,1970-01-01T08:38:03.873,False,navigate,"camera_fps=22.1, frame_age=0.028s, frames=525",105.0,0.7589349997942918,0.20643900006689364,2.065086000129668,138.4714740001982,0.5454570000438252,142.05407899999045,7.221704016803985,7.03957258418512
pingpong-road,history-doc/毕设冲刺/video/pingpong-road,history-doc/毕设冲刺/video/pingpong-road/logs/timing_profile.csv,unknown,not_encoded_in_log,1970-01-01T08:38:04.572,False,navigate,"camera_fps=20.2, frame_age=0.012s, frames=541",110.0,0.6941329997971479,0.1818290002120193,1.9227779998800543,135.01687399957518,0.5604330003734503,138.38187200008178,7.40648165208703,7.226380056481741
pingpong-road,history-doc/毕设冲刺/video/pingpong-road,history-doc/毕设冲刺/video/pingpong-road/logs/timing_profile.csv,unknown,not_encoded_in_log,1970-01-01T08:38:05.318,False,navigate,"camera_fps=20.2, frame_age=0.001s, frames=558",115.0,0.6384200000866258,0.16822899988255813,1.9415300002947333,150.03924800021196,0.6679559996882745,153.46069499992154,6.66492276739875,6.516326542118888
pingpong-road,history-doc/毕设冲刺/video/pingpong-road,history-doc/毕设冲刺/video/pingpong-road/logs/timing_profile.csv,unknown,not_encoded_in_log,1970-01-01T08:38:06.066,False,navigate,"camera_fps=23.1, frame_age=0.029s, frames=576",120.0,0.7998959999895305,0.2109830002154922,2.051741999821388,141.15558699995745,0.6471560000136378,144.87195600031555,7.084381293390119,6.902647190031878
pingpong-road,history-doc/毕设冲刺/video/pingpong-road,history-doc/毕设冲刺/video/pingpong-road/logs/timing_profile.csv,unknown,not_encoded_in_log,1970-01-01T08:38:06.768,False,navigate,"camera_fps=25.0, frame_age=0.013s, frames=594",125.0,0.6783560002077138,0.19395799972699024,1.9848280003316177,134.31102899994585,0.5867699996997544,137.75993299987022,7.4454049488400775,7.2590046918862985
pingpong-road,history-doc/毕设冲刺/video/pingpong-road,history-doc/毕设冲刺/video/pingpong-road/logs/timing_profile.csv,unknown,not_encoded_in_log,1970-01-01T08:38:07.477,False,navigate,"camera_fps=25.0, frame_age=0.039s, frames=611",130.0,0.7421659997817187,0.19507800016071997,2.04124599986244,136.00020000012591,0.5446240002129343,139.52990600000703,7.352930363330893,7.166922337064784
pingpong-road,history-doc/毕设冲刺/video/pingpong-road,history-doc/毕设冲刺/video/pingpong-road/logs/timing_profile.csv,unknown,not_encoded_in_log,1970-01-01T08:38:08.205,False,navigate,"camera_fps=24.9, frame_age=0.009s, frames=630",135.0,1.3183119999666815,0.22375100024873973,2.64071999981752,139.31985199997143,0.6377470003826602,144.1473580002821,7.177727980935589,6.937345324067909
pingpong-road,history-doc/毕设冲刺/video/pingpong-road,history-doc/毕设冲刺/video/pingpong-road/logs/timing_profile.csv,unknown,not_encoded_in_log,1970-01-01T08:38:08.921,False,navigate,"camera_fps=25.1, frame_age=0.005s, frames=648",140.0,0.6461319999289117,0.1789809998626879,1.9705550002981909,138.40663999963,0.5652009999721486,141.773013999682,7.225086888914241,7.053528536835953
pingpong-road,history-doc/毕设冲刺/video/pingpong-road,history-doc/毕设冲刺/video/pingpong-road/logs/timing_profile.csv,unknown,not_encoded_in_log,1970-01-01T08:38:09.643,False,navigate,"camera_fps=25.0, frame_age=0.008s, frames=666",145.0,0.7014930001787434,0.18618200010678265,1.924729999700503,144.81665800030896,0.5576489998020406,148.19231199999194,6.905282954381302,6.747988384175114
pingpong-road,history-doc/毕设冲刺/video/pingpong-road,history-doc/毕设冲刺/video/pingpong-road/logs/timing_profile.csv,unknown,not_encoded_in_log,1970-01-01T08:38:10.391,False,navigate,"camera_fps=25.0, frame_age=0.033s, frames=684",150.0,0.795351999840932,0.20957400010956917,2.5153399997179804,151.53839699996752,0.5513119999704941,155.61618299989277,6.598987582006786,6.426066882778438
pingpong-road,history-doc/毕设冲刺/video/pingpong-road,history-doc/毕设冲刺/video/pingpong-road/logs/timing_profile.csv,unknown,not_encoded_in_log,1970-01-01T08:38:11.108,False,navigate,"camera_fps=25.0, frame_age=0.030s, frames=701",155.0,0.6495880002148624,0.20883799970761174,2.0499500001278648,143.36928600005194,0.5579049998232222,146.84193499988396,6.974994630297857,6.810043738532799
pingpong-road,history-doc/毕设冲刺/video/pingpong-road,history-doc/毕设冲刺/video/pingpong-road/logs/timing_profile.csv,unknown,not_encoded_in_log,1970-01-01T08:38:11.814,False,navigate,"camera_fps=21.1, frame_age=0.019s, frames=716",160.0,1.4726199997312506,0.26336800010540173,2.1094080002512783,135.3650450000714,0.5765289997725631,139.79416999973182,7.387431518967637,7.153374135716235
pingpong-road,history-doc/毕设冲刺/video/pingpong-road,history-doc/毕设冲刺/video/pingpong-road/logs/timing_profile.csv,unknown,not_encoded_in_log,1970-01-01T08:38:12.529,False,navigate,"camera_fps=21.1, frame_age=0.013s, frames=733",165.0,0.6591549999939161,0.19360600026629982,1.9683159998749034,134.96205599994937,0.5445930000860244,138.3332620002875,7.409489968057208,7.228919390319312
pingpong-road,history-doc/毕设冲刺/video/pingpong-road,history-doc/毕设冲刺/video/pingpong-road/logs/timing_profile.csv,unknown,not_encoded_in_log,1970-01-01T08:38:13.259,False,navigate,"camera_fps=23.0, frame_age=0.022s, frames=747",170.0,0.6847889999335166,0.18502900002204115,1.961307999863493,142.97426600023755,0.5574889996751153,146.36924899969017,6.994265667349805,6.8320361471699345
pingpong-road,history-doc/毕设冲刺/video/pingpong-road,history-doc/毕设冲刺/video/pingpong-road/logs/timing_profile.csv,unknown,not_encoded_in_log,1970-01-01T08:38:13.973,False,navigate,"camera_fps=20.2, frame_age=0.017s, frames=763",175.0,0.8003440002539719,0.21165399994060863,2.0917110000482353,145.81534399985685,0.7669669998904283,149.69264499995916,6.8579888273005185,6.680354936612102
pingpong-road,history-doc/毕设冲刺/video/pingpong-road,history-doc/毕设冲刺/video/pingpong-road/logs/timing_profile.csv,unknown,not_encoded_in_log,1970-01-01T08:38:14.685,False,navigate,"camera_fps=20.2, frame_age=0.009s, frames=778",180.0,1.0838090001925593,0.20832600011999602,2.4294179997923493,137.12672999963615,0.5557600002248364,141.41149900024175,7.292524221956239,7.071560708074316
pingpong-road,history-doc/毕设冲刺/video/pingpong-road,history-doc/毕设冲刺/video/pingpong-road/logs/timing_profile.csv,unknown,not_encoded_in_log,1970-01-01T08:38:15.403,False,navigate,"camera_fps=22.2, frame_age=0.008s, frames=794",185.0,0.6613959999413055,0.19258199972682633,1.9908120002583019,139.01456299981874,0.5555679999815766,142.42103299966402,7.193490943832294,7.021434818566153
pingpong-road,history-doc/毕设冲刺/video/pingpong-road,history-doc/毕设冲刺/video/pingpong-road/logs/timing_profile.csv,unknown,not_encoded_in_log,1970-01-01T08:38:16.117,False,navigate,"camera_fps=23.0, frame_age=0.041s, frames=810",190.0,0.675796999985323,0.186116999884689,2.0280929998079955,136.51496700003918,0.5626730003314151,139.9730240000281,7.325204129446942,7.1442337346358915
pingpong-road,history-doc/毕设冲刺/video/pingpong-road,history-doc/毕设冲刺/video/pingpong-road/logs/timing_profile.csv,unknown,not_encoded_in_log,1970-01-01T08:38:16.852,False,navigate,"camera_fps=24.0, frame_age=0.016s, frames=829",195.0,1.1716199996953947,0.1812210002754,2.247907999844756,140.1498929999434,0.5599529999926744,144.31635499977347,7.135217720076346,6.929221570220296
pingpong-road,history-doc/毕设冲刺/video/pingpong-road,history-doc/毕设冲刺/video/pingpong-road/logs/timing_profile.csv,unknown,not_encoded_in_log,1970-01-01T08:38:17.585,False,navigate,"camera_fps=24.0, frame_age=0.029s, frames=845",200.0,0.8113210001283733,0.17862899994725012,2.012252999975317,149.34537099998124,0.6003379999128811,152.95530399998825,6.695888820016561,6.537857621466182
pingpong-road,history-doc/毕设冲刺/video/pingpong-road,history-doc/毕设冲刺/video/pingpong-road/logs/timing_profile.csv,unknown,not_encoded_in_log,1970-01-01T08:38:18.327,False,navigate,"camera_fps=22.0, frame_age=0.014s, frames=861",205.0,0.677396999890334,0.2016059997913544,1.9336899999871093,139.84882799968545,0.6733330001225113,143.34109399987938,7.150578337361892,6.97636645636904
pingpong-road,history-doc/毕设冲刺/video/pingpong-road,history-doc/毕设冲刺/video/pingpong-road/logs/timing_profile.csv,unknown,not_encoded_in_log,1970-01-01T08:38:19.066,False,navigate,"camera_fps=22.2, frame_age=0.035s, frames=878",210.0,0.6589640001948283,0.19629400003395858,1.9290499999442545,137.00266199975886,0.5518890002349508,140.3446190001887,7.299128246148678,7.125317715235349
pingpong-road,history-doc/毕设冲刺/video/pingpong-road,history-doc/毕设冲刺/video/pingpong-road/logs/timing_profile.csv,unknown,not_encoded_in_log,1970-01-01T08:38:19.800,False,navigate,"camera_fps=22.2, frame_age=0.008s, frames=897",215.0,0.6656840000687225,0.1893819999168045,1.9428099999458937,144.23491199977434,0.5728810001528473,147.61181399990164,6.93313419154417,6.774525513253745
pingpong-road,history-doc/毕设冲刺/video/pingpong-road,history-doc/毕设冲刺/video/pingpong-road/logs/timing_profile.csv,unknown,not_encoded_in_log,1970-01-01T08:38:20.523,False,navigate,"camera_fps=25.1, frame_age=0.010s, frames=915",220.0,0.6673479997516552,0.18045400020128,1.9338819997756218,135.13339000019187,0.5471199997373333,138.46744199963723,7.4000955648236175,7.221914303888274
pingpong-road,history-doc/毕设冲刺/video/pingpong-road,history-doc/毕设冲刺/video/pingpong-road/logs/timing_profile.csv,unknown,not_encoded_in_log,1970-01-01T08:38:21.267,False,navigate,"camera_fps=24.9, frame_age=0.027s, frames=933",225.0,1.1864040002365073,0.22234299967749394,1.987772000120458,145.19935699991038,0.5648820001624699,149.16591000019253,6.887082840185148,6.703944621118253
pingpong-road,history-doc/毕设冲刺/video/pingpong-road,history-doc/毕设冲刺/video/pingpong-road/logs/timing_profile.csv,unknown,not_encoded_in_log,1970-01-01T08:38:22.005,False,navigate,"camera_fps=24.0, frame_age=0.013s, frames=951",230.0,1.2148529999649327,0.19050199989578687,1.941658000305324,141.64744300023813,0.5896489997212484,145.589672999904,7.059781516834857,6.868619040037678
pingpong-road,history-doc/毕设冲刺/video/pingpong-road,history-doc/毕设冲刺/video/pingpong-road/logs/timing_profile.csv,unknown,not_encoded_in_log,1970-01-01T08:38:22.746,False,navigate,"camera_fps=24.0, frame_age=0.031s, frames=969",235.0,0.8328250000886328,0.20189399992887047,1.984443999845098,145.61639400017157,0.5533290000130364,149.19413400002668,6.8673586299549605,6.702676393428586
pingpong-road,history-doc/毕设冲刺/video/pingpong-road,history-doc/毕设冲刺/video/pingpong-road/logs/timing_profile.csv,unknown,not_encoded_in_log,1970-01-01T08:38:23.465,False,navigate,"camera_fps=25.0, frame_age=0.032s, frames=987",240.0,0.7910639997135149,0.1883570002974011,1.9036419998883503,139.6845670001312,0.5993139998281549,143.17257599986988,7.158987005336535,6.984577828654203
pingpong-road,history-doc/毕设冲刺/video/pingpong-road,history-doc/毕设冲刺/video/pingpong-road/logs/timing_profile.csv,unknown,not_encoded_in_log,1970-01-01T08:38:24.177,False,navigate,"camera_fps=24.1, frame_age=0.025s, frames=1004",245.0,0.8538170000065293,0.20150999989709817,2.2263720002229093,131.28920999997717,0.5829290003021015,135.1617420000366,7.616772162770832,7.39854329488983
pingpong-road,history-doc/毕设冲刺/video/pingpong-road,history-doc/毕设冲刺/video/pingpong-road/logs/timing_profile.csv,unknown,not_encoded_in_log,1970-01-01T08:38:24.885,False,navigate,"camera_fps=24.1, frame_age=0.013s, frames=1022",250.0,0.7879919999140839,0.18957300017063972,1.9196419998479541,135.24116900043737,0.5914419998589437,138.7354180001239,7.394198137970591,7.207964731825776
pingpong-road,history-doc/毕设冲刺/video/pingpong-road,history-doc/毕设冲刺/video/pingpong-road/logs/timing_profile.csv,unknown,not_encoded_in_log,1970-01-01T08:38:25.590,False,navigate,"camera_fps=25.0, frame_age=0.036s, frames=1038",255.0,0.8322170001520135,0.2499910001461103,2.2986619997027447,133.34210400034863,0.6035379997229029,137.3336480000944,7.4995066824308205,7.281536714143883
pingpong-road,history-doc/毕设冲刺/video/pingpong-road,history-doc/毕设冲刺/video/pingpong-road/logs/timing_profile.csv,unknown,not_encoded_in_log,1970-01-01T08:38:26.277,False,navigate,"camera_fps=24.0, frame_age=0.039s, frames=1054",260.0,0.7642150003448478,0.1689649998297682,1.9514830000844086,133.45970699992904,0.5772980002802797,136.92723600024692,7.4928982123460806,7.303148951302841
pingpong-road,history-doc/毕设冲刺/video/pingpong-road,history-doc/毕设冲刺/video/pingpong-road/logs/timing_profile.csv,unknown,not_encoded_in_log,1970-01-01T08:38:26.971,False,navigate,"camera_fps=24.0, frame_age=0.019s, frames=1071",265.0,0.8548419996259327,0.20605400004569674,2.030813000146736,141.02582399982566,0.7484060001843318,144.8719869999877,7.090899890797562,6.902645713005129
pingpong-road,history-doc/毕设冲刺/video/pingpong-road,history-doc/毕设冲刺/video/pingpong-road/logs/timing_profile.csv,unknown,not_encoded_in_log,1970-01-01T08:38:27.694,False,navigate,"camera_fps=23.1, frame_age=0.022s, frames=1089",270.0,1.3937380003881117,0.22579899996344466,1.9856280000567494,137.46248400002514,0.5447200001071906,141.61768100029803,7.274712131637437,7.0612651819789045
